ISO-10303-21;
HEADER;
/* Generated by software containing ST-Developer
 * from STEP Tools, Inc. (www.steptools.com) 
 */

FILE_DESCRIPTION(
/* description */ (''),
/* implementation_level */ '2;1');

FILE_NAME(
/* name */ 'back2_V2 v4.step',
/* time_stamp */ '2025-11-01T16:13:04+08:00',
/* author */ (''),
/* organization */ (''),
/* preprocessor_version */ 'ST-DEVELOPER v20.1',
/* originating_system */ 'Autodesk Translation Framework v14.17.0.0',
/* authorisation */ '');

FILE_SCHEMA (('AUTOMOTIVE_DESIGN { 1 0 10303 214 3 1 1 }'));
ENDSEC;

DATA;
#10=MECHANICAL_DESIGN_GEOMETRIC_PRESENTATION_REPRESENTATION('',(#13),#2934);
#11=SHAPE_REPRESENTATION_RELATIONSHIP('SRR','None',#2941,#12);
#12=ADVANCED_BREP_SHAPE_REPRESENTATION('',(#14),#2933);
#13=STYLED_ITEM('',(#2951),#14);
#14=MANIFOLD_SOLID_BREP('Body1',#1748);
#15=CIRCLE('',#1803,4.49999999999999);
#16=CIRCLE('',#1805,2.74999999999999);
#17=CIRCLE('',#1807,4.5);
#18=CIRCLE('',#1809,2.75);
#19=CIRCLE('',#1811,4.49999999999999);
#20=CIRCLE('',#1813,2.75);
#21=CIRCLE('',#1815,4.5);
#22=CIRCLE('',#1817,2.75);
#23=CIRCLE('',#1819,4.49999999999999);
#24=CIRCLE('',#1821,2.75);
#25=CIRCLE('',#1823,4.5);
#26=CIRCLE('',#1825,2.75);
#27=CIRCLE('',#1827,4.49999999999999);
#28=CIRCLE('',#1829,2.74999999999999);
#29=CIRCLE('',#1831,4.5);
#30=CIRCLE('',#1833,2.75);
#31=CIRCLE('',#1835,2.75);
#32=CIRCLE('',#1837,2.75);
#33=CIRCLE('',#1839,2.75);
#34=CIRCLE('',#1841,2.75);
#35=CIRCLE('',#1843,2.74999999999999);
#36=CIRCLE('',#1845,2.74999999999999);
#37=CIRCLE('',#1847,2.75);
#38=CIRCLE('',#1849,2.75);
#39=CIRCLE('',#1851,4.5);
#40=CIRCLE('',#1853,2.75);
#41=CIRCLE('',#1855,4.49999999999999);
#42=CIRCLE('',#1857,2.74999999999999);
#43=CIRCLE('',#1859,4.5);
#44=CIRCLE('',#1861,2.75);
#45=CIRCLE('',#1863,4.5);
#46=CIRCLE('',#1865,2.75);
#47=CIRCLE('',#1867,4.5);
#48=CIRCLE('',#1869,2.75);
#49=CIRCLE('',#1871,4.5);
#50=CIRCLE('',#1873,2.75);
#51=CIRCLE('',#1875,4.5);
#52=CIRCLE('',#1877,2.75);
#53=CIRCLE('',#1879,4.5);
#54=CIRCLE('',#1881,2.75);
#55=CIRCLE('',#1883,4.5);
#56=CIRCLE('',#1885,2.75);
#57=CIRCLE('',#1887,4.5);
#58=CIRCLE('',#1889,2.75);
#59=CIRCLE('',#1891,4.5);
#60=CIRCLE('',#1893,2.75);
#61=CIRCLE('',#1895,4.49999999999999);
#62=CIRCLE('',#1897,2.74999999999999);
#63=CIRCLE('',#1899,2.75);
#64=CIRCLE('',#1901,2.75);
#65=CIRCLE('',#1903,2.74999999999999);
#66=CIRCLE('',#1905,2.74999999999999);
#67=CIRCLE('',#1907,2.75);
#68=CIRCLE('',#1909,2.75);
#69=CIRCLE('',#1911,2.75);
#70=CIRCLE('',#1913,2.75);
#71=CIRCLE('',#1915,2.75);
#72=CIRCLE('',#1917,2.75);
#73=CIRCLE('',#1919,2.75);
#74=CIRCLE('',#1921,2.75);
#75=CYLINDRICAL_SURFACE('',#1802,4.49999999999999);
#76=CYLINDRICAL_SURFACE('',#1806,4.5);
#77=CYLINDRICAL_SURFACE('',#1810,4.49999999999999);
#78=CYLINDRICAL_SURFACE('',#1814,4.5);
#79=CYLINDRICAL_SURFACE('',#1818,4.49999999999999);
#80=CYLINDRICAL_SURFACE('',#1822,4.5);
#81=CYLINDRICAL_SURFACE('',#1826,4.49999999999999);
#82=CYLINDRICAL_SURFACE('',#1830,4.5);
#83=CYLINDRICAL_SURFACE('',#1834,2.75);
#84=CYLINDRICAL_SURFACE('',#1836,2.75);
#85=CYLINDRICAL_SURFACE('',#1838,2.75);
#86=CYLINDRICAL_SURFACE('',#1840,2.75);
#87=CYLINDRICAL_SURFACE('',#1842,2.74999999999999);
#88=CYLINDRICAL_SURFACE('',#1844,2.74999999999999);
#89=CYLINDRICAL_SURFACE('',#1846,2.75);
#90=CYLINDRICAL_SURFACE('',#1848,2.75);
#91=CYLINDRICAL_SURFACE('',#1850,4.5);
#92=CYLINDRICAL_SURFACE('',#1854,4.49999999999999);
#93=CYLINDRICAL_SURFACE('',#1858,4.5);
#94=CYLINDRICAL_SURFACE('',#1862,4.5);
#95=CYLINDRICAL_SURFACE('',#1866,4.5);
#96=CYLINDRICAL_SURFACE('',#1870,4.5);
#97=CYLINDRICAL_SURFACE('',#1874,4.5);
#98=CYLINDRICAL_SURFACE('',#1878,4.5);
#99=CYLINDRICAL_SURFACE('',#1882,4.5);
#100=CYLINDRICAL_SURFACE('',#1886,4.5);
#101=CYLINDRICAL_SURFACE('',#1890,4.5);
#102=CYLINDRICAL_SURFACE('',#1894,4.49999999999999);
#103=CYLINDRICAL_SURFACE('',#1898,2.75);
#104=CYLINDRICAL_SURFACE('',#1900,2.75);
#105=CYLINDRICAL_SURFACE('',#1902,2.74999999999999);
#106=CYLINDRICAL_SURFACE('',#1904,2.74999999999999);
#107=CYLINDRICAL_SURFACE('',#1906,2.75);
#108=CYLINDRICAL_SURFACE('',#1908,2.75);
#109=CYLINDRICAL_SURFACE('',#1910,2.75);
#110=CYLINDRICAL_SURFACE('',#1912,2.75);
#111=CYLINDRICAL_SURFACE('',#1914,2.75);
#112=CYLINDRICAL_SURFACE('',#1916,2.75);
#113=CYLINDRICAL_SURFACE('',#1918,2.75);
#114=CYLINDRICAL_SURFACE('',#1920,2.75);
#115=FACE_BOUND('',#310,.T.);
#116=FACE_BOUND('',#311,.T.);
#117=FACE_BOUND('',#312,.T.);
#118=FACE_BOUND('',#313,.T.);
#119=FACE_BOUND('',#314,.T.);
#120=FACE_BOUND('',#315,.T.);
#121=FACE_BOUND('',#316,.T.);
#122=FACE_BOUND('',#317,.T.);
#123=FACE_BOUND('',#318,.T.);
#124=FACE_BOUND('',#319,.T.);
#125=FACE_BOUND('',#321,.T.);
#126=FACE_BOUND('',#322,.T.);
#127=FACE_BOUND('',#323,.T.);
#128=FACE_BOUND('',#324,.T.);
#129=FACE_BOUND('',#325,.T.);
#130=FACE_BOUND('',#326,.T.);
#131=FACE_BOUND('',#327,.T.);
#132=FACE_BOUND('',#328,.T.);
#133=FACE_BOUND('',#329,.T.);
#134=FACE_BOUND('',#330,.T.);
#135=FACE_BOUND('',#336,.T.);
#136=FACE_BOUND('',#339,.T.);
#137=FACE_BOUND('',#342,.T.);
#138=FACE_BOUND('',#345,.T.);
#139=FACE_BOUND('',#348,.T.);
#140=FACE_BOUND('',#351,.T.);
#141=FACE_BOUND('',#354,.T.);
#142=FACE_BOUND('',#357,.T.);
#143=FACE_BOUND('',#368,.T.);
#144=FACE_BOUND('',#371,.T.);
#145=FACE_BOUND('',#374,.T.);
#146=FACE_BOUND('',#377,.T.);
#147=FACE_BOUND('',#380,.T.);
#148=FACE_BOUND('',#383,.T.);
#149=FACE_BOUND('',#386,.T.);
#150=FACE_BOUND('',#389,.T.);
#151=FACE_BOUND('',#392,.T.);
#152=FACE_BOUND('',#395,.T.);
#153=FACE_BOUND('',#398,.T.);
#154=FACE_BOUND('',#401,.T.);
#155=FACE_BOUND('',#416,.T.);
#156=FACE_BOUND('',#417,.T.);
#157=FACE_BOUND('',#418,.T.);
#158=FACE_BOUND('',#419,.T.);
#159=FACE_BOUND('',#420,.T.);
#160=FACE_BOUND('',#421,.T.);
#161=FACE_BOUND('',#422,.T.);
#162=FACE_BOUND('',#423,.T.);
#163=FACE_BOUND('',#424,.T.);
#164=FACE_BOUND('',#425,.T.);
#165=FACE_BOUND('',#429,.T.);
#166=FACE_BOUND('',#430,.T.);
#167=FACE_BOUND('',#431,.T.);
#168=FACE_BOUND('',#432,.T.);
#169=FACE_BOUND('',#433,.T.);
#170=FACE_BOUND('',#434,.T.);
#171=FACE_BOUND('',#435,.T.);
#172=FACE_BOUND('',#436,.T.);
#173=FACE_BOUND('',#437,.T.);
#174=FACE_BOUND('',#438,.T.);
#175=ELLIPSE('',#1778,4.63191538083128,4.49999999999999);
#176=ELLIPSE('',#1779,4.63191538083129,4.5);
#177=ELLIPSE('',#1780,4.63191538083129,4.5);
#178=ELLIPSE('',#1781,4.63191538083129,4.5);
#179=ELLIPSE('',#1782,4.63191538083129,4.5);
#180=ELLIPSE('',#1783,4.63191538083129,4.5);
#181=ELLIPSE('',#1784,4.63191538083129,4.5);
#182=ELLIPSE('',#1785,4.63191538083128,4.49999999999999);
#183=ELLIPSE('',#1786,4.63191538083129,4.5);
#184=ELLIPSE('',#1787,4.63191538083128,4.49999999999999);
#185=ELLIPSE('',#1789,4.63191538083129,4.5);
#186=ELLIPSE('',#1790,4.63191538083129,4.5);
#187=ELLIPSE('',#1791,4.63191538083128,4.5);
#188=ELLIPSE('',#1792,4.63191538083129,4.5);
#189=ELLIPSE('',#1793,4.63191538083128,4.49999999999999);
#190=ELLIPSE('',#1794,4.63191538083129,4.5);
#191=ELLIPSE('',#1795,4.63191538083129,4.5);
#192=ELLIPSE('',#1796,4.63191538083128,4.49999999999999);
#193=ELLIPSE('',#1797,4.63191538083129,4.5);
#194=ELLIPSE('',#1798,4.63191538083128,4.49999999999999);
#195=FACE_OUTER_BOUND('',#294,.T.);
#196=FACE_OUTER_BOUND('',#295,.T.);
#197=FACE_OUTER_BOUND('',#296,.T.);
#198=FACE_OUTER_BOUND('',#297,.T.);
#199=FACE_OUTER_BOUND('',#298,.T.);
#200=FACE_OUTER_BOUND('',#299,.T.);
#201=FACE_OUTER_BOUND('',#300,.T.);
#202=FACE_OUTER_BOUND('',#301,.T.);
#203=FACE_OUTER_BOUND('',#302,.T.);
#204=FACE_OUTER_BOUND('',#303,.T.);
#205=FACE_OUTER_BOUND('',#304,.T.);
#206=FACE_OUTER_BOUND('',#305,.T.);
#207=FACE_OUTER_BOUND('',#306,.T.);
#208=FACE_OUTER_BOUND('',#307,.T.);
#209=FACE_OUTER_BOUND('',#308,.T.);
#210=FACE_OUTER_BOUND('',#309,.T.);
#211=FACE_OUTER_BOUND('',#320,.T.);
#212=FACE_OUTER_BOUND('',#331,.T.);
#213=FACE_OUTER_BOUND('',#332,.T.);
#214=FACE_OUTER_BOUND('',#333,.T.);
#215=FACE_OUTER_BOUND('',#334,.T.);
#216=FACE_OUTER_BOUND('',#335,.T.);
#217=FACE_OUTER_BOUND('',#337,.T.);
#218=FACE_OUTER_BOUND('',#338,.T.);
#219=FACE_OUTER_BOUND('',#340,.T.);
#220=FACE_OUTER_BOUND('',#341,.T.);
#221=FACE_OUTER_BOUND('',#343,.T.);
#222=FACE_OUTER_BOUND('',#344,.T.);
#223=FACE_OUTER_BOUND('',#346,.T.);
#224=FACE_OUTER_BOUND('',#347,.T.);
#225=FACE_OUTER_BOUND('',#349,.T.);
#226=FACE_OUTER_BOUND('',#350,.T.);
#227=FACE_OUTER_BOUND('',#352,.T.);
#228=FACE_OUTER_BOUND('',#353,.T.);
#229=FACE_OUTER_BOUND('',#355,.T.);
#230=FACE_OUTER_BOUND('',#356,.T.);
#231=FACE_OUTER_BOUND('',#358,.T.);
#232=FACE_OUTER_BOUND('',#359,.T.);
#233=FACE_OUTER_BOUND('',#360,.T.);
#234=FACE_OUTER_BOUND('',#361,.T.);
#235=FACE_OUTER_BOUND('',#362,.T.);
#236=FACE_OUTER_BOUND('',#363,.T.);
#237=FACE_OUTER_BOUND('',#364,.T.);
#238=FACE_OUTER_BOUND('',#365,.T.);
#239=FACE_OUTER_BOUND('',#366,.T.);
#240=FACE_OUTER_BOUND('',#367,.T.);
#241=FACE_OUTER_BOUND('',#369,.T.);
#242=FACE_OUTER_BOUND('',#370,.T.);
#243=FACE_OUTER_BOUND('',#372,.T.);
#244=FACE_OUTER_BOUND('',#373,.T.);
#245=FACE_OUTER_BOUND('',#375,.T.);
#246=FACE_OUTER_BOUND('',#376,.T.);
#247=FACE_OUTER_BOUND('',#378,.T.);
#248=FACE_OUTER_BOUND('',#379,.T.);
#249=FACE_OUTER_BOUND('',#381,.T.);
#250=FACE_OUTER_BOUND('',#382,.T.);
#251=FACE_OUTER_BOUND('',#384,.T.);
#252=FACE_OUTER_BOUND('',#385,.T.);
#253=FACE_OUTER_BOUND('',#387,.T.);
#254=FACE_OUTER_BOUND('',#388,.T.);
#255=FACE_OUTER_BOUND('',#390,.T.);
#256=FACE_OUTER_BOUND('',#391,.T.);
#257=FACE_OUTER_BOUND('',#393,.T.);
#258=FACE_OUTER_BOUND('',#394,.T.);
#259=FACE_OUTER_BOUND('',#396,.T.);
#260=FACE_OUTER_BOUND('',#397,.T.);
#261=FACE_OUTER_BOUND('',#399,.T.);
#262=FACE_OUTER_BOUND('',#400,.T.);
#263=FACE_OUTER_BOUND('',#402,.T.);
#264=FACE_OUTER_BOUND('',#403,.T.);
#265=FACE_OUTER_BOUND('',#404,.T.);
#266=FACE_OUTER_BOUND('',#405,.T.);
#267=FACE_OUTER_BOUND('',#406,.T.);
#268=FACE_OUTER_BOUND('',#407,.T.);
#269=FACE_OUTER_BOUND('',#408,.T.);
#270=FACE_OUTER_BOUND('',#409,.T.);
#271=FACE_OUTER_BOUND('',#410,.T.);
#272=FACE_OUTER_BOUND('',#411,.T.);
#273=FACE_OUTER_BOUND('',#412,.T.);
#274=FACE_OUTER_BOUND('',#413,.T.);
#275=FACE_OUTER_BOUND('',#414,.T.);
#276=FACE_OUTER_BOUND('',#415,.T.);
#277=FACE_OUTER_BOUND('',#426,.T.);
#278=FACE_OUTER_BOUND('',#427,.T.);
#279=FACE_OUTER_BOUND('',#428,.T.);
#280=FACE_OUTER_BOUND('',#439,.T.);
#281=FACE_OUTER_BOUND('',#440,.T.);
#282=FACE_OUTER_BOUND('',#441,.T.);
#283=FACE_OUTER_BOUND('',#442,.T.);
#284=FACE_OUTER_BOUND('',#443,.T.);
#285=FACE_OUTER_BOUND('',#444,.T.);
#286=FACE_OUTER_BOUND('',#445,.T.);
#287=FACE_OUTER_BOUND('',#446,.T.);
#288=FACE_OUTER_BOUND('',#447,.T.);
#289=FACE_OUTER_BOUND('',#448,.T.);
#290=FACE_OUTER_BOUND('',#449,.T.);
#291=FACE_OUTER_BOUND('',#450,.T.);
#292=FACE_OUTER_BOUND('',#451,.T.);
#293=FACE_OUTER_BOUND('',#452,.T.);
#294=EDGE_LOOP('',(#1132,#1133,#1134,#1135));
#295=EDGE_LOOP('',(#1136,#1137,#1138,#1139));
#296=EDGE_LOOP('',(#1140,#1141,#1142,#1143));
#297=EDGE_LOOP('',(#1144,#1145,#1146,#1147));
#298=EDGE_LOOP('',(#1148,#1149,#1150,#1151));
#299=EDGE_LOOP('',(#1152,#1153,#1154,#1155));
#300=EDGE_LOOP('',(#1156,#1157,#1158,#1159,#1160,#1161,#1162,#1163,#1164,
#1165,#1166,#1167,#1168,#1169,#1170,#1171,#1172,#1173));
#301=EDGE_LOOP('',(#1174,#1175,#1176,#1177,#1178,#1179,#1180,#1181,#1182,
#1183));
#302=EDGE_LOOP('',(#1184,#1185,#1186,#1187));
#303=EDGE_LOOP('',(#1188,#1189,#1190,#1191,#1192));
#304=EDGE_LOOP('',(#1193,#1194,#1195,#1196,#1197,#1198));
#305=EDGE_LOOP('',(#1199,#1200,#1201,#1202,#1203));
#306=EDGE_LOOP('',(#1204,#1205,#1206,#1207,#1208,#1209,#1210,#1211,#1212,
#1213,#1214,#1215));
#307=EDGE_LOOP('',(#1216,#1217,#1218,#1219,#1220,#1221));
#308=EDGE_LOOP('',(#1222,#1223,#1224,#1225));
#309=EDGE_LOOP('',(#1226,#1227,#1228,#1229));
#310=EDGE_LOOP('',(#1230));
#311=EDGE_LOOP('',(#1231));
#312=EDGE_LOOP('',(#1232));
#313=EDGE_LOOP('',(#1233));
#314=EDGE_LOOP('',(#1234));
#315=EDGE_LOOP('',(#1235));
#316=EDGE_LOOP('',(#1236));
#317=EDGE_LOOP('',(#1237));
#318=EDGE_LOOP('',(#1238));
#319=EDGE_LOOP('',(#1239));
#320=EDGE_LOOP('',(#1240,#1241,#1242,#1243));
#321=EDGE_LOOP('',(#1244));
#322=EDGE_LOOP('',(#1245));
#323=EDGE_LOOP('',(#1246));
#324=EDGE_LOOP('',(#1247));
#325=EDGE_LOOP('',(#1248));
#326=EDGE_LOOP('',(#1249));
#327=EDGE_LOOP('',(#1250));
#328=EDGE_LOOP('',(#1251));
#329=EDGE_LOOP('',(#1252));
#330=EDGE_LOOP('',(#1253));
#331=EDGE_LOOP('',(#1254,#1255,#1256,#1257));
#332=EDGE_LOOP('',(#1258,#1259,#1260,#1261));
#333=EDGE_LOOP('',(#1262,#1263,#1264,#1265));
#334=EDGE_LOOP('',(#1266,#1267,#1268,#1269));
#335=EDGE_LOOP('',(#1270));
#336=EDGE_LOOP('',(#1271));
#337=EDGE_LOOP('',(#1272,#1273,#1274,#1275));
#338=EDGE_LOOP('',(#1276));
#339=EDGE_LOOP('',(#1277));
#340=EDGE_LOOP('',(#1278,#1279,#1280,#1281));
#341=EDGE_LOOP('',(#1282));
#342=EDGE_LOOP('',(#1283));
#343=EDGE_LOOP('',(#1284,#1285,#1286,#1287));
#344=EDGE_LOOP('',(#1288));
#345=EDGE_LOOP('',(#1289));
#346=EDGE_LOOP('',(#1290,#1291,#1292,#1293));
#347=EDGE_LOOP('',(#1294));
#348=EDGE_LOOP('',(#1295));
#349=EDGE_LOOP('',(#1296,#1297,#1298,#1299));
#350=EDGE_LOOP('',(#1300));
#351=EDGE_LOOP('',(#1301));
#352=EDGE_LOOP('',(#1302,#1303,#1304,#1305));
#353=EDGE_LOOP('',(#1306));
#354=EDGE_LOOP('',(#1307));
#355=EDGE_LOOP('',(#1308,#1309,#1310,#1311));
#356=EDGE_LOOP('',(#1312));
#357=EDGE_LOOP('',(#1313));
#358=EDGE_LOOP('',(#1314,#1315,#1316,#1317));
#359=EDGE_LOOP('',(#1318,#1319,#1320,#1321));
#360=EDGE_LOOP('',(#1322,#1323,#1324,#1325));
#361=EDGE_LOOP('',(#1326,#1327,#1328,#1329));
#362=EDGE_LOOP('',(#1330,#1331,#1332,#1333));
#363=EDGE_LOOP('',(#1334,#1335,#1336,#1337));
#364=EDGE_LOOP('',(#1338,#1339,#1340,#1341));
#365=EDGE_LOOP('',(#1342,#1343,#1344,#1345));
#366=EDGE_LOOP('',(#1346,#1347,#1348,#1349));
#367=EDGE_LOOP('',(#1350));
#368=EDGE_LOOP('',(#1351));
#369=EDGE_LOOP('',(#1352,#1353,#1354,#1355));
#370=EDGE_LOOP('',(#1356));
#371=EDGE_LOOP('',(#1357));
#372=EDGE_LOOP('',(#1358,#1359,#1360,#1361));
#373=EDGE_LOOP('',(#1362));
#374=EDGE_LOOP('',(#1363));
#375=EDGE_LOOP('',(#1364,#1365,#1366,#1367));
#376=EDGE_LOOP('',(#1368));
#377=EDGE_LOOP('',(#1369));
#378=EDGE_LOOP('',(#1370,#1371,#1372,#1373));
#379=EDGE_LOOP('',(#1374));
#380=EDGE_LOOP('',(#1375));
#381=EDGE_LOOP('',(#1376,#1377,#1378,#1379));
#382=EDGE_LOOP('',(#1380));
#383=EDGE_LOOP('',(#1381));
#384=EDGE_LOOP('',(#1382,#1383,#1384,#1385));
#385=EDGE_LOOP('',(#1386));
#386=EDGE_LOOP('',(#1387));
#387=EDGE_LOOP('',(#1388,#1389,#1390,#1391));
#388=EDGE_LOOP('',(#1392));
#389=EDGE_LOOP('',(#1393));
#390=EDGE_LOOP('',(#1394,#1395,#1396,#1397));
#391=EDGE_LOOP('',(#1398));
#392=EDGE_LOOP('',(#1399));
#393=EDGE_LOOP('',(#1400,#1401,#1402,#1403));
#394=EDGE_LOOP('',(#1404));
#395=EDGE_LOOP('',(#1405));
#396=EDGE_LOOP('',(#1406,#1407,#1408,#1409));
#397=EDGE_LOOP('',(#1410));
#398=EDGE_LOOP('',(#1411));
#399=EDGE_LOOP('',(#1412,#1413,#1414,#1415));
#400=EDGE_LOOP('',(#1416));
#401=EDGE_LOOP('',(#1417));
#402=EDGE_LOOP('',(#1418,#1419,#1420,#1421));
#403=EDGE_LOOP('',(#1422,#1423,#1424,#1425));
#404=EDGE_LOOP('',(#1426,#1427,#1428,#1429));
#405=EDGE_LOOP('',(#1430,#1431,#1432,#1433));
#406=EDGE_LOOP('',(#1434,#1435,#1436,#1437));
#407=EDGE_LOOP('',(#1438,#1439,#1440,#1441));
#408=EDGE_LOOP('',(#1442,#1443,#1444,#1445));
#409=EDGE_LOOP('',(#1446,#1447,#1448,#1449));
#410=EDGE_LOOP('',(#1450,#1451,#1452,#1453));
#411=EDGE_LOOP('',(#1454,#1455,#1456,#1457));
#412=EDGE_LOOP('',(#1458,#1459,#1460,#1461));
#413=EDGE_LOOP('',(#1462,#1463,#1464,#1465));
#414=EDGE_LOOP('',(#1466,#1467,#1468,#1469,#1470,#1471,#1472,#1473,#1474,
#1475,#1476,#1477));
#415=EDGE_LOOP('',(#1478,#1479,#1480,#1481));
#416=EDGE_LOOP('',(#1482));
#417=EDGE_LOOP('',(#1483));
#418=EDGE_LOOP('',(#1484));
#419=EDGE_LOOP('',(#1485));
#420=EDGE_LOOP('',(#1486));
#421=EDGE_LOOP('',(#1487));
#422=EDGE_LOOP('',(#1488));
#423=EDGE_LOOP('',(#1489));
#424=EDGE_LOOP('',(#1490));
#425=EDGE_LOOP('',(#1491));
#426=EDGE_LOOP('',(#1492,#1493,#1494,#1495,#1496,#1497,#1498,#1499,#1500,
#1501,#1502,#1503,#1504,#1505));
#427=EDGE_LOOP('',(#1506,#1507,#1508,#1509));
#428=EDGE_LOOP('',(#1510,#1511,#1512,#1513));
#429=EDGE_LOOP('',(#1514));
#430=EDGE_LOOP('',(#1515));
#431=EDGE_LOOP('',(#1516));
#432=EDGE_LOOP('',(#1517));
#433=EDGE_LOOP('',(#1518));
#434=EDGE_LOOP('',(#1519));
#435=EDGE_LOOP('',(#1520));
#436=EDGE_LOOP('',(#1521));
#437=EDGE_LOOP('',(#1522));
#438=EDGE_LOOP('',(#1523));
#439=EDGE_LOOP('',(#1524,#1525,#1526,#1527));
#440=EDGE_LOOP('',(#1528,#1529,#1530,#1531,#1532,#1533));
#441=EDGE_LOOP('',(#1534,#1535,#1536,#1537));
#442=EDGE_LOOP('',(#1538,#1539,#1540,#1541));
#443=EDGE_LOOP('',(#1542,#1543,#1544,#1545));
#444=EDGE_LOOP('',(#1546,#1547,#1548,#1549));
#445=EDGE_LOOP('',(#1550,#1551,#1552,#1553));
#446=EDGE_LOOP('',(#1554,#1555,#1556,#1557));
#447=EDGE_LOOP('',(#1558,#1559,#1560,#1561));
#448=EDGE_LOOP('',(#1562,#1563,#1564,#1565));
#449=EDGE_LOOP('',(#1566,#1567,#1568,#1569));
#450=EDGE_LOOP('',(#1570,#1571,#1572,#1573));
#451=EDGE_LOOP('',(#1574,#1575,#1576,#1577));
#452=EDGE_LOOP('',(#1578,#1579,#1580,#1581,#1582,#1583,#1584,#1585,#1586,
#1587,#1588,#1589));
#453=LINE('',#2454,#602);
#454=LINE('',#2456,#603);
#455=LINE('',#2458,#604);
#456=LINE('',#2459,#605);
#457=LINE('',#2462,#606);
#458=LINE('',#2464,#607);
#459=LINE('',#2465,#608);
#460=LINE('',#2468,#609);
#461=LINE('',#2470,#610);
#462=LINE('',#2471,#611);
#463=LINE('',#2474,#612);
#464=LINE('',#2475,#613);
#465=LINE('',#2479,#614);
#466=LINE('',#2481,#615);
#467=LINE('',#2483,#616);
#468=LINE('',#2484,#617);
#469=LINE('',#2487,#618);
#470=LINE('',#2489,#619);
#471=LINE('',#2490,#620);
#472=LINE('',#2493,#621);
#473=LINE('',#2495,#622);
#474=LINE('',#2497,#623);
#475=LINE('',#2499,#624);
#476=LINE('',#2501,#625);
#477=LINE('',#2503,#626);
#478=LINE('',#2505,#627);
#479=LINE('',#2507,#628);
#480=LINE('',#2509,#629);
#481=LINE('',#2511,#630);
#482=LINE('',#2513,#631);
#483=LINE('',#2515,#632);
#484=LINE('',#2517,#633);
#485=LINE('',#2518,#634);
#486=LINE('',#2519,#635);
#487=LINE('',#2522,#636);
#488=LINE('',#2524,#637);
#489=LINE('',#2526,#638);
#490=LINE('',#2528,#639);
#491=LINE('',#2529,#640);
#492=LINE('',#2532,#641);
#493=LINE('',#2534,#642);
#494=LINE('',#2535,#643);
#495=LINE('',#2538,#644);
#496=LINE('',#2540,#645);
#497=LINE('',#2541,#646);
#498=LINE('',#2544,#647);
#499=LINE('',#2545,#648);
#500=LINE('',#2548,#649);
#501=LINE('',#2550,#650);
#502=LINE('',#2551,#651);
#503=LINE('',#2554,#652);
#504=LINE('',#2556,#653);
#505=LINE('',#2558,#654);
#506=LINE('',#2560,#655);
#507=LINE('',#2562,#656);
#508=LINE('',#2564,#657);
#509=LINE('',#2566,#658);
#510=LINE('',#2568,#659);
#511=LINE('',#2570,#660);
#512=LINE('',#2572,#661);
#513=LINE('',#2573,#662);
#514=LINE('',#2576,#663);
#515=LINE('',#2577,#664);
#516=LINE('',#2580,#665);
#517=LINE('',#2581,#666);
#518=LINE('',#2584,#667);
#519=LINE('',#2586,#668);
#520=LINE('',#2587,#669);
#521=LINE('',#2610,#670);
#522=LINE('',#2612,#671);
#523=LINE('',#2613,#672);
#524=LINE('',#2636,#673);
#525=LINE('',#2637,#674);
#526=LINE('',#2640,#675);
#527=LINE('',#2641,#676);
#528=LINE('',#2644,#677);
#529=LINE('',#2645,#678);
#530=LINE('',#2648,#679);
#531=LINE('',#2655,#680);
#532=LINE('',#2662,#681);
#533=LINE('',#2669,#682);
#534=LINE('',#2676,#683);
#535=LINE('',#2683,#684);
#536=LINE('',#2690,#685);
#537=LINE('',#2697,#686);
#538=LINE('',#2704,#687);
#539=LINE('',#2709,#688);
#540=LINE('',#2712,#689);
#541=LINE('',#2717,#690);
#542=LINE('',#2720,#691);
#543=LINE('',#2725,#692);
#544=LINE('',#2728,#693);
#545=LINE('',#2733,#694);
#546=LINE('',#2736,#695);
#547=LINE('',#2743,#696);
#548=LINE('',#2750,#697);
#549=LINE('',#2757,#698);
#550=LINE('',#2764,#699);
#551=LINE('',#2771,#700);
#552=LINE('',#2778,#701);
#553=LINE('',#2785,#702);
#554=LINE('',#2792,#703);
#555=LINE('',#2799,#704);
#556=LINE('',#2806,#705);
#557=LINE('',#2813,#706);
#558=LINE('',#2821,#707);
#559=LINE('',#2824,#708);
#560=LINE('',#2829,#709);
#561=LINE('',#2832,#710);
#562=LINE('',#2837,#711);
#563=LINE('',#2840,#712);
#564=LINE('',#2845,#713);
#565=LINE('',#2848,#714);
#566=LINE('',#2853,#715);
#567=LINE('',#2856,#716);
#568=LINE('',#2861,#717);
#569=LINE('',#2864,#718);
#570=LINE('',#2867,#719);
#571=LINE('',#2869,#720);
#572=LINE('',#2871,#721);
#573=LINE('',#2872,#722);
#574=LINE('',#2873,#723);
#575=LINE('',#2875,#724);
#576=LINE('',#2877,#725);
#577=LINE('',#2879,#726);
#578=LINE('',#2881,#727);
#579=LINE('',#2882,#728);
#580=LINE('',#2884,#729);
#581=LINE('',#2890,#730);
#582=LINE('',#2892,#731);
#583=LINE('',#2893,#732);
#584=LINE('',#2896,#733);
#585=LINE('',#2897,#734);
#586=LINE('',#2900,#735);
#587=LINE('',#2901,#736);
#588=LINE('',#2904,#737);
#589=LINE('',#2905,#738);
#590=LINE('',#2908,#739);
#591=LINE('',#2909,#740);
#592=LINE('',#2912,#741);
#593=LINE('',#2913,#742);
#594=LINE('',#2916,#743);
#595=LINE('',#2917,#744);
#596=LINE('',#2919,#745);
#597=LINE('',#2922,#746);
#598=LINE('',#2923,#747);
#599=LINE('',#2926,#748);
#600=LINE('',#2927,#749);
#601=LINE('',#2929,#750);
#602=VECTOR('',#1945,10.);
#603=VECTOR('',#1946,10.);
#604=VECTOR('',#1947,10.);
#605=VECTOR('',#1948,10.);
#606=VECTOR('',#1951,10.);
#607=VECTOR('',#1952,10.);
#608=VECTOR('',#1953,10.);
#609=VECTOR('',#1956,10.);
#610=VECTOR('',#1957,10.);
#611=VECTOR('',#1958,10.);
#612=VECTOR('',#1961,10.);
#613=VECTOR('',#1962,10.);
#614=VECTOR('',#1965,10.);
#615=VECTOR('',#1966,10.);
#616=VECTOR('',#1967,10.);
#617=VECTOR('',#1968,10.);
#618=VECTOR('',#1971,10.);
#619=VECTOR('',#1972,10.);
#620=VECTOR('',#1973,10.);
#621=VECTOR('',#1976,10.);
#622=VECTOR('',#1977,10.);
#623=VECTOR('',#1978,10.);
#624=VECTOR('',#1979,10.);
#625=VECTOR('',#1980,10.);
#626=VECTOR('',#1981,10.);
#627=VECTOR('',#1982,10.);
#628=VECTOR('',#1983,10.);
#629=VECTOR('',#1984,10.);
#630=VECTOR('',#1985,10.);
#631=VECTOR('',#1986,10.);
#632=VECTOR('',#1987,10.);
#633=VECTOR('',#1988,10.);
#634=VECTOR('',#1989,10.);
#635=VECTOR('',#1990,10.);
#636=VECTOR('',#1993,10.);
#637=VECTOR('',#1994,10.);
#638=VECTOR('',#1995,10.);
#639=VECTOR('',#1996,10.);
#640=VECTOR('',#1997,10.);
#641=VECTOR('',#2000,10.);
#642=VECTOR('',#2001,10.);
#643=VECTOR('',#2002,10.);
#644=VECTOR('',#2005,10.);
#645=VECTOR('',#2006,10.);
#646=VECTOR('',#2007,10.);
#647=VECTOR('',#2010,10.);
#648=VECTOR('',#2011,10.);
#649=VECTOR('',#2014,10.);
#650=VECTOR('',#2015,10.);
#651=VECTOR('',#2016,10.);
#652=VECTOR('',#2019,10.);
#653=VECTOR('',#2020,10.);
#654=VECTOR('',#2021,10.);
#655=VECTOR('',#2022,10.);
#656=VECTOR('',#2023,10.);
#657=VECTOR('',#2024,10.);
#658=VECTOR('',#2025,10.);
#659=VECTOR('',#2026,10.);
#660=VECTOR('',#2027,10.);
#661=VECTOR('',#2028,10.);
#662=VECTOR('',#2029,10.);
#663=VECTOR('',#2032,10.);
#664=VECTOR('',#2033,10.);
#665=VECTOR('',#2036,10.);
#666=VECTOR('',#2037,10.);
#667=VECTOR('',#2040,10.);
#668=VECTOR('',#2041,10.);
#669=VECTOR('',#2042,10.);
#670=VECTOR('',#2065,10.);
#671=VECTOR('',#2066,10.);
#672=VECTOR('',#2067,10.);
#673=VECTOR('',#2090,10.);
#674=VECTOR('',#2091,10.);
#675=VECTOR('',#2094,10.);
#676=VECTOR('',#2095,10.);
#677=VECTOR('',#2098,10.);
#678=VECTOR('',#2099,10.);
#679=VECTOR('',#2102,4.49999999999999);
#680=VECTOR('',#2111,4.5);
#681=VECTOR('',#2120,4.49999999999999);
#682=VECTOR('',#2129,4.5);
#683=VECTOR('',#2138,4.49999999999999);
#684=VECTOR('',#2147,4.5);
#685=VECTOR('',#2156,4.49999999999999);
#686=VECTOR('',#2165,4.5);
#687=VECTOR('',#2174,2.75);
#688=VECTOR('',#2181,2.75);
#689=VECTOR('',#2184,2.75);
#690=VECTOR('',#2191,2.75);
#691=VECTOR('',#2194,2.74999999999999);
#692=VECTOR('',#2201,2.74999999999999);
#693=VECTOR('',#2204,2.75);
#694=VECTOR('',#2211,2.75);
#695=VECTOR('',#2214,4.5);
#696=VECTOR('',#2223,4.49999999999999);
#697=VECTOR('',#2232,4.5);
#698=VECTOR('',#2241,4.5);
#699=VECTOR('',#2250,4.5);
#700=VECTOR('',#2259,4.5);
#701=VECTOR('',#2268,4.5);
#702=VECTOR('',#2277,4.5);
#703=VECTOR('',#2286,4.5);
#704=VECTOR('',#2295,4.5);
#705=VECTOR('',#2304,4.5);
#706=VECTOR('',#2313,4.49999999999999);
#707=VECTOR('',#2324,2.75);
#708=VECTOR('',#2327,2.75);
#709=VECTOR('',#2334,2.74999999999999);
#710=VECTOR('',#2337,2.74999999999999);
#711=VECTOR('',#2344,2.75);
#712=VECTOR('',#2347,2.75);
#713=VECTOR('',#2354,2.75);
#714=VECTOR('',#2357,2.75);
#715=VECTOR('',#2364,2.75);
#716=VECTOR('',#2367,2.75);
#717=VECTOR('',#2374,2.75);
#718=VECTOR('',#2377,2.75);
#719=VECTOR('',#2382,10.);
#720=VECTOR('',#2383,10.);
#721=VECTOR('',#2384,10.);
#722=VECTOR('',#2385,10.);
#723=VECTOR('',#2386,10.);
#724=VECTOR('',#2389,10.);
#725=VECTOR('',#2392,10.);
#726=VECTOR('',#2393,10.);
#727=VECTOR('',#2394,10.);
#728=VECTOR('',#2395,10.);
#729=VECTOR('',#2398,10.);
#730=VECTOR('',#2407,10.);
#731=VECTOR('',#2408,10.);
#732=VECTOR('',#2409,10.);
#733=VECTOR('',#2412,10.);
#734=VECTOR('',#2413,10.);
#735=VECTOR('',#2416,10.);
#736=VECTOR('',#2417,10.);
#737=VECTOR('',#2420,10.);
#738=VECTOR('',#2421,10.);
#739=VECTOR('',#2424,10.);
#740=VECTOR('',#2425,10.);
#741=VECTOR('',#2428,10.);
#742=VECTOR('',#2429,10.);
#743=VECTOR('',#2432,10.);
#744=VECTOR('',#2433,10.);
#745=VECTOR('',#2436,10.);
#746=VECTOR('',#2439,10.);
#747=VECTOR('',#2440,10.);
#748=VECTOR('',#2443,10.);
#749=VECTOR('',#2444,10.);
#750=VECTOR('',#2447,10.);
#751=VERTEX_POINT('',#2452);
#752=VERTEX_POINT('',#2453);
#753=VERTEX_POINT('',#2455);
#754=VERTEX_POINT('',#2457);
#755=VERTEX_POINT('',#2461);
#756=VERTEX_POINT('',#2463);
#757=VERTEX_POINT('',#2467);
#758=VERTEX_POINT('',#2469);
#759=VERTEX_POINT('',#2473);
#760=VERTEX_POINT('',#2477);
#761=VERTEX_POINT('',#2478);
#762=VERTEX_POINT('',#2480);
#763=VERTEX_POINT('',#2482);
#764=VERTEX_POINT('',#2486);
#765=VERTEX_POINT('',#2488);
#766=VERTEX_POINT('',#2492);
#767=VERTEX_POINT('',#2494);
#768=VERTEX_POINT('',#2496);
#769=VERTEX_POINT('',#2498);
#770=VERTEX_POINT('',#2500);
#771=VERTEX_POINT('',#2502);
#772=VERTEX_POINT('',#2504);
#773=VERTEX_POINT('',#2506);
#774=VERTEX_POINT('',#2508);
#775=VERTEX_POINT('',#2510);
#776=VERTEX_POINT('',#2512);
#777=VERTEX_POINT('',#2514);
#778=VERTEX_POINT('',#2516);
#779=VERTEX_POINT('',#2521);
#780=VERTEX_POINT('',#2523);
#781=VERTEX_POINT('',#2525);
#782=VERTEX_POINT('',#2527);
#783=VERTEX_POINT('',#2531);
#784=VERTEX_POINT('',#2533);
#785=VERTEX_POINT('',#2537);
#786=VERTEX_POINT('',#2539);
#787=VERTEX_POINT('',#2543);
#788=VERTEX_POINT('',#2547);
#789=VERTEX_POINT('',#2549);
#790=VERTEX_POINT('',#2553);
#791=VERTEX_POINT('',#2555);
#792=VERTEX_POINT('',#2557);
#793=VERTEX_POINT('',#2559);
#794=VERTEX_POINT('',#2561);
#795=VERTEX_POINT('',#2563);
#796=VERTEX_POINT('',#2565);
#797=VERTEX_POINT('',#2567);
#798=VERTEX_POINT('',#2569);
#799=VERTEX_POINT('',#2571);
#800=VERTEX_POINT('',#2575);
#801=VERTEX_POINT('',#2579);
#802=VERTEX_POINT('',#2583);
#803=VERTEX_POINT('',#2585);
#804=VERTEX_POINT('',#2588);
#805=VERTEX_POINT('',#2590);
#806=VERTEX_POINT('',#2592);
#807=VERTEX_POINT('',#2594);
#808=VERTEX_POINT('',#2596);
#809=VERTEX_POINT('',#2598);
#810=VERTEX_POINT('',#2600);
#811=VERTEX_POINT('',#2602);
#812=VERTEX_POINT('',#2604);
#813=VERTEX_POINT('',#2606);
#814=VERTEX_POINT('',#2609);
#815=VERTEX_POINT('',#2611);
#816=VERTEX_POINT('',#2614);
#817=VERTEX_POINT('',#2616);
#818=VERTEX_POINT('',#2618);
#819=VERTEX_POINT('',#2620);
#820=VERTEX_POINT('',#2622);
#821=VERTEX_POINT('',#2624);
#822=VERTEX_POINT('',#2626);
#823=VERTEX_POINT('',#2628);
#824=VERTEX_POINT('',#2630);
#825=VERTEX_POINT('',#2632);
#826=VERTEX_POINT('',#2635);
#827=VERTEX_POINT('',#2639);
#828=VERTEX_POINT('',#2643);
#829=VERTEX_POINT('',#2647);
#830=VERTEX_POINT('',#2651);
#831=VERTEX_POINT('',#2654);
#832=VERTEX_POINT('',#2658);
#833=VERTEX_POINT('',#2661);
#834=VERTEX_POINT('',#2665);
#835=VERTEX_POINT('',#2668);
#836=VERTEX_POINT('',#2672);
#837=VERTEX_POINT('',#2675);
#838=VERTEX_POINT('',#2679);
#839=VERTEX_POINT('',#2682);
#840=VERTEX_POINT('',#2686);
#841=VERTEX_POINT('',#2689);
#842=VERTEX_POINT('',#2693);
#843=VERTEX_POINT('',#2696);
#844=VERTEX_POINT('',#2700);
#845=VERTEX_POINT('',#2703);
#846=VERTEX_POINT('',#2707);
#847=VERTEX_POINT('',#2711);
#848=VERTEX_POINT('',#2715);
#849=VERTEX_POINT('',#2719);
#850=VERTEX_POINT('',#2723);
#851=VERTEX_POINT('',#2727);
#852=VERTEX_POINT('',#2731);
#853=VERTEX_POINT('',#2735);
#854=VERTEX_POINT('',#2739);
#855=VERTEX_POINT('',#2742);
#856=VERTEX_POINT('',#2746);
#857=VERTEX_POINT('',#2749);
#858=VERTEX_POINT('',#2753);
#859=VERTEX_POINT('',#2756);
#860=VERTEX_POINT('',#2760);
#861=VERTEX_POINT('',#2763);
#862=VERTEX_POINT('',#2767);
#863=VERTEX_POINT('',#2770);
#864=VERTEX_POINT('',#2774);
#865=VERTEX_POINT('',#2777);
#866=VERTEX_POINT('',#2781);
#867=VERTEX_POINT('',#2784);
#868=VERTEX_POINT('',#2788);
#869=VERTEX_POINT('',#2791);
#870=VERTEX_POINT('',#2795);
#871=VERTEX_POINT('',#2798);
#872=VERTEX_POINT('',#2802);
#873=VERTEX_POINT('',#2805);
#874=VERTEX_POINT('',#2809);
#875=VERTEX_POINT('',#2812);
#876=VERTEX_POINT('',#2816);
#877=VERTEX_POINT('',#2819);
#878=VERTEX_POINT('',#2823);
#879=VERTEX_POINT('',#2827);
#880=VERTEX_POINT('',#2831);
#881=VERTEX_POINT('',#2835);
#882=VERTEX_POINT('',#2839);
#883=VERTEX_POINT('',#2843);
#884=VERTEX_POINT('',#2847);
#885=VERTEX_POINT('',#2851);
#886=VERTEX_POINT('',#2855);
#887=VERTEX_POINT('',#2859);
#888=VERTEX_POINT('',#2863);
#889=VERTEX_POINT('',#2868);
#890=VERTEX_POINT('',#2870);
#891=VERTEX_POINT('',#2878);
#892=VERTEX_POINT('',#2880);
#893=VERTEX_POINT('',#2889);
#894=VERTEX_POINT('',#2891);
#895=VERTEX_POINT('',#2895);
#896=VERTEX_POINT('',#2899);
#897=VERTEX_POINT('',#2903);
#898=VERTEX_POINT('',#2907);
#899=VERTEX_POINT('',#2911);
#900=VERTEX_POINT('',#2915);
#901=VERTEX_POINT('',#2921);
#902=VERTEX_POINT('',#2925);
#903=EDGE_CURVE('',#751,#752,#453,.T.);
#904=EDGE_CURVE('',#752,#753,#454,.T.);
#905=EDGE_CURVE('',#753,#754,#455,.T.);
#906=EDGE_CURVE('',#754,#751,#456,.T.);
#907=EDGE_CURVE('',#754,#755,#457,.T.);
#908=EDGE_CURVE('',#755,#756,#458,.F.);
#909=EDGE_CURVE('',#756,#751,#459,.T.);
#910=EDGE_CURVE('',#757,#751,#460,.T.);
#911=EDGE_CURVE('',#758,#757,#461,.T.);
#912=EDGE_CURVE('',#752,#758,#462,.T.);
#913=EDGE_CURVE('',#756,#759,#463,.T.);
#914=EDGE_CURVE('',#759,#757,#464,.T.);
#915=EDGE_CURVE('',#760,#761,#465,.T.);
#916=EDGE_CURVE('',#761,#762,#466,.T.);
#917=EDGE_CURVE('',#762,#763,#467,.T.);
#918=EDGE_CURVE('',#763,#760,#468,.T.);
#919=EDGE_CURVE('',#763,#764,#469,.T.);
#920=EDGE_CURVE('',#765,#764,#470,.T.);
#921=EDGE_CURVE('',#765,#760,#471,.T.);
#922=EDGE_CURVE('',#766,#758,#472,.T.);
#923=EDGE_CURVE('',#766,#767,#473,.T.);
#924=EDGE_CURVE('',#767,#768,#474,.T.);
#925=EDGE_CURVE('',#768,#769,#475,.T.);
#926=EDGE_CURVE('',#769,#770,#476,.T.);
#927=EDGE_CURVE('',#770,#771,#477,.T.);
#928=EDGE_CURVE('',#771,#772,#478,.T.);
#929=EDGE_CURVE('',#772,#773,#479,.T.);
#930=EDGE_CURVE('',#773,#774,#480,.T.);
#931=EDGE_CURVE('',#774,#775,#481,.T.);
#932=EDGE_CURVE('',#775,#776,#482,.T.);
#933=EDGE_CURVE('',#776,#777,#483,.T.);
#934=EDGE_CURVE('',#778,#777,#484,.T.);
#935=EDGE_CURVE('',#762,#778,#485,.T.);
#936=EDGE_CURVE('',#761,#753,#486,.T.);
#937=EDGE_CURVE('',#779,#765,#487,.T.);
#938=EDGE_CURVE('',#780,#779,#488,.T.);
#939=EDGE_CURVE('',#781,#780,#489,.T.);
#940=EDGE_CURVE('',#782,#781,#490,.T.);
#941=EDGE_CURVE('',#755,#782,#491,.T.);
#942=EDGE_CURVE('',#783,#781,#492,.T.);
#943=EDGE_CURVE('',#780,#784,#493,.T.);
#944=EDGE_CURVE('',#784,#783,#494,.T.);
#945=EDGE_CURVE('',#783,#785,#495,.T.);
#946=EDGE_CURVE('',#785,#786,#496,.T.);
#947=EDGE_CURVE('',#786,#782,#497,.T.);
#948=EDGE_CURVE('',#787,#786,#498,.T.);
#949=EDGE_CURVE('',#759,#787,#499,.T.);
#950=EDGE_CURVE('',#779,#788,#500,.T.);
#951=EDGE_CURVE('',#788,#789,#501,.T.);
#952=EDGE_CURVE('',#789,#784,#502,.T.);
#953=EDGE_CURVE('',#788,#790,#503,.T.);
#954=EDGE_CURVE('',#790,#791,#504,.T.);
#955=EDGE_CURVE('',#791,#792,#505,.T.);
#956=EDGE_CURVE('',#792,#793,#506,.T.);
#957=EDGE_CURVE('',#793,#794,#507,.T.);
#958=EDGE_CURVE('',#794,#795,#508,.T.);
#959=EDGE_CURVE('',#795,#796,#509,.T.);
#960=EDGE_CURVE('',#796,#797,#510,.T.);
#961=EDGE_CURVE('',#797,#798,#511,.T.);
#962=EDGE_CURVE('',#798,#799,#512,.T.);
#963=EDGE_CURVE('',#799,#789,#513,.T.);
#964=EDGE_CURVE('',#800,#764,#514,.T.);
#965=EDGE_CURVE('',#800,#790,#515,.T.);
#966=EDGE_CURVE('',#763,#801,#516,.T.);
#967=EDGE_CURVE('',#801,#800,#517,.T.);
#968=EDGE_CURVE('',#802,#797,#518,.T.);
#969=EDGE_CURVE('',#803,#802,#519,.T.);
#970=EDGE_CURVE('',#798,#803,#520,.T.);
#971=EDGE_CURVE('',#804,#804,#175,.T.);
#972=EDGE_CURVE('',#805,#805,#176,.T.);
#973=EDGE_CURVE('',#806,#806,#177,.T.);
#974=EDGE_CURVE('',#807,#807,#178,.T.);
#975=EDGE_CURVE('',#808,#808,#179,.T.);
#976=EDGE_CURVE('',#809,#809,#180,.T.);
#977=EDGE_CURVE('',#810,#810,#181,.T.);
#978=EDGE_CURVE('',#811,#811,#182,.T.);
#979=EDGE_CURVE('',#812,#812,#183,.T.);
#980=EDGE_CURVE('',#813,#813,#184,.T.);
#981=EDGE_CURVE('',#814,#791,#521,.T.);
#982=EDGE_CURVE('',#815,#814,#522,.T.);
#983=EDGE_CURVE('',#792,#815,#523,.T.);
#984=EDGE_CURVE('',#816,#816,#185,.T.);
#985=EDGE_CURVE('',#817,#817,#186,.T.);
#986=EDGE_CURVE('',#818,#818,#187,.T.);
#987=EDGE_CURVE('',#819,#819,#188,.T.);
#988=EDGE_CURVE('',#820,#820,#189,.T.);
#989=EDGE_CURVE('',#821,#821,#190,.T.);
#990=EDGE_CURVE('',#822,#822,#191,.T.);
#991=EDGE_CURVE('',#823,#823,#192,.T.);
#992=EDGE_CURVE('',#824,#824,#193,.T.);
#993=EDGE_CURVE('',#825,#825,#194,.T.);
#994=EDGE_CURVE('',#826,#796,#524,.T.);
#995=EDGE_CURVE('',#826,#802,#525,.F.);
#996=EDGE_CURVE('',#827,#815,#526,.T.);
#997=EDGE_CURVE('',#793,#827,#527,.T.);
#998=EDGE_CURVE('',#828,#803,#528,.T.);
#999=EDGE_CURVE('',#828,#799,#529,.T.);
#1000=EDGE_CURVE('',#825,#829,#530,.T.);
#1001=EDGE_CURVE('',#829,#829,#15,.T.);
#1002=EDGE_CURVE('',#830,#830,#16,.T.);
#1003=EDGE_CURVE('',#824,#831,#531,.T.);
#1004=EDGE_CURVE('',#831,#831,#17,.T.);
#1005=EDGE_CURVE('',#832,#832,#18,.T.);
#1006=EDGE_CURVE('',#823,#833,#532,.T.);
#1007=EDGE_CURVE('',#833,#833,#19,.T.);
#1008=EDGE_CURVE('',#834,#834,#20,.T.);
#1009=EDGE_CURVE('',#822,#835,#533,.T.);
#1010=EDGE_CURVE('',#835,#835,#21,.T.);
#1011=EDGE_CURVE('',#836,#836,#22,.T.);
#1012=EDGE_CURVE('',#813,#837,#534,.T.);
#1013=EDGE_CURVE('',#837,#837,#23,.T.);
#1014=EDGE_CURVE('',#838,#838,#24,.T.);
#1015=EDGE_CURVE('',#812,#839,#535,.T.);
#1016=EDGE_CURVE('',#839,#839,#25,.T.);
#1017=EDGE_CURVE('',#840,#840,#26,.T.);
#1018=EDGE_CURVE('',#811,#841,#536,.T.);
#1019=EDGE_CURVE('',#841,#841,#27,.T.);
#1020=EDGE_CURVE('',#842,#842,#28,.T.);
#1021=EDGE_CURVE('',#810,#843,#537,.T.);
#1022=EDGE_CURVE('',#843,#843,#29,.T.);
#1023=EDGE_CURVE('',#844,#844,#30,.T.);
#1024=EDGE_CURVE('',#838,#845,#538,.T.);
#1025=EDGE_CURVE('',#845,#845,#31,.T.);
#1026=EDGE_CURVE('',#846,#846,#32,.T.);
#1027=EDGE_CURVE('',#846,#834,#539,.T.);
#1028=EDGE_CURVE('',#844,#847,#540,.T.);
#1029=EDGE_CURVE('',#847,#847,#33,.T.);
#1030=EDGE_CURVE('',#848,#848,#34,.T.);
#1031=EDGE_CURVE('',#848,#832,#541,.T.);
#1032=EDGE_CURVE('',#842,#849,#542,.T.);
#1033=EDGE_CURVE('',#849,#849,#35,.T.);
#1034=EDGE_CURVE('',#850,#850,#36,.T.);
#1035=EDGE_CURVE('',#850,#830,#543,.T.);
#1036=EDGE_CURVE('',#840,#851,#544,.T.);
#1037=EDGE_CURVE('',#851,#851,#37,.T.);
#1038=EDGE_CURVE('',#852,#852,#38,.T.);
#1039=EDGE_CURVE('',#852,#836,#545,.T.);
#1040=EDGE_CURVE('',#821,#853,#546,.T.);
#1041=EDGE_CURVE('',#853,#853,#39,.T.);
#1042=EDGE_CURVE('',#854,#854,#40,.T.);
#1043=EDGE_CURVE('',#820,#855,#547,.T.);
#1044=EDGE_CURVE('',#855,#855,#41,.T.);
#1045=EDGE_CURVE('',#856,#856,#42,.T.);
#1046=EDGE_CURVE('',#819,#857,#548,.T.);
#1047=EDGE_CURVE('',#857,#857,#43,.T.);
#1048=EDGE_CURVE('',#858,#858,#44,.T.);
#1049=EDGE_CURVE('',#818,#859,#549,.T.);
#1050=EDGE_CURVE('',#859,#859,#45,.T.);
#1051=EDGE_CURVE('',#860,#860,#46,.T.);
#1052=EDGE_CURVE('',#817,#861,#550,.T.);
#1053=EDGE_CURVE('',#861,#861,#47,.T.);
#1054=EDGE_CURVE('',#862,#862,#48,.T.);
#1055=EDGE_CURVE('',#816,#863,#551,.T.);
#1056=EDGE_CURVE('',#863,#863,#49,.T.);
#1057=EDGE_CURVE('',#864,#864,#50,.T.);
#1058=EDGE_CURVE('',#809,#865,#552,.T.);
#1059=EDGE_CURVE('',#865,#865,#51,.T.);
#1060=EDGE_CURVE('',#866,#866,#52,.T.);
#1061=EDGE_CURVE('',#808,#867,#553,.T.);
#1062=EDGE_CURVE('',#867,#867,#53,.T.);
#1063=EDGE_CURVE('',#868,#868,#54,.T.);
#1064=EDGE_CURVE('',#807,#869,#554,.T.);
#1065=EDGE_CURVE('',#869,#869,#55,.T.);
#1066=EDGE_CURVE('',#870,#870,#56,.T.);
#1067=EDGE_CURVE('',#806,#871,#555,.T.);
#1068=EDGE_CURVE('',#871,#871,#57,.T.);
#1069=EDGE_CURVE('',#872,#872,#58,.T.);
#1070=EDGE_CURVE('',#805,#873,#556,.T.);
#1071=EDGE_CURVE('',#873,#873,#59,.T.);
#1072=EDGE_CURVE('',#874,#874,#60,.T.);
#1073=EDGE_CURVE('',#804,#875,#557,.T.);
#1074=EDGE_CURVE('',#875,#875,#61,.T.);
#1075=EDGE_CURVE('',#876,#876,#62,.T.);
#1076=EDGE_CURVE('',#877,#877,#63,.T.);
#1077=EDGE_CURVE('',#877,#872,#558,.T.);
#1078=EDGE_CURVE('',#864,#878,#559,.T.);
#1079=EDGE_CURVE('',#878,#878,#64,.T.);
#1080=EDGE_CURVE('',#879,#879,#65,.T.);
#1081=EDGE_CURVE('',#879,#876,#560,.T.);
#1082=EDGE_CURVE('',#856,#880,#561,.T.);
#1083=EDGE_CURVE('',#880,#880,#66,.T.);
#1084=EDGE_CURVE('',#881,#881,#67,.T.);
#1085=EDGE_CURVE('',#881,#874,#562,.T.);
#1086=EDGE_CURVE('',#858,#882,#563,.T.);
#1087=EDGE_CURVE('',#882,#882,#68,.T.);
#1088=EDGE_CURVE('',#883,#883,#69,.T.);
#1089=EDGE_CURVE('',#883,#866,#564,.T.);
#1090=EDGE_CURVE('',#860,#884,#565,.T.);
#1091=EDGE_CURVE('',#884,#884,#70,.T.);
#1092=EDGE_CURVE('',#885,#885,#71,.T.);
#1093=EDGE_CURVE('',#885,#870,#566,.T.);
#1094=EDGE_CURVE('',#862,#886,#567,.T.);
#1095=EDGE_CURVE('',#886,#886,#72,.T.);
#1096=EDGE_CURVE('',#887,#887,#73,.T.);
#1097=EDGE_CURVE('',#887,#868,#568,.T.);
#1098=EDGE_CURVE('',#854,#888,#569,.T.);
#1099=EDGE_CURVE('',#888,#888,#74,.T.);
#1100=EDGE_CURVE('',#785,#828,#570,.T.);
#1101=EDGE_CURVE('',#826,#889,#571,.T.);
#1102=EDGE_CURVE('',#889,#890,#572,.T.);
#1103=EDGE_CURVE('',#890,#827,#573,.T.);
#1104=EDGE_CURVE('',#814,#787,#574,.T.);
#1105=EDGE_CURVE('',#794,#890,#575,.T.);
#1106=EDGE_CURVE('',#778,#801,#576,.T.);
#1107=EDGE_CURVE('',#777,#891,#577,.T.);
#1108=EDGE_CURVE('',#891,#892,#578,.T.);
#1109=EDGE_CURVE('',#892,#766,#579,.T.);
#1110=EDGE_CURVE('',#889,#795,#580,.T.);
#1111=EDGE_CURVE('',#773,#893,#581,.T.);
#1112=EDGE_CURVE('',#893,#894,#582,.T.);
#1113=EDGE_CURVE('',#774,#894,#583,.T.);
#1114=EDGE_CURVE('',#772,#895,#584,.T.);
#1115=EDGE_CURVE('',#895,#893,#585,.T.);
#1116=EDGE_CURVE('',#771,#896,#586,.T.);
#1117=EDGE_CURVE('',#896,#895,#587,.T.);
#1118=EDGE_CURVE('',#770,#897,#588,.T.);
#1119=EDGE_CURVE('',#897,#896,#589,.T.);
#1120=EDGE_CURVE('',#769,#898,#590,.T.);
#1121=EDGE_CURVE('',#898,#897,#591,.T.);
#1122=EDGE_CURVE('',#768,#899,#592,.T.);
#1123=EDGE_CURVE('',#899,#898,#593,.T.);
#1124=EDGE_CURVE('',#767,#900,#594,.T.);
#1125=EDGE_CURVE('',#900,#899,#595,.T.);
#1126=EDGE_CURVE('',#892,#900,#596,.T.);
#1127=EDGE_CURVE('',#776,#901,#597,.T.);
#1128=EDGE_CURVE('',#901,#891,#598,.T.);
#1129=EDGE_CURVE('',#775,#902,#599,.T.);
#1130=EDGE_CURVE('',#902,#901,#600,.T.);
#1131=EDGE_CURVE('',#894,#902,#601,.T.);
#1132=ORIENTED_EDGE('',*,*,#903,.T.);
#1133=ORIENTED_EDGE('',*,*,#904,.T.);
#1134=ORIENTED_EDGE('',*,*,#905,.T.);
#1135=ORIENTED_EDGE('',*,*,#906,.T.);
#1136=ORIENTED_EDGE('',*,*,#907,.T.);
#1137=ORIENTED_EDGE('',*,*,#908,.T.);
#1138=ORIENTED_EDGE('',*,*,#909,.T.);
#1139=ORIENTED_EDGE('',*,*,#906,.F.);
#1140=ORIENTED_EDGE('',*,*,#903,.F.);
#1141=ORIENTED_EDGE('',*,*,#910,.F.);
#1142=ORIENTED_EDGE('',*,*,#911,.F.);
#1143=ORIENTED_EDGE('',*,*,#912,.F.);
#1144=ORIENTED_EDGE('',*,*,#909,.F.);
#1145=ORIENTED_EDGE('',*,*,#913,.T.);
#1146=ORIENTED_EDGE('',*,*,#914,.T.);
#1147=ORIENTED_EDGE('',*,*,#910,.T.);
#1148=ORIENTED_EDGE('',*,*,#915,.T.);
#1149=ORIENTED_EDGE('',*,*,#916,.T.);
#1150=ORIENTED_EDGE('',*,*,#917,.T.);
#1151=ORIENTED_EDGE('',*,*,#918,.T.);
#1152=ORIENTED_EDGE('',*,*,#919,.T.);
#1153=ORIENTED_EDGE('',*,*,#920,.F.);
#1154=ORIENTED_EDGE('',*,*,#921,.T.);
#1155=ORIENTED_EDGE('',*,*,#918,.F.);
#1156=ORIENTED_EDGE('',*,*,#904,.F.);
#1157=ORIENTED_EDGE('',*,*,#912,.T.);
#1158=ORIENTED_EDGE('',*,*,#922,.F.);
#1159=ORIENTED_EDGE('',*,*,#923,.T.);
#1160=ORIENTED_EDGE('',*,*,#924,.T.);
#1161=ORIENTED_EDGE('',*,*,#925,.T.);
#1162=ORIENTED_EDGE('',*,*,#926,.T.);
#1163=ORIENTED_EDGE('',*,*,#927,.T.);
#1164=ORIENTED_EDGE('',*,*,#928,.T.);
#1165=ORIENTED_EDGE('',*,*,#929,.T.);
#1166=ORIENTED_EDGE('',*,*,#930,.T.);
#1167=ORIENTED_EDGE('',*,*,#931,.T.);
#1168=ORIENTED_EDGE('',*,*,#932,.T.);
#1169=ORIENTED_EDGE('',*,*,#933,.T.);
#1170=ORIENTED_EDGE('',*,*,#934,.F.);
#1171=ORIENTED_EDGE('',*,*,#935,.F.);
#1172=ORIENTED_EDGE('',*,*,#916,.F.);
#1173=ORIENTED_EDGE('',*,*,#936,.T.);
#1174=ORIENTED_EDGE('',*,*,#905,.F.);
#1175=ORIENTED_EDGE('',*,*,#936,.F.);
#1176=ORIENTED_EDGE('',*,*,#915,.F.);
#1177=ORIENTED_EDGE('',*,*,#921,.F.);
#1178=ORIENTED_EDGE('',*,*,#937,.F.);
#1179=ORIENTED_EDGE('',*,*,#938,.F.);
#1180=ORIENTED_EDGE('',*,*,#939,.F.);
#1181=ORIENTED_EDGE('',*,*,#940,.F.);
#1182=ORIENTED_EDGE('',*,*,#941,.F.);
#1183=ORIENTED_EDGE('',*,*,#907,.F.);
#1184=ORIENTED_EDGE('',*,*,#942,.T.);
#1185=ORIENTED_EDGE('',*,*,#939,.T.);
#1186=ORIENTED_EDGE('',*,*,#943,.T.);
#1187=ORIENTED_EDGE('',*,*,#944,.T.);
#1188=ORIENTED_EDGE('',*,*,#942,.F.);
#1189=ORIENTED_EDGE('',*,*,#945,.T.);
#1190=ORIENTED_EDGE('',*,*,#946,.T.);
#1191=ORIENTED_EDGE('',*,*,#947,.T.);
#1192=ORIENTED_EDGE('',*,*,#940,.T.);
#1193=ORIENTED_EDGE('',*,*,#947,.F.);
#1194=ORIENTED_EDGE('',*,*,#948,.F.);
#1195=ORIENTED_EDGE('',*,*,#949,.F.);
#1196=ORIENTED_EDGE('',*,*,#913,.F.);
#1197=ORIENTED_EDGE('',*,*,#908,.F.);
#1198=ORIENTED_EDGE('',*,*,#941,.T.);
#1199=ORIENTED_EDGE('',*,*,#943,.F.);
#1200=ORIENTED_EDGE('',*,*,#938,.T.);
#1201=ORIENTED_EDGE('',*,*,#950,.T.);
#1202=ORIENTED_EDGE('',*,*,#951,.T.);
#1203=ORIENTED_EDGE('',*,*,#952,.T.);
#1204=ORIENTED_EDGE('',*,*,#951,.F.);
#1205=ORIENTED_EDGE('',*,*,#953,.T.);
#1206=ORIENTED_EDGE('',*,*,#954,.T.);
#1207=ORIENTED_EDGE('',*,*,#955,.T.);
#1208=ORIENTED_EDGE('',*,*,#956,.T.);
#1209=ORIENTED_EDGE('',*,*,#957,.T.);
#1210=ORIENTED_EDGE('',*,*,#958,.T.);
#1211=ORIENTED_EDGE('',*,*,#959,.T.);
#1212=ORIENTED_EDGE('',*,*,#960,.T.);
#1213=ORIENTED_EDGE('',*,*,#961,.T.);
#1214=ORIENTED_EDGE('',*,*,#962,.T.);
#1215=ORIENTED_EDGE('',*,*,#963,.T.);
#1216=ORIENTED_EDGE('',*,*,#950,.F.);
#1217=ORIENTED_EDGE('',*,*,#937,.T.);
#1218=ORIENTED_EDGE('',*,*,#920,.T.);
#1219=ORIENTED_EDGE('',*,*,#964,.F.);
#1220=ORIENTED_EDGE('',*,*,#965,.T.);
#1221=ORIENTED_EDGE('',*,*,#953,.F.);
#1222=ORIENTED_EDGE('',*,*,#919,.F.);
#1223=ORIENTED_EDGE('',*,*,#966,.T.);
#1224=ORIENTED_EDGE('',*,*,#967,.T.);
#1225=ORIENTED_EDGE('',*,*,#964,.T.);
#1226=ORIENTED_EDGE('',*,*,#961,.F.);
#1227=ORIENTED_EDGE('',*,*,#968,.F.);
#1228=ORIENTED_EDGE('',*,*,#969,.F.);
#1229=ORIENTED_EDGE('',*,*,#970,.F.);
#1230=ORIENTED_EDGE('',*,*,#971,.F.);
#1231=ORIENTED_EDGE('',*,*,#972,.F.);
#1232=ORIENTED_EDGE('',*,*,#973,.F.);
#1233=ORIENTED_EDGE('',*,*,#974,.F.);
#1234=ORIENTED_EDGE('',*,*,#975,.F.);
#1235=ORIENTED_EDGE('',*,*,#976,.F.);
#1236=ORIENTED_EDGE('',*,*,#977,.F.);
#1237=ORIENTED_EDGE('',*,*,#978,.F.);
#1238=ORIENTED_EDGE('',*,*,#979,.F.);
#1239=ORIENTED_EDGE('',*,*,#980,.F.);
#1240=ORIENTED_EDGE('',*,*,#955,.F.);
#1241=ORIENTED_EDGE('',*,*,#981,.F.);
#1242=ORIENTED_EDGE('',*,*,#982,.F.);
#1243=ORIENTED_EDGE('',*,*,#983,.F.);
#1244=ORIENTED_EDGE('',*,*,#984,.F.);
#1245=ORIENTED_EDGE('',*,*,#985,.F.);
#1246=ORIENTED_EDGE('',*,*,#986,.F.);
#1247=ORIENTED_EDGE('',*,*,#987,.F.);
#1248=ORIENTED_EDGE('',*,*,#988,.F.);
#1249=ORIENTED_EDGE('',*,*,#989,.F.);
#1250=ORIENTED_EDGE('',*,*,#990,.F.);
#1251=ORIENTED_EDGE('',*,*,#991,.F.);
#1252=ORIENTED_EDGE('',*,*,#992,.F.);
#1253=ORIENTED_EDGE('',*,*,#993,.F.);
#1254=ORIENTED_EDGE('',*,*,#968,.T.);
#1255=ORIENTED_EDGE('',*,*,#960,.F.);
#1256=ORIENTED_EDGE('',*,*,#994,.F.);
#1257=ORIENTED_EDGE('',*,*,#995,.T.);
#1258=ORIENTED_EDGE('',*,*,#983,.T.);
#1259=ORIENTED_EDGE('',*,*,#996,.F.);
#1260=ORIENTED_EDGE('',*,*,#997,.F.);
#1261=ORIENTED_EDGE('',*,*,#956,.F.);
#1262=ORIENTED_EDGE('',*,*,#970,.T.);
#1263=ORIENTED_EDGE('',*,*,#998,.F.);
#1264=ORIENTED_EDGE('',*,*,#999,.T.);
#1265=ORIENTED_EDGE('',*,*,#962,.F.);
#1266=ORIENTED_EDGE('',*,*,#993,.T.);
#1267=ORIENTED_EDGE('',*,*,#1000,.T.);
#1268=ORIENTED_EDGE('',*,*,#1001,.T.);
#1269=ORIENTED_EDGE('',*,*,#1000,.F.);
#1270=ORIENTED_EDGE('',*,*,#1001,.F.);
#1271=ORIENTED_EDGE('',*,*,#1002,.F.);
#1272=ORIENTED_EDGE('',*,*,#992,.T.);
#1273=ORIENTED_EDGE('',*,*,#1003,.T.);
#1274=ORIENTED_EDGE('',*,*,#1004,.T.);
#1275=ORIENTED_EDGE('',*,*,#1003,.F.);
#1276=ORIENTED_EDGE('',*,*,#1004,.F.);
#1277=ORIENTED_EDGE('',*,*,#1005,.F.);
#1278=ORIENTED_EDGE('',*,*,#991,.T.);
#1279=ORIENTED_EDGE('',*,*,#1006,.T.);
#1280=ORIENTED_EDGE('',*,*,#1007,.T.);
#1281=ORIENTED_EDGE('',*,*,#1006,.F.);
#1282=ORIENTED_EDGE('',*,*,#1007,.F.);
#1283=ORIENTED_EDGE('',*,*,#1008,.F.);
#1284=ORIENTED_EDGE('',*,*,#990,.T.);
#1285=ORIENTED_EDGE('',*,*,#1009,.T.);
#1286=ORIENTED_EDGE('',*,*,#1010,.T.);
#1287=ORIENTED_EDGE('',*,*,#1009,.F.);
#1288=ORIENTED_EDGE('',*,*,#1010,.F.);
#1289=ORIENTED_EDGE('',*,*,#1011,.F.);
#1290=ORIENTED_EDGE('',*,*,#980,.T.);
#1291=ORIENTED_EDGE('',*,*,#1012,.T.);
#1292=ORIENTED_EDGE('',*,*,#1013,.T.);
#1293=ORIENTED_EDGE('',*,*,#1012,.F.);
#1294=ORIENTED_EDGE('',*,*,#1013,.F.);
#1295=ORIENTED_EDGE('',*,*,#1014,.F.);
#1296=ORIENTED_EDGE('',*,*,#979,.T.);
#1297=ORIENTED_EDGE('',*,*,#1015,.T.);
#1298=ORIENTED_EDGE('',*,*,#1016,.T.);
#1299=ORIENTED_EDGE('',*,*,#1015,.F.);
#1300=ORIENTED_EDGE('',*,*,#1016,.F.);
#1301=ORIENTED_EDGE('',*,*,#1017,.F.);
#1302=ORIENTED_EDGE('',*,*,#978,.T.);
#1303=ORIENTED_EDGE('',*,*,#1018,.T.);
#1304=ORIENTED_EDGE('',*,*,#1019,.T.);
#1305=ORIENTED_EDGE('',*,*,#1018,.F.);
#1306=ORIENTED_EDGE('',*,*,#1019,.F.);
#1307=ORIENTED_EDGE('',*,*,#1020,.F.);
#1308=ORIENTED_EDGE('',*,*,#977,.T.);
#1309=ORIENTED_EDGE('',*,*,#1021,.T.);
#1310=ORIENTED_EDGE('',*,*,#1022,.T.);
#1311=ORIENTED_EDGE('',*,*,#1021,.F.);
#1312=ORIENTED_EDGE('',*,*,#1022,.F.);
#1313=ORIENTED_EDGE('',*,*,#1023,.F.);
#1314=ORIENTED_EDGE('',*,*,#1014,.T.);
#1315=ORIENTED_EDGE('',*,*,#1024,.T.);
#1316=ORIENTED_EDGE('',*,*,#1025,.F.);
#1317=ORIENTED_EDGE('',*,*,#1024,.F.);
#1318=ORIENTED_EDGE('',*,*,#1026,.F.);
#1319=ORIENTED_EDGE('',*,*,#1027,.T.);
#1320=ORIENTED_EDGE('',*,*,#1008,.T.);
#1321=ORIENTED_EDGE('',*,*,#1027,.F.);
#1322=ORIENTED_EDGE('',*,*,#1023,.T.);
#1323=ORIENTED_EDGE('',*,*,#1028,.T.);
#1324=ORIENTED_EDGE('',*,*,#1029,.F.);
#1325=ORIENTED_EDGE('',*,*,#1028,.F.);
#1326=ORIENTED_EDGE('',*,*,#1030,.F.);
#1327=ORIENTED_EDGE('',*,*,#1031,.T.);
#1328=ORIENTED_EDGE('',*,*,#1005,.T.);
#1329=ORIENTED_EDGE('',*,*,#1031,.F.);
#1330=ORIENTED_EDGE('',*,*,#1020,.T.);
#1331=ORIENTED_EDGE('',*,*,#1032,.T.);
#1332=ORIENTED_EDGE('',*,*,#1033,.F.);
#1333=ORIENTED_EDGE('',*,*,#1032,.F.);
#1334=ORIENTED_EDGE('',*,*,#1034,.F.);
#1335=ORIENTED_EDGE('',*,*,#1035,.T.);
#1336=ORIENTED_EDGE('',*,*,#1002,.T.);
#1337=ORIENTED_EDGE('',*,*,#1035,.F.);
#1338=ORIENTED_EDGE('',*,*,#1017,.T.);
#1339=ORIENTED_EDGE('',*,*,#1036,.T.);
#1340=ORIENTED_EDGE('',*,*,#1037,.F.);
#1341=ORIENTED_EDGE('',*,*,#1036,.F.);
#1342=ORIENTED_EDGE('',*,*,#1038,.F.);
#1343=ORIENTED_EDGE('',*,*,#1039,.T.);
#1344=ORIENTED_EDGE('',*,*,#1011,.T.);
#1345=ORIENTED_EDGE('',*,*,#1039,.F.);
#1346=ORIENTED_EDGE('',*,*,#989,.T.);
#1347=ORIENTED_EDGE('',*,*,#1040,.T.);
#1348=ORIENTED_EDGE('',*,*,#1041,.T.);
#1349=ORIENTED_EDGE('',*,*,#1040,.F.);
#1350=ORIENTED_EDGE('',*,*,#1041,.F.);
#1351=ORIENTED_EDGE('',*,*,#1042,.F.);
#1352=ORIENTED_EDGE('',*,*,#988,.T.);
#1353=ORIENTED_EDGE('',*,*,#1043,.T.);
#1354=ORIENTED_EDGE('',*,*,#1044,.T.);
#1355=ORIENTED_EDGE('',*,*,#1043,.F.);
#1356=ORIENTED_EDGE('',*,*,#1044,.F.);
#1357=ORIENTED_EDGE('',*,*,#1045,.F.);
#1358=ORIENTED_EDGE('',*,*,#987,.T.);
#1359=ORIENTED_EDGE('',*,*,#1046,.T.);
#1360=ORIENTED_EDGE('',*,*,#1047,.T.);
#1361=ORIENTED_EDGE('',*,*,#1046,.F.);
#1362=ORIENTED_EDGE('',*,*,#1047,.F.);
#1363=ORIENTED_EDGE('',*,*,#1048,.F.);
#1364=ORIENTED_EDGE('',*,*,#986,.T.);
#1365=ORIENTED_EDGE('',*,*,#1049,.T.);
#1366=ORIENTED_EDGE('',*,*,#1050,.T.);
#1367=ORIENTED_EDGE('',*,*,#1049,.F.);
#1368=ORIENTED_EDGE('',*,*,#1050,.F.);
#1369=ORIENTED_EDGE('',*,*,#1051,.F.);
#1370=ORIENTED_EDGE('',*,*,#985,.T.);
#1371=ORIENTED_EDGE('',*,*,#1052,.T.);
#1372=ORIENTED_EDGE('',*,*,#1053,.T.);
#1373=ORIENTED_EDGE('',*,*,#1052,.F.);
#1374=ORIENTED_EDGE('',*,*,#1053,.F.);
#1375=ORIENTED_EDGE('',*,*,#1054,.F.);
#1376=ORIENTED_EDGE('',*,*,#984,.T.);
#1377=ORIENTED_EDGE('',*,*,#1055,.T.);
#1378=ORIENTED_EDGE('',*,*,#1056,.T.);
#1379=ORIENTED_EDGE('',*,*,#1055,.F.);
#1380=ORIENTED_EDGE('',*,*,#1056,.F.);
#1381=ORIENTED_EDGE('',*,*,#1057,.F.);
#1382=ORIENTED_EDGE('',*,*,#976,.T.);
#1383=ORIENTED_EDGE('',*,*,#1058,.T.);
#1384=ORIENTED_EDGE('',*,*,#1059,.T.);
#1385=ORIENTED_EDGE('',*,*,#1058,.F.);
#1386=ORIENTED_EDGE('',*,*,#1059,.F.);
#1387=ORIENTED_EDGE('',*,*,#1060,.F.);
#1388=ORIENTED_EDGE('',*,*,#975,.T.);
#1389=ORIENTED_EDGE('',*,*,#1061,.T.);
#1390=ORIENTED_EDGE('',*,*,#1062,.T.);
#1391=ORIENTED_EDGE('',*,*,#1061,.F.);
#1392=ORIENTED_EDGE('',*,*,#1062,.F.);
#1393=ORIENTED_EDGE('',*,*,#1063,.F.);
#1394=ORIENTED_EDGE('',*,*,#974,.T.);
#1395=ORIENTED_EDGE('',*,*,#1064,.T.);
#1396=ORIENTED_EDGE('',*,*,#1065,.T.);
#1397=ORIENTED_EDGE('',*,*,#1064,.F.);
#1398=ORIENTED_EDGE('',*,*,#1065,.F.);
#1399=ORIENTED_EDGE('',*,*,#1066,.F.);
#1400=ORIENTED_EDGE('',*,*,#973,.T.);
#1401=ORIENTED_EDGE('',*,*,#1067,.T.);
#1402=ORIENTED_EDGE('',*,*,#1068,.T.);
#1403=ORIENTED_EDGE('',*,*,#1067,.F.);
#1404=ORIENTED_EDGE('',*,*,#1068,.F.);
#1405=ORIENTED_EDGE('',*,*,#1069,.F.);
#1406=ORIENTED_EDGE('',*,*,#972,.T.);
#1407=ORIENTED_EDGE('',*,*,#1070,.T.);
#1408=ORIENTED_EDGE('',*,*,#1071,.T.);
#1409=ORIENTED_EDGE('',*,*,#1070,.F.);
#1410=ORIENTED_EDGE('',*,*,#1071,.F.);
#1411=ORIENTED_EDGE('',*,*,#1072,.F.);
#1412=ORIENTED_EDGE('',*,*,#971,.T.);
#1413=ORIENTED_EDGE('',*,*,#1073,.T.);
#1414=ORIENTED_EDGE('',*,*,#1074,.T.);
#1415=ORIENTED_EDGE('',*,*,#1073,.F.);
#1416=ORIENTED_EDGE('',*,*,#1074,.F.);
#1417=ORIENTED_EDGE('',*,*,#1075,.F.);
#1418=ORIENTED_EDGE('',*,*,#1076,.F.);
#1419=ORIENTED_EDGE('',*,*,#1077,.T.);
#1420=ORIENTED_EDGE('',*,*,#1069,.T.);
#1421=ORIENTED_EDGE('',*,*,#1077,.F.);
#1422=ORIENTED_EDGE('',*,*,#1057,.T.);
#1423=ORIENTED_EDGE('',*,*,#1078,.T.);
#1424=ORIENTED_EDGE('',*,*,#1079,.F.);
#1425=ORIENTED_EDGE('',*,*,#1078,.F.);
#1426=ORIENTED_EDGE('',*,*,#1080,.F.);
#1427=ORIENTED_EDGE('',*,*,#1081,.T.);
#1428=ORIENTED_EDGE('',*,*,#1075,.T.);
#1429=ORIENTED_EDGE('',*,*,#1081,.F.);
#1430=ORIENTED_EDGE('',*,*,#1045,.T.);
#1431=ORIENTED_EDGE('',*,*,#1082,.T.);
#1432=ORIENTED_EDGE('',*,*,#1083,.F.);
#1433=ORIENTED_EDGE('',*,*,#1082,.F.);
#1434=ORIENTED_EDGE('',*,*,#1084,.F.);
#1435=ORIENTED_EDGE('',*,*,#1085,.T.);
#1436=ORIENTED_EDGE('',*,*,#1072,.T.);
#1437=ORIENTED_EDGE('',*,*,#1085,.F.);
#1438=ORIENTED_EDGE('',*,*,#1048,.T.);
#1439=ORIENTED_EDGE('',*,*,#1086,.T.);
#1440=ORIENTED_EDGE('',*,*,#1087,.F.);
#1441=ORIENTED_EDGE('',*,*,#1086,.F.);
#1442=ORIENTED_EDGE('',*,*,#1088,.F.);
#1443=ORIENTED_EDGE('',*,*,#1089,.T.);
#1444=ORIENTED_EDGE('',*,*,#1060,.T.);
#1445=ORIENTED_EDGE('',*,*,#1089,.F.);
#1446=ORIENTED_EDGE('',*,*,#1051,.T.);
#1447=ORIENTED_EDGE('',*,*,#1090,.T.);
#1448=ORIENTED_EDGE('',*,*,#1091,.F.);
#1449=ORIENTED_EDGE('',*,*,#1090,.F.);
#1450=ORIENTED_EDGE('',*,*,#1092,.F.);
#1451=ORIENTED_EDGE('',*,*,#1093,.T.);
#1452=ORIENTED_EDGE('',*,*,#1066,.T.);
#1453=ORIENTED_EDGE('',*,*,#1093,.F.);
#1454=ORIENTED_EDGE('',*,*,#1054,.T.);
#1455=ORIENTED_EDGE('',*,*,#1094,.T.);
#1456=ORIENTED_EDGE('',*,*,#1095,.F.);
#1457=ORIENTED_EDGE('',*,*,#1094,.F.);
#1458=ORIENTED_EDGE('',*,*,#1096,.F.);
#1459=ORIENTED_EDGE('',*,*,#1097,.T.);
#1460=ORIENTED_EDGE('',*,*,#1063,.T.);
#1461=ORIENTED_EDGE('',*,*,#1097,.F.);
#1462=ORIENTED_EDGE('',*,*,#1042,.T.);
#1463=ORIENTED_EDGE('',*,*,#1098,.T.);
#1464=ORIENTED_EDGE('',*,*,#1099,.F.);
#1465=ORIENTED_EDGE('',*,*,#1098,.F.);
#1466=ORIENTED_EDGE('',*,*,#946,.F.);
#1467=ORIENTED_EDGE('',*,*,#1100,.T.);
#1468=ORIENTED_EDGE('',*,*,#998,.T.);
#1469=ORIENTED_EDGE('',*,*,#969,.T.);
#1470=ORIENTED_EDGE('',*,*,#995,.F.);
#1471=ORIENTED_EDGE('',*,*,#1101,.T.);
#1472=ORIENTED_EDGE('',*,*,#1102,.T.);
#1473=ORIENTED_EDGE('',*,*,#1103,.T.);
#1474=ORIENTED_EDGE('',*,*,#996,.T.);
#1475=ORIENTED_EDGE('',*,*,#982,.T.);
#1476=ORIENTED_EDGE('',*,*,#1104,.T.);
#1477=ORIENTED_EDGE('',*,*,#948,.T.);
#1478=ORIENTED_EDGE('',*,*,#1105,.F.);
#1479=ORIENTED_EDGE('',*,*,#957,.F.);
#1480=ORIENTED_EDGE('',*,*,#997,.T.);
#1481=ORIENTED_EDGE('',*,*,#1103,.F.);
#1482=ORIENTED_EDGE('',*,*,#1026,.T.);
#1483=ORIENTED_EDGE('',*,*,#1030,.T.);
#1484=ORIENTED_EDGE('',*,*,#1034,.T.);
#1485=ORIENTED_EDGE('',*,*,#1038,.T.);
#1486=ORIENTED_EDGE('',*,*,#1079,.T.);
#1487=ORIENTED_EDGE('',*,*,#1083,.T.);
#1488=ORIENTED_EDGE('',*,*,#1087,.T.);
#1489=ORIENTED_EDGE('',*,*,#1091,.T.);
#1490=ORIENTED_EDGE('',*,*,#1095,.T.);
#1491=ORIENTED_EDGE('',*,*,#1099,.T.);
#1492=ORIENTED_EDGE('',*,*,#981,.T.);
#1493=ORIENTED_EDGE('',*,*,#954,.F.);
#1494=ORIENTED_EDGE('',*,*,#965,.F.);
#1495=ORIENTED_EDGE('',*,*,#967,.F.);
#1496=ORIENTED_EDGE('',*,*,#1106,.F.);
#1497=ORIENTED_EDGE('',*,*,#934,.T.);
#1498=ORIENTED_EDGE('',*,*,#1107,.T.);
#1499=ORIENTED_EDGE('',*,*,#1108,.T.);
#1500=ORIENTED_EDGE('',*,*,#1109,.T.);
#1501=ORIENTED_EDGE('',*,*,#922,.T.);
#1502=ORIENTED_EDGE('',*,*,#911,.T.);
#1503=ORIENTED_EDGE('',*,*,#914,.F.);
#1504=ORIENTED_EDGE('',*,*,#949,.T.);
#1505=ORIENTED_EDGE('',*,*,#1104,.F.);
#1506=ORIENTED_EDGE('',*,*,#1105,.T.);
#1507=ORIENTED_EDGE('',*,*,#1102,.F.);
#1508=ORIENTED_EDGE('',*,*,#1110,.T.);
#1509=ORIENTED_EDGE('',*,*,#958,.F.);
#1510=ORIENTED_EDGE('',*,*,#1110,.F.);
#1511=ORIENTED_EDGE('',*,*,#1101,.F.);
#1512=ORIENTED_EDGE('',*,*,#994,.T.);
#1513=ORIENTED_EDGE('',*,*,#959,.F.);
#1514=ORIENTED_EDGE('',*,*,#1025,.T.);
#1515=ORIENTED_EDGE('',*,*,#1029,.T.);
#1516=ORIENTED_EDGE('',*,*,#1033,.T.);
#1517=ORIENTED_EDGE('',*,*,#1037,.T.);
#1518=ORIENTED_EDGE('',*,*,#1076,.T.);
#1519=ORIENTED_EDGE('',*,*,#1080,.T.);
#1520=ORIENTED_EDGE('',*,*,#1084,.T.);
#1521=ORIENTED_EDGE('',*,*,#1088,.T.);
#1522=ORIENTED_EDGE('',*,*,#1092,.T.);
#1523=ORIENTED_EDGE('',*,*,#1096,.T.);
#1524=ORIENTED_EDGE('',*,*,#917,.F.);
#1525=ORIENTED_EDGE('',*,*,#935,.T.);
#1526=ORIENTED_EDGE('',*,*,#1106,.T.);
#1527=ORIENTED_EDGE('',*,*,#966,.F.);
#1528=ORIENTED_EDGE('',*,*,#944,.F.);
#1529=ORIENTED_EDGE('',*,*,#952,.F.);
#1530=ORIENTED_EDGE('',*,*,#963,.F.);
#1531=ORIENTED_EDGE('',*,*,#999,.F.);
#1532=ORIENTED_EDGE('',*,*,#1100,.F.);
#1533=ORIENTED_EDGE('',*,*,#945,.F.);
#1534=ORIENTED_EDGE('',*,*,#930,.F.);
#1535=ORIENTED_EDGE('',*,*,#1111,.T.);
#1536=ORIENTED_EDGE('',*,*,#1112,.T.);
#1537=ORIENTED_EDGE('',*,*,#1113,.F.);
#1538=ORIENTED_EDGE('',*,*,#929,.F.);
#1539=ORIENTED_EDGE('',*,*,#1114,.T.);
#1540=ORIENTED_EDGE('',*,*,#1115,.T.);
#1541=ORIENTED_EDGE('',*,*,#1111,.F.);
#1542=ORIENTED_EDGE('',*,*,#928,.F.);
#1543=ORIENTED_EDGE('',*,*,#1116,.T.);
#1544=ORIENTED_EDGE('',*,*,#1117,.T.);
#1545=ORIENTED_EDGE('',*,*,#1114,.F.);
#1546=ORIENTED_EDGE('',*,*,#927,.F.);
#1547=ORIENTED_EDGE('',*,*,#1118,.T.);
#1548=ORIENTED_EDGE('',*,*,#1119,.T.);
#1549=ORIENTED_EDGE('',*,*,#1116,.F.);
#1550=ORIENTED_EDGE('',*,*,#926,.F.);
#1551=ORIENTED_EDGE('',*,*,#1120,.T.);
#1552=ORIENTED_EDGE('',*,*,#1121,.T.);
#1553=ORIENTED_EDGE('',*,*,#1118,.F.);
#1554=ORIENTED_EDGE('',*,*,#925,.F.);
#1555=ORIENTED_EDGE('',*,*,#1122,.T.);
#1556=ORIENTED_EDGE('',*,*,#1123,.T.);
#1557=ORIENTED_EDGE('',*,*,#1120,.F.);
#1558=ORIENTED_EDGE('',*,*,#924,.F.);
#1559=ORIENTED_EDGE('',*,*,#1124,.T.);
#1560=ORIENTED_EDGE('',*,*,#1125,.T.);
#1561=ORIENTED_EDGE('',*,*,#1122,.F.);
#1562=ORIENTED_EDGE('',*,*,#923,.F.);
#1563=ORIENTED_EDGE('',*,*,#1109,.F.);
#1564=ORIENTED_EDGE('',*,*,#1126,.T.);
#1565=ORIENTED_EDGE('',*,*,#1124,.F.);
#1566=ORIENTED_EDGE('',*,*,#933,.F.);
#1567=ORIENTED_EDGE('',*,*,#1127,.T.);
#1568=ORIENTED_EDGE('',*,*,#1128,.T.);
#1569=ORIENTED_EDGE('',*,*,#1107,.F.);
#1570=ORIENTED_EDGE('',*,*,#932,.F.);
#1571=ORIENTED_EDGE('',*,*,#1129,.T.);
#1572=ORIENTED_EDGE('',*,*,#1130,.T.);
#1573=ORIENTED_EDGE('',*,*,#1127,.F.);
#1574=ORIENTED_EDGE('',*,*,#931,.F.);
#1575=ORIENTED_EDGE('',*,*,#1113,.T.);
#1576=ORIENTED_EDGE('',*,*,#1131,.T.);
#1577=ORIENTED_EDGE('',*,*,#1129,.F.);
#1578=ORIENTED_EDGE('',*,*,#1131,.F.);
#1579=ORIENTED_EDGE('',*,*,#1112,.F.);
#1580=ORIENTED_EDGE('',*,*,#1115,.F.);
#1581=ORIENTED_EDGE('',*,*,#1117,.F.);
#1582=ORIENTED_EDGE('',*,*,#1119,.F.);
#1583=ORIENTED_EDGE('',*,*,#1121,.F.);
#1584=ORIENTED_EDGE('',*,*,#1123,.F.);
#1585=ORIENTED_EDGE('',*,*,#1125,.F.);
#1586=ORIENTED_EDGE('',*,*,#1126,.F.);
#1587=ORIENTED_EDGE('',*,*,#1108,.F.);
#1588=ORIENTED_EDGE('',*,*,#1128,.F.);
#1589=ORIENTED_EDGE('',*,*,#1130,.F.);
#1590=PLANE('',#1762);
#1591=PLANE('',#1763);
#1592=PLANE('',#1764);
#1593=PLANE('',#1765);
#1594=PLANE('',#1766);
#1595=PLANE('',#1767);
#1596=PLANE('',#1768);
#1597=PLANE('',#1769);
#1598=PLANE('',#1770);
#1599=PLANE('',#1771);
#1600=PLANE('',#1772);
#1601=PLANE('',#1773);
#1602=PLANE('',#1774);
#1603=PLANE('',#1775);
#1604=PLANE('',#1776);
#1605=PLANE('',#1777);
#1606=PLANE('',#1788);
#1607=PLANE('',#1799);
#1608=PLANE('',#1800);
#1609=PLANE('',#1801);
#1610=PLANE('',#1804);
#1611=PLANE('',#1808);
#1612=PLANE('',#1812);
#1613=PLANE('',#1816);
#1614=PLANE('',#1820);
#1615=PLANE('',#1824);
#1616=PLANE('',#1828);
#1617=PLANE('',#1832);
#1618=PLANE('',#1852);
#1619=PLANE('',#1856);
#1620=PLANE('',#1860);
#1621=PLANE('',#1864);
#1622=PLANE('',#1868);
#1623=PLANE('',#1872);
#1624=PLANE('',#1876);
#1625=PLANE('',#1880);
#1626=PLANE('',#1884);
#1627=PLANE('',#1888);
#1628=PLANE('',#1892);
#1629=PLANE('',#1896);
#1630=PLANE('',#1922);
#1631=PLANE('',#1923);
#1632=PLANE('',#1924);
#1633=PLANE('',#1925);
#1634=PLANE('',#1926);
#1635=PLANE('',#1927);
#1636=PLANE('',#1928);
#1637=PLANE('',#1929);
#1638=PLANE('',#1930);
#1639=PLANE('',#1931);
#1640=PLANE('',#1932);
#1641=PLANE('',#1933);
#1642=PLANE('',#1934);
#1643=PLANE('',#1935);
#1644=PLANE('',#1936);
#1645=PLANE('',#1937);
#1646=PLANE('',#1938);
#1647=PLANE('',#1939);
#1648=PLANE('',#1940);
#1649=ADVANCED_FACE('',(#195),#1590,.T.);
#1650=ADVANCED_FACE('',(#196),#1591,.T.);
#1651=ADVANCED_FACE('',(#197),#1592,.T.);
#1652=ADVANCED_FACE('',(#198),#1593,.T.);
#1653=ADVANCED_FACE('',(#199),#1594,.T.);
#1654=ADVANCED_FACE('',(#200),#1595,.T.);
#1655=ADVANCED_FACE('',(#201),#1596,.T.);
#1656=ADVANCED_FACE('',(#202),#1597,.F.);
#1657=ADVANCED_FACE('',(#203),#1598,.T.);
#1658=ADVANCED_FACE('',(#204),#1599,.T.);
#1659=ADVANCED_FACE('',(#205),#1600,.T.);
#1660=ADVANCED_FACE('',(#206),#1601,.T.);
#1661=ADVANCED_FACE('',(#207),#1602,.T.);
#1662=ADVANCED_FACE('',(#208),#1603,.T.);
#1663=ADVANCED_FACE('',(#209),#1604,.T.);
#1664=ADVANCED_FACE('',(#210,#115,#116,#117,#118,#119,#120,#121,#122,#123,
#124),#1605,.F.);
#1665=ADVANCED_FACE('',(#211,#125,#126,#127,#128,#129,#130,#131,#132,#133,
#134),#1606,.F.);
#1666=ADVANCED_FACE('',(#212),#1607,.T.);
#1667=ADVANCED_FACE('',(#213),#1608,.T.);
#1668=ADVANCED_FACE('',(#214),#1609,.T.);
#1669=ADVANCED_FACE('',(#215),#75,.F.);
#1670=ADVANCED_FACE('',(#216,#135),#1610,.T.);
#1671=ADVANCED_FACE('',(#217),#76,.F.);
#1672=ADVANCED_FACE('',(#218,#136),#1611,.T.);
#1673=ADVANCED_FACE('',(#219),#77,.F.);
#1674=ADVANCED_FACE('',(#220,#137),#1612,.T.);
#1675=ADVANCED_FACE('',(#221),#78,.F.);
#1676=ADVANCED_FACE('',(#222,#138),#1613,.T.);
#1677=ADVANCED_FACE('',(#223),#79,.F.);
#1678=ADVANCED_FACE('',(#224,#139),#1614,.T.);
#1679=ADVANCED_FACE('',(#225),#80,.F.);
#1680=ADVANCED_FACE('',(#226,#140),#1615,.T.);
#1681=ADVANCED_FACE('',(#227),#81,.F.);
#1682=ADVANCED_FACE('',(#228,#141),#1616,.T.);
#1683=ADVANCED_FACE('',(#229),#82,.F.);
#1684=ADVANCED_FACE('',(#230,#142),#1617,.T.);
#1685=ADVANCED_FACE('',(#231),#83,.F.);
#1686=ADVANCED_FACE('',(#232),#84,.F.);
#1687=ADVANCED_FACE('',(#233),#85,.F.);
#1688=ADVANCED_FACE('',(#234),#86,.F.);
#1689=ADVANCED_FACE('',(#235),#87,.F.);
#1690=ADVANCED_FACE('',(#236),#88,.F.);
#1691=ADVANCED_FACE('',(#237),#89,.F.);
#1692=ADVANCED_FACE('',(#238),#90,.F.);
#1693=ADVANCED_FACE('',(#239),#91,.F.);
#1694=ADVANCED_FACE('',(#240,#143),#1618,.T.);
#1695=ADVANCED_FACE('',(#241),#92,.F.);
#1696=ADVANCED_FACE('',(#242,#144),#1619,.T.);
#1697=ADVANCED_FACE('',(#243),#93,.F.);
#1698=ADVANCED_FACE('',(#244,#145),#1620,.T.);
#1699=ADVANCED_FACE('',(#245),#94,.F.);
#1700=ADVANCED_FACE('',(#246,#146),#1621,.T.);
#1701=ADVANCED_FACE('',(#247),#95,.F.);
#1702=ADVANCED_FACE('',(#248,#147),#1622,.T.);
#1703=ADVANCED_FACE('',(#249),#96,.F.);
#1704=ADVANCED_FACE('',(#250,#148),#1623,.T.);
#1705=ADVANCED_FACE('',(#251),#97,.F.);
#1706=ADVANCED_FACE('',(#252,#149),#1624,.T.);
#1707=ADVANCED_FACE('',(#253),#98,.F.);
#1708=ADVANCED_FACE('',(#254,#150),#1625,.T.);
#1709=ADVANCED_FACE('',(#255),#99,.F.);
#1710=ADVANCED_FACE('',(#256,#151),#1626,.T.);
#1711=ADVANCED_FACE('',(#257),#100,.F.);
#1712=ADVANCED_FACE('',(#258,#152),#1627,.T.);
#1713=ADVANCED_FACE('',(#259),#101,.F.);
#1714=ADVANCED_FACE('',(#260,#153),#1628,.T.);
#1715=ADVANCED_FACE('',(#261),#102,.F.);
#1716=ADVANCED_FACE('',(#262,#154),#1629,.T.);
#1717=ADVANCED_FACE('',(#263),#103,.F.);
#1718=ADVANCED_FACE('',(#264),#104,.F.);
#1719=ADVANCED_FACE('',(#265),#105,.F.);
#1720=ADVANCED_FACE('',(#266),#106,.F.);
#1721=ADVANCED_FACE('',(#267),#107,.F.);
#1722=ADVANCED_FACE('',(#268),#108,.F.);
#1723=ADVANCED_FACE('',(#269),#109,.F.);
#1724=ADVANCED_FACE('',(#270),#110,.F.);
#1725=ADVANCED_FACE('',(#271),#111,.F.);
#1726=ADVANCED_FACE('',(#272),#112,.F.);
#1727=ADVANCED_FACE('',(#273),#113,.F.);
#1728=ADVANCED_FACE('',(#274),#114,.F.);
#1729=ADVANCED_FACE('',(#275),#1630,.T.);
#1730=ADVANCED_FACE('',(#276,#155,#156,#157,#158,#159,#160,#161,#162,#163,
#164),#1631,.T.);
#1731=ADVANCED_FACE('',(#277),#1632,.T.);
#1732=ADVANCED_FACE('',(#278),#1633,.T.);
#1733=ADVANCED_FACE('',(#279,#165,#166,#167,#168,#169,#170,#171,#172,#173,
#174),#1634,.T.);
#1734=ADVANCED_FACE('',(#280),#1635,.T.);
#1735=ADVANCED_FACE('',(#281),#1636,.T.);
#1736=ADVANCED_FACE('',(#282),#1637,.F.);
#1737=ADVANCED_FACE('',(#283),#1638,.F.);
#1738=ADVANCED_FACE('',(#284),#1639,.F.);
#1739=ADVANCED_FACE('',(#285),#1640,.F.);
#1740=ADVANCED_FACE('',(#286),#1641,.F.);
#1741=ADVANCED_FACE('',(#287),#1642,.F.);
#1742=ADVANCED_FACE('',(#288),#1643,.F.);
#1743=ADVANCED_FACE('',(#289),#1644,.F.);
#1744=ADVANCED_FACE('',(#290),#1645,.F.);
#1745=ADVANCED_FACE('',(#291),#1646,.F.);
#1746=ADVANCED_FACE('',(#292),#1647,.F.);
#1747=ADVANCED_FACE('',(#293),#1648,.F.);
#1748=CLOSED_SHELL('',(#1649,#1650,#1651,#1652,#1653,#1654,#1655,#1656,
#1657,#1658,#1659,#1660,#1661,#1662,#1663,#1664,#1665,#1666,#1667,#1668,
#1669,#1670,#1671,#1672,#1673,#1674,#1675,#1676,#1677,#1678,#1679,#1680,
#1681,#1682,#1683,#1684,#1685,#1686,#1687,#1688,#1689,#1690,#1691,#1692,
#1693,#1694,#1695,#1696,#1697,#1698,#1699,#1700,#1701,#1702,#1703,#1704,
#1705,#1706,#1707,#1708,#1709,#1710,#1711,#1712,#1713,#1714,#1715,#1716,
#1717,#1718,#1719,#1720,#1721,#1722,#1723,#1724,#1725,#1726,#1727,#1728,
#1729,#1730,#1731,#1732,#1733,#1734,#1735,#1736,#1737,#1738,#1739,#1740,
#1741,#1742,#1743,#1744,#1745,#1746,#1747));
#1749=DERIVED_UNIT_ELEMENT(#1751,1.);
#1750=DERIVED_UNIT_ELEMENT(#2936,-3.);
#1751=(
MASS_UNIT()
NAMED_UNIT(*)
SI_UNIT(.KILO.,.GRAM.)
);
#1752=DERIVED_UNIT((#1749,#1750));
#1753=MEASURE_REPRESENTATION_ITEM('density measure',
POSITIVE_RATIO_MEASURE(7850.),#1752);
#1754=PROPERTY_DEFINITION_REPRESENTATION(#1759,#1756);
#1755=PROPERTY_DEFINITION_REPRESENTATION(#1760,#1757);
#1756=REPRESENTATION('material name',(#1758),#2933);
#1757=REPRESENTATION('density',(#1753),#2933);
#1758=DESCRIPTIVE_REPRESENTATION_ITEM('Steel','Steel');
#1759=PROPERTY_DEFINITION('material property','material name',#2943);
#1760=PROPERTY_DEFINITION('material property','density of part',#2943);
#1761=AXIS2_PLACEMENT_3D('',#2450,#1941,#1942);
#1762=AXIS2_PLACEMENT_3D('',#2451,#1943,#1944);
#1763=AXIS2_PLACEMENT_3D('',#2460,#1949,#1950);
#1764=AXIS2_PLACEMENT_3D('',#2466,#1954,#1955);
#1765=AXIS2_PLACEMENT_3D('',#2472,#1959,#1960);
#1766=AXIS2_PLACEMENT_3D('',#2476,#1963,#1964);
#1767=AXIS2_PLACEMENT_3D('',#2485,#1969,#1970);
#1768=AXIS2_PLACEMENT_3D('',#2491,#1974,#1975);
#1769=AXIS2_PLACEMENT_3D('',#2520,#1991,#1992);
#1770=AXIS2_PLACEMENT_3D('',#2530,#1998,#1999);
#1771=AXIS2_PLACEMENT_3D('',#2536,#2003,#2004);
#1772=AXIS2_PLACEMENT_3D('',#2542,#2008,#2009);
#1773=AXIS2_PLACEMENT_3D('',#2546,#2012,#2013);
#1774=AXIS2_PLACEMENT_3D('',#2552,#2017,#2018);
#1775=AXIS2_PLACEMENT_3D('',#2574,#2030,#2031);
#1776=AXIS2_PLACEMENT_3D('',#2578,#2034,#2035);
#1777=AXIS2_PLACEMENT_3D('',#2582,#2038,#2039);
#1778=AXIS2_PLACEMENT_3D('',#2589,#2043,#2044);
#1779=AXIS2_PLACEMENT_3D('',#2591,#2045,#2046);
#1780=AXIS2_PLACEMENT_3D('',#2593,#2047,#2048);
#1781=AXIS2_PLACEMENT_3D('',#2595,#2049,#2050);
#1782=AXIS2_PLACEMENT_3D('',#2597,#2051,#2052);
#1783=AXIS2_PLACEMENT_3D('',#2599,#2053,#2054);
#1784=AXIS2_PLACEMENT_3D('',#2601,#2055,#2056);
#1785=AXIS2_PLACEMENT_3D('',#2603,#2057,#2058);
#1786=AXIS2_PLACEMENT_3D('',#2605,#2059,#2060);
#1787=AXIS2_PLACEMENT_3D('',#2607,#2061,#2062);
#1788=AXIS2_PLACEMENT_3D('',#2608,#2063,#2064);
#1789=AXIS2_PLACEMENT_3D('',#2615,#2068,#2069);
#1790=AXIS2_PLACEMENT_3D('',#2617,#2070,#2071);
#1791=AXIS2_PLACEMENT_3D('',#2619,#2072,#2073);
#1792=AXIS2_PLACEMENT_3D('',#2621,#2074,#2075);
#1793=AXIS2_PLACEMENT_3D('',#2623,#2076,#2077);
#1794=AXIS2_PLACEMENT_3D('',#2625,#2078,#2079);
#1795=AXIS2_PLACEMENT_3D('',#2627,#2080,#2081);
#1796=AXIS2_PLACEMENT_3D('',#2629,#2082,#2083);
#1797=AXIS2_PLACEMENT_3D('',#2631,#2084,#2085);
#1798=AXIS2_PLACEMENT_3D('',#2633,#2086,#2087);
#1799=AXIS2_PLACEMENT_3D('',#2634,#2088,#2089);
#1800=AXIS2_PLACEMENT_3D('',#2638,#2092,#2093);
#1801=AXIS2_PLACEMENT_3D('',#2642,#2096,#2097);
#1802=AXIS2_PLACEMENT_3D('',#2646,#2100,#2101);
#1803=AXIS2_PLACEMENT_3D('',#2649,#2103,#2104);
#1804=AXIS2_PLACEMENT_3D('',#2650,#2105,#2106);
#1805=AXIS2_PLACEMENT_3D('',#2652,#2107,#2108);
#1806=AXIS2_PLACEMENT_3D('',#2653,#2109,#2110);
#1807=AXIS2_PLACEMENT_3D('',#2656,#2112,#2113);
#1808=AXIS2_PLACEMENT_3D('',#2657,#2114,#2115);
#1809=AXIS2_PLACEMENT_3D('',#2659,#2116,#2117);
#1810=AXIS2_PLACEMENT_3D('',#2660,#2118,#2119);
#1811=AXIS2_PLACEMENT_3D('',#2663,#2121,#2122);
#1812=AXIS2_PLACEMENT_3D('',#2664,#2123,#2124);
#1813=AXIS2_PLACEMENT_3D('',#2666,#2125,#2126);
#1814=AXIS2_PLACEMENT_3D('',#2667,#2127,#2128);
#1815=AXIS2_PLACEMENT_3D('',#2670,#2130,#2131);
#1816=AXIS2_PLACEMENT_3D('',#2671,#2132,#2133);
#1817=AXIS2_PLACEMENT_3D('',#2673,#2134,#2135);
#1818=AXIS2_PLACEMENT_3D('',#2674,#2136,#2137);
#1819=AXIS2_PLACEMENT_3D('',#2677,#2139,#2140);
#1820=AXIS2_PLACEMENT_3D('',#2678,#2141,#2142);
#1821=AXIS2_PLACEMENT_3D('',#2680,#2143,#2144);
#1822=AXIS2_PLACEMENT_3D('',#2681,#2145,#2146);
#1823=AXIS2_PLACEMENT_3D('',#2684,#2148,#2149);
#1824=AXIS2_PLACEMENT_3D('',#2685,#2150,#2151);
#1825=AXIS2_PLACEMENT_3D('',#2687,#2152,#2153);
#1826=AXIS2_PLACEMENT_3D('',#2688,#2154,#2155);
#1827=AXIS2_PLACEMENT_3D('',#2691,#2157,#2158);
#1828=AXIS2_PLACEMENT_3D('',#2692,#2159,#2160);
#1829=AXIS2_PLACEMENT_3D('',#2694,#2161,#2162);
#1830=AXIS2_PLACEMENT_3D('',#2695,#2163,#2164);
#1831=AXIS2_PLACEMENT_3D('',#2698,#2166,#2167);
#1832=AXIS2_PLACEMENT_3D('',#2699,#2168,#2169);
#1833=AXIS2_PLACEMENT_3D('',#2701,#2170,#2171);
#1834=AXIS2_PLACEMENT_3D('',#2702,#2172,#2173);
#1835=AXIS2_PLACEMENT_3D('',#2705,#2175,#2176);
#1836=AXIS2_PLACEMENT_3D('',#2706,#2177,#2178);
#1837=AXIS2_PLACEMENT_3D('',#2708,#2179,#2180);
#1838=AXIS2_PLACEMENT_3D('',#2710,#2182,#2183);
#1839=AXIS2_PLACEMENT_3D('',#2713,#2185,#2186);
#1840=AXIS2_PLACEMENT_3D('',#2714,#2187,#2188);
#1841=AXIS2_PLACEMENT_3D('',#2716,#2189,#2190);
#1842=AXIS2_PLACEMENT_3D('',#2718,#2192,#2193);
#1843=AXIS2_PLACEMENT_3D('',#2721,#2195,#2196);
#1844=AXIS2_PLACEMENT_3D('',#2722,#2197,#2198);
#1845=AXIS2_PLACEMENT_3D('',#2724,#2199,#2200);
#1846=AXIS2_PLACEMENT_3D('',#2726,#2202,#2203);
#1847=AXIS2_PLACEMENT_3D('',#2729,#2205,#2206);
#1848=AXIS2_PLACEMENT_3D('',#2730,#2207,#2208);
#1849=AXIS2_PLACEMENT_3D('',#2732,#2209,#2210);
#1850=AXIS2_PLACEMENT_3D('',#2734,#2212,#2213);
#1851=AXIS2_PLACEMENT_3D('',#2737,#2215,#2216);
#1852=AXIS2_PLACEMENT_3D('',#2738,#2217,#2218);
#1853=AXIS2_PLACEMENT_3D('',#2740,#2219,#2220);
#1854=AXIS2_PLACEMENT_3D('',#2741,#2221,#2222);
#1855=AXIS2_PLACEMENT_3D('',#2744,#2224,#2225);
#1856=AXIS2_PLACEMENT_3D('',#2745,#2226,#2227);
#1857=AXIS2_PLACEMENT_3D('',#2747,#2228,#2229);
#1858=AXIS2_PLACEMENT_3D('',#2748,#2230,#2231);
#1859=AXIS2_PLACEMENT_3D('',#2751,#2233,#2234);
#1860=AXIS2_PLACEMENT_3D('',#2752,#2235,#2236);
#1861=AXIS2_PLACEMENT_3D('',#2754,#2237,#2238);
#1862=AXIS2_PLACEMENT_3D('',#2755,#2239,#2240);
#1863=AXIS2_PLACEMENT_3D('',#2758,#2242,#2243);
#1864=AXIS2_PLACEMENT_3D('',#2759,#2244,#2245);
#1865=AXIS2_PLACEMENT_3D('',#2761,#2246,#2247);
#1866=AXIS2_PLACEMENT_3D('',#2762,#2248,#2249);
#1867=AXIS2_PLACEMENT_3D('',#2765,#2251,#2252);
#1868=AXIS2_PLACEMENT_3D('',#2766,#2253,#2254);
#1869=AXIS2_PLACEMENT_3D('',#2768,#2255,#2256);
#1870=AXIS2_PLACEMENT_3D('',#2769,#2257,#2258);
#1871=AXIS2_PLACEMENT_3D('',#2772,#2260,#2261);
#1872=AXIS2_PLACEMENT_3D('',#2773,#2262,#2263);
#1873=AXIS2_PLACEMENT_3D('',#2775,#2264,#2265);
#1874=AXIS2_PLACEMENT_3D('',#2776,#2266,#2267);
#1875=AXIS2_PLACEMENT_3D('',#2779,#2269,#2270);
#1876=AXIS2_PLACEMENT_3D('',#2780,#2271,#2272);
#1877=AXIS2_PLACEMENT_3D('',#2782,#2273,#2274);
#1878=AXIS2_PLACEMENT_3D('',#2783,#2275,#2276);
#1879=AXIS2_PLACEMENT_3D('',#2786,#2278,#2279);
#1880=AXIS2_PLACEMENT_3D('',#2787,#2280,#2281);
#1881=AXIS2_PLACEMENT_3D('',#2789,#2282,#2283);
#1882=AXIS2_PLACEMENT_3D('',#2790,#2284,#2285);
#1883=AXIS2_PLACEMENT_3D('',#2793,#2287,#2288);
#1884=AXIS2_PLACEMENT_3D('',#2794,#2289,#2290);
#1885=AXIS2_PLACEMENT_3D('',#2796,#2291,#2292);
#1886=AXIS2_PLACEMENT_3D('',#2797,#2293,#2294);
#1887=AXIS2_PLACEMENT_3D('',#2800,#2296,#2297);
#1888=AXIS2_PLACEMENT_3D('',#2801,#2298,#2299);
#1889=AXIS2_PLACEMENT_3D('',#2803,#2300,#2301);
#1890=AXIS2_PLACEMENT_3D('',#2804,#2302,#2303);
#1891=AXIS2_PLACEMENT_3D('',#2807,#2305,#2306);
#1892=AXIS2_PLACEMENT_3D('',#2808,#2307,#2308);
#1893=AXIS2_PLACEMENT_3D('',#2810,#2309,#2310);
#1894=AXIS2_PLACEMENT_3D('',#2811,#2311,#2312);
#1895=AXIS2_PLACEMENT_3D('',#2814,#2314,#2315);
#1896=AXIS2_PLACEMENT_3D('',#2815,#2316,#2317);
#1897=AXIS2_PLACEMENT_3D('',#2817,#2318,#2319);
#1898=AXIS2_PLACEMENT_3D('',#2818,#2320,#2321);
#1899=AXIS2_PLACEMENT_3D('',#2820,#2322,#2323);
#1900=AXIS2_PLACEMENT_3D('',#2822,#2325,#2326);
#1901=AXIS2_PLACEMENT_3D('',#2825,#2328,#2329);
#1902=AXIS2_PLACEMENT_3D('',#2826,#2330,#2331);
#1903=AXIS2_PLACEMENT_3D('',#2828,#2332,#2333);
#1904=AXIS2_PLACEMENT_3D('',#2830,#2335,#2336);
#1905=AXIS2_PLACEMENT_3D('',#2833,#2338,#2339);
#1906=AXIS2_PLACEMENT_3D('',#2834,#2340,#2341);
#1907=AXIS2_PLACEMENT_3D('',#2836,#2342,#2343);
#1908=AXIS2_PLACEMENT_3D('',#2838,#2345,#2346);
#1909=AXIS2_PLACEMENT_3D('',#2841,#2348,#2349);
#1910=AXIS2_PLACEMENT_3D('',#2842,#2350,#2351);
#1911=AXIS2_PLACEMENT_3D('',#2844,#2352,#2353);
#1912=AXIS2_PLACEMENT_3D('',#2846,#2355,#2356);
#1913=AXIS2_PLACEMENT_3D('',#2849,#2358,#2359);
#1914=AXIS2_PLACEMENT_3D('',#2850,#2360,#2361);
#1915=AXIS2_PLACEMENT_3D('',#2852,#2362,#2363);
#1916=AXIS2_PLACEMENT_3D('',#2854,#2365,#2366);
#1917=AXIS2_PLACEMENT_3D('',#2857,#2368,#2369);
#1918=AXIS2_PLACEMENT_3D('',#2858,#2370,#2371);
#1919=AXIS2_PLACEMENT_3D('',#2860,#2372,#2373);
#1920=AXIS2_PLACEMENT_3D('',#2862,#2375,#2376);
#1921=AXIS2_PLACEMENT_3D('',#2865,#2378,#2379);
#1922=AXIS2_PLACEMENT_3D('',#2866,#2380,#2381);
#1923=AXIS2_PLACEMENT_3D('',#2874,#2387,#2388);
#1924=AXIS2_PLACEMENT_3D('',#2876,#2390,#2391);
#1925=AXIS2_PLACEMENT_3D('',#2883,#2396,#2397);
#1926=AXIS2_PLACEMENT_3D('',#2885,#2399,#2400);
#1927=AXIS2_PLACEMENT_3D('',#2886,#2401,#2402);
#1928=AXIS2_PLACEMENT_3D('',#2887,#2403,#2404);
#1929=AXIS2_PLACEMENT_3D('',#2888,#2405,#2406);
#1930=AXIS2_PLACEMENT_3D('',#2894,#2410,#2411);
#1931=AXIS2_PLACEMENT_3D('',#2898,#2414,#2415);
#1932=AXIS2_PLACEMENT_3D('',#2902,#2418,#2419);
#1933=AXIS2_PLACEMENT_3D('',#2906,#2422,#2423);
#1934=AXIS2_PLACEMENT_3D('',#2910,#2426,#2427);
#1935=AXIS2_PLACEMENT_3D('',#2914,#2430,#2431);
#1936=AXIS2_PLACEMENT_3D('',#2918,#2434,#2435);
#1937=AXIS2_PLACEMENT_3D('',#2920,#2437,#2438);
#1938=AXIS2_PLACEMENT_3D('',#2924,#2441,#2442);
#1939=AXIS2_PLACEMENT_3D('',#2928,#2445,#2446);
#1940=AXIS2_PLACEMENT_3D('',#2930,#2448,#2449);
#1941=DIRECTION('axis',(0.,0.,1.));
#1942=DIRECTION('refdir',(1.,0.,0.));
#1943=DIRECTION('center_axis',(-0.707106781186548,0.707106781186547,0.));
#1944=DIRECTION('ref_axis',(0.,0.,1.));
#1945=DIRECTION('',(0.,0.,-1.));
#1946=DIRECTION('',(-0.707106781186547,-0.707106781186548,-2.17894099802631E-33));
#1947=DIRECTION('',(0.,0.,1.));
#1948=DIRECTION('',(0.678598344545847,0.678598344545848,-0.281084637714818));
#1949=DIRECTION('center_axis',(-0.707106781186547,0.500000000000001,-0.500000000000001));
#1950=DIRECTION('ref_axis',(-0.577350269189627,0.,0.816496580927726));
#1951=DIRECTION('',(0.,0.707106781186548,0.707106781186548));
#1952=DIRECTION('',(-0.577350269189627,-0.816496580927726,0.));
#1953=DIRECTION('',(0.,-0.707106781186548,-0.707106781186548));
#1954=DIRECTION('center_axis',(0.,1.,0.));
#1955=DIRECTION('ref_axis',(0.,0.,1.));
#1956=DIRECTION('',(-1.,0.,0.));
#1957=DIRECTION('',(0.,0.,1.));
#1958=DIRECTION('',(1.,0.,0.));
#1959=DIRECTION('center_axis',(0.,0.707106781186548,-0.707106781186548));
#1960=DIRECTION('ref_axis',(-1.,0.,0.));
#1961=DIRECTION('',(1.,0.,0.));
#1962=DIRECTION('',(0.,-0.707106781186548,-0.707106781186548));
#1963=DIRECTION('center_axis',(-0.707106781186548,-0.707106781186547,5.81050932807016E-33));
#1964=DIRECTION('ref_axis',(8.2173010960522E-33,0.,1.));
#1965=DIRECTION('',(0.,-8.21730109605221E-33,-1.));
#1966=DIRECTION('',(0.707106781186547,-0.707106781186548,-2.17894099802631E-33));
#1967=DIRECTION('',(0.,8.21730109605221E-33,1.));
#1968=DIRECTION('',(-0.678598344545847,0.678598344545846,0.281084637714822));
#1969=DIRECTION('center_axis',(-0.707106781186548,-0.5,-0.5));
#1970=DIRECTION('ref_axis',(-0.577350269189625,0.,0.816496580927726));
#1971=DIRECTION('',(0.,-0.707106781186548,0.707106781186548));
#1972=DIRECTION('',(0.577350269189625,-0.816496580927726,0.));
#1973=DIRECTION('',(0.,0.707106781186548,-0.707106781186548));
#1974=DIRECTION('center_axis',(0.,3.08148791101958E-33,-1.));
#1975=DIRECTION('ref_axis',(0.,1.,3.08148791101958E-33));
#1976=DIRECTION('',(0.,1.,3.08148791101958E-33));
#1977=DIRECTION('',(-1.,0.,0.));
#1978=DIRECTION('',(0.,1.,3.08148791101958E-33));
#1979=DIRECTION('',(-1.,1.14445326372068E-10,3.52661889688217E-43));
#1980=DIRECTION('',(0.,-1.,-3.08148791101958E-33));
#1981=DIRECTION('',(-1.,0.,0.));
#1982=DIRECTION('',(0.,-1.,-3.08148791101958E-33));
#1983=DIRECTION('',(1.,0.,0.));
#1984=DIRECTION('',(0.,-1.,-3.08148791101958E-33));
#1985=DIRECTION('',(1.,0.,0.));
#1986=DIRECTION('',(0.,1.,3.08148791101958E-33));
#1987=DIRECTION('',(1.,0.,0.));
#1988=DIRECTION('',(0.,1.,3.08148791101958E-33));
#1989=DIRECTION('',(1.,0.,0.));
#1990=DIRECTION('',(0.,1.,3.08148791101958E-33));
#1991=DIRECTION('center_axis',(1.,0.,0.));
#1992=DIRECTION('ref_axis',(0.,1.,0.));
#1993=DIRECTION('',(0.,1.,0.));
#1994=DIRECTION('',(0.,0.,-1.));
#1995=DIRECTION('',(0.,-1.,0.));
#1996=DIRECTION('',(0.,0.,1.));
#1997=DIRECTION('',(0.,1.,0.));
#1998=DIRECTION('center_axis',(-0.707106781186548,0.,0.707106781186547));
#1999=DIRECTION('ref_axis',(0.707106781186547,0.,0.707106781186548));
#2000=DIRECTION('',(-0.264906471413009,-0.927172649945531,-0.264906471413009));
#2001=DIRECTION('',(0.264906471413009,-0.927172649945531,0.264906471413009));
#2002=DIRECTION('',(0.,1.,0.));
#2003=DIRECTION('center_axis',(-0.961523947640823,0.274721127897378,0.));
#2004=DIRECTION('ref_axis',(0.,0.,1.));
#2005=DIRECTION('',(0.274721127897378,0.961523947640823,0.));
#2006=DIRECTION('',(0.,0.,-1.));
#2007=DIRECTION('',(-0.274721127897378,-0.961523947640823,0.));
#2008=DIRECTION('center_axis',(0.,0.,-1.));
#2009=DIRECTION('ref_axis',(-1.,0.,0.));
#2010=DIRECTION('',(-1.,0.,0.));
#2011=DIRECTION('',(0.,1.,0.));
#2012=DIRECTION('center_axis',(-0.961523947640823,-0.274721127897378,0.));
#2013=DIRECTION('ref_axis',(0.,0.,1.));
#2014=DIRECTION('',(0.274721127897378,-0.961523947640823,0.));
#2015=DIRECTION('',(0.,0.,1.));
#2016=DIRECTION('',(-0.274721127897378,0.961523947640823,0.));
#2017=DIRECTION('center_axis',(0.,-1.,0.));
#2018=DIRECTION('ref_axis',(0.,0.,-1.));
#2019=DIRECTION('',(1.,0.,0.));
#2020=DIRECTION('',(0.,0.,1.));
#2021=DIRECTION('',(0.97152033878313,0.,0.236956180191007));
#2022=DIRECTION('',(0.,0.,1.));
#2023=DIRECTION('',(-1.,0.,0.));
#2024=DIRECTION('',(0.,0.,1.));
#2025=DIRECTION('',(1.,0.,0.));
#2026=DIRECTION('',(0.,0.,1.));
#2027=DIRECTION('',(-0.97152033878313,0.,0.236956180191007));
#2028=DIRECTION('',(0.,0.,1.));
#2029=DIRECTION('',(-1.,0.,0.));
#2030=DIRECTION('center_axis',(0.,0.,-1.));
#2031=DIRECTION('ref_axis',(1.,-2.15120826806594E-63,0.));
#2032=DIRECTION('',(-1.,0.,0.));
#2033=DIRECTION('',(0.,-1.,0.));
#2034=DIRECTION('center_axis',(0.,-0.707106781186548,-0.707106781186548));
#2035=DIRECTION('ref_axis',(-1.,0.,0.));
#2036=DIRECTION('',(1.,0.,0.));
#2037=DIRECTION('',(0.,-0.707106781186548,0.707106781186548));
#2038=DIRECTION('center_axis',(-0.236956180191007,0.,-0.97152033878313));
#2039=DIRECTION('ref_axis',(0.97152033878313,0.,-0.236956180191007));
#2040=DIRECTION('',(0.,-1.,0.));
#2041=DIRECTION('',(0.97152033878313,0.,-0.236956180191007));
#2042=DIRECTION('',(0.,1.,0.));
#2043=DIRECTION('center_axis',(0.236956180191007,0.,0.97152033878313));
#2044=DIRECTION('ref_axis',(-0.97152033878313,0.,0.236956180191007));
#2045=DIRECTION('center_axis',(0.236956180191007,0.,0.97152033878313));
#2046=DIRECTION('ref_axis',(-0.97152033878313,0.,0.236956180191007));
#2047=DIRECTION('center_axis',(0.236956180191007,0.,0.97152033878313));
#2048=DIRECTION('ref_axis',(-0.971520338783129,0.,0.236956180191007));
#2049=DIRECTION('center_axis',(0.236956180191007,0.,0.97152033878313));
#2050=DIRECTION('ref_axis',(-0.971520338783129,0.,0.236956180191007));
#2051=DIRECTION('center_axis',(0.236956180191007,0.,0.97152033878313));
#2052=DIRECTION('ref_axis',(-0.97152033878313,0.,0.236956180191007));
#2053=DIRECTION('center_axis',(0.236956180191007,0.,0.97152033878313));
#2054=DIRECTION('ref_axis',(-0.971520338783129,0.,0.236956180191007));
#2055=DIRECTION('center_axis',(0.236956180191007,0.,0.97152033878313));
#2056=DIRECTION('ref_axis',(-0.971520338783129,0.,0.236956180191007));
#2057=DIRECTION('center_axis',(0.236956180191007,0.,0.97152033878313));
#2058=DIRECTION('ref_axis',(-0.97152033878313,0.,0.236956180191007));
#2059=DIRECTION('center_axis',(0.236956180191007,0.,0.97152033878313));
#2060=DIRECTION('ref_axis',(-0.971520338783129,0.,0.236956180191007));
#2061=DIRECTION('center_axis',(0.236956180191007,0.,0.97152033878313));
#2062=DIRECTION('ref_axis',(-0.97152033878313,0.,0.236956180191007));
#2063=DIRECTION('center_axis',(-0.236956180191007,0.,0.97152033878313));
#2064=DIRECTION('ref_axis',(-0.97152033878313,0.,-0.236956180191007));
#2065=DIRECTION('',(0.,-1.,0.));
#2066=DIRECTION('',(-0.97152033878313,0.,-0.236956180191007));
#2067=DIRECTION('',(0.,1.,0.));
#2068=DIRECTION('center_axis',(0.236956180191007,0.,-0.97152033878313));
#2069=DIRECTION('ref_axis',(0.971520338783129,0.,0.236956180191007));
#2070=DIRECTION('center_axis',(0.236956180191007,0.,-0.97152033878313));
#2071=DIRECTION('ref_axis',(0.971520338783129,0.,0.236956180191007));
#2072=DIRECTION('center_axis',(0.236956180191007,0.,-0.97152033878313));
#2073=DIRECTION('ref_axis',(0.97152033878313,0.,0.236956180191007));
#2074=DIRECTION('center_axis',(0.236956180191007,0.,-0.97152033878313));
#2075=DIRECTION('ref_axis',(0.971520338783129,0.,0.236956180191007));
#2076=DIRECTION('center_axis',(0.236956180191007,0.,-0.97152033878313));
#2077=DIRECTION('ref_axis',(0.97152033878313,0.,0.236956180191007));
#2078=DIRECTION('center_axis',(0.236956180191007,0.,-0.97152033878313));
#2079=DIRECTION('ref_axis',(0.971520338783129,0.,0.236956180191007));
#2080=DIRECTION('center_axis',(0.236956180191007,0.,-0.97152033878313));
#2081=DIRECTION('ref_axis',(0.971520338783129,0.,0.236956180191007));
#2082=DIRECTION('center_axis',(0.236956180191007,0.,-0.97152033878313));
#2083=DIRECTION('ref_axis',(0.97152033878313,0.,0.236956180191007));
#2084=DIRECTION('center_axis',(0.236956180191007,0.,-0.97152033878313));
#2085=DIRECTION('ref_axis',(0.971520338783129,0.,0.236956180191007));
#2086=DIRECTION('center_axis',(0.236956180191007,0.,-0.97152033878313));
#2087=DIRECTION('ref_axis',(0.97152033878313,0.,0.236956180191007));
#2088=DIRECTION('center_axis',(1.,0.,0.));
#2089=DIRECTION('ref_axis',(0.,0.,-1.));
#2090=DIRECTION('',(0.,-1.,0.));
#2091=DIRECTION('',(0.,0.,-1.));
#2092=DIRECTION('center_axis',(1.,0.,0.));
#2093=DIRECTION('ref_axis',(0.,0.,-1.));
#2094=DIRECTION('',(0.,0.,-1.));
#2095=DIRECTION('',(0.,1.,0.));
#2096=DIRECTION('center_axis',(1.,0.,0.));
#2097=DIRECTION('ref_axis',(0.,0.,-1.));
#2098=DIRECTION('',(0.,0.,-1.));
#2099=DIRECTION('',(0.,-1.,0.));
#2100=DIRECTION('center_axis',(0.,0.,1.));
#2101=DIRECTION('ref_axis',(1.,0.,0.));
#2102=DIRECTION('',(0.,0.,1.));
#2103=DIRECTION('center_axis',(0.,0.,1.));
#2104=DIRECTION('ref_axis',(1.,0.,0.));
#2105=DIRECTION('center_axis',(0.,0.,-1.));
#2106=DIRECTION('ref_axis',(1.,0.,0.));
#2107=DIRECTION('center_axis',(0.,0.,-1.));
#2108=DIRECTION('ref_axis',(-1.,0.,0.));
#2109=DIRECTION('center_axis',(0.,0.,1.));
#2110=DIRECTION('ref_axis',(1.,0.,0.));
#2111=DIRECTION('',(0.,0.,1.));
#2112=DIRECTION('center_axis',(0.,0.,1.));
#2113=DIRECTION('ref_axis',(1.,0.,0.));
#2114=DIRECTION('center_axis',(0.,0.,-1.));
#2115=DIRECTION('ref_axis',(1.,0.,0.));
#2116=DIRECTION('center_axis',(0.,0.,-1.));
#2117=DIRECTION('ref_axis',(-1.,0.,0.));
#2118=DIRECTION('center_axis',(0.,0.,1.));
#2119=DIRECTION('ref_axis',(1.,0.,0.));
#2120=DIRECTION('',(0.,0.,1.));
#2121=DIRECTION('center_axis',(0.,0.,1.));
#2122=DIRECTION('ref_axis',(1.,0.,0.));
#2123=DIRECTION('center_axis',(0.,0.,-1.));
#2124=DIRECTION('ref_axis',(1.,0.,0.));
#2125=DIRECTION('center_axis',(0.,0.,-1.));
#2126=DIRECTION('ref_axis',(-1.,0.,0.));
#2127=DIRECTION('center_axis',(0.,0.,1.));
#2128=DIRECTION('ref_axis',(1.,0.,0.));
#2129=DIRECTION('',(0.,0.,1.));
#2130=DIRECTION('center_axis',(0.,0.,1.));
#2131=DIRECTION('ref_axis',(1.,0.,0.));
#2132=DIRECTION('center_axis',(0.,0.,-1.));
#2133=DIRECTION('ref_axis',(1.,0.,0.));
#2134=DIRECTION('center_axis',(0.,0.,-1.));
#2135=DIRECTION('ref_axis',(-1.,0.,0.));
#2136=DIRECTION('center_axis',(0.,0.,-1.));
#2137=DIRECTION('ref_axis',(-1.,0.,0.));
#2138=DIRECTION('',(0.,0.,-1.));
#2139=DIRECTION('center_axis',(0.,0.,-1.));
#2140=DIRECTION('ref_axis',(-1.,0.,0.));
#2141=DIRECTION('center_axis',(0.,0.,1.));
#2142=DIRECTION('ref_axis',(-1.,0.,0.));
#2143=DIRECTION('center_axis',(0.,0.,1.));
#2144=DIRECTION('ref_axis',(-1.,0.,0.));
#2145=DIRECTION('center_axis',(0.,0.,-1.));
#2146=DIRECTION('ref_axis',(-1.,0.,0.));
#2147=DIRECTION('',(0.,0.,-1.));
#2148=DIRECTION('center_axis',(0.,0.,-1.));
#2149=DIRECTION('ref_axis',(-1.,0.,0.));
#2150=DIRECTION('center_axis',(0.,0.,1.));
#2151=DIRECTION('ref_axis',(-1.,0.,0.));
#2152=DIRECTION('center_axis',(0.,0.,1.));
#2153=DIRECTION('ref_axis',(-1.,0.,0.));
#2154=DIRECTION('center_axis',(0.,0.,-1.));
#2155=DIRECTION('ref_axis',(-1.,0.,0.));
#2156=DIRECTION('',(0.,0.,-1.));
#2157=DIRECTION('center_axis',(0.,0.,-1.));
#2158=DIRECTION('ref_axis',(-1.,0.,0.));
#2159=DIRECTION('center_axis',(0.,0.,1.));
#2160=DIRECTION('ref_axis',(-1.,0.,0.));
#2161=DIRECTION('center_axis',(0.,0.,1.));
#2162=DIRECTION('ref_axis',(-1.,0.,0.));
#2163=DIRECTION('center_axis',(0.,0.,-1.));
#2164=DIRECTION('ref_axis',(-1.,0.,0.));
#2165=DIRECTION('',(0.,0.,-1.));
#2166=DIRECTION('center_axis',(0.,0.,-1.));
#2167=DIRECTION('ref_axis',(-1.,0.,0.));
#2168=DIRECTION('center_axis',(0.,0.,1.));
#2169=DIRECTION('ref_axis',(-1.,0.,0.));
#2170=DIRECTION('center_axis',(0.,0.,1.));
#2171=DIRECTION('ref_axis',(-1.,0.,0.));
#2172=DIRECTION('center_axis',(0.,0.,-1.));
#2173=DIRECTION('ref_axis',(-1.,0.,0.));
#2174=DIRECTION('',(0.,0.,-1.));
#2175=DIRECTION('center_axis',(0.,0.,1.));
#2176=DIRECTION('ref_axis',(-1.,0.,0.));
#2177=DIRECTION('center_axis',(0.,0.,-1.));
#2178=DIRECTION('ref_axis',(-1.,0.,0.));
#2179=DIRECTION('center_axis',(0.,0.,-1.));
#2180=DIRECTION('ref_axis',(-1.,0.,0.));
#2181=DIRECTION('',(0.,0.,-1.));
#2182=DIRECTION('center_axis',(0.,0.,-1.));
#2183=DIRECTION('ref_axis',(-1.,0.,0.));
#2184=DIRECTION('',(0.,0.,-1.));
#2185=DIRECTION('center_axis',(0.,0.,1.));
#2186=DIRECTION('ref_axis',(-1.,0.,0.));
#2187=DIRECTION('center_axis',(0.,0.,-1.));
#2188=DIRECTION('ref_axis',(-1.,0.,0.));
#2189=DIRECTION('center_axis',(0.,0.,-1.));
#2190=DIRECTION('ref_axis',(-1.,0.,0.));
#2191=DIRECTION('',(0.,0.,-1.));
#2192=DIRECTION('center_axis',(0.,0.,-1.));
#2193=DIRECTION('ref_axis',(-1.,0.,0.));
#2194=DIRECTION('',(0.,0.,-1.));
#2195=DIRECTION('center_axis',(0.,0.,1.));
#2196=DIRECTION('ref_axis',(-1.,0.,0.));
#2197=DIRECTION('center_axis',(0.,0.,-1.));
#2198=DIRECTION('ref_axis',(-1.,0.,0.));
#2199=DIRECTION('center_axis',(0.,0.,-1.));
#2200=DIRECTION('ref_axis',(-1.,0.,0.));
#2201=DIRECTION('',(0.,0.,-1.));
#2202=DIRECTION('center_axis',(0.,0.,-1.));
#2203=DIRECTION('ref_axis',(-1.,0.,0.));
#2204=DIRECTION('',(0.,0.,-1.));
#2205=DIRECTION('center_axis',(0.,0.,1.));
#2206=DIRECTION('ref_axis',(-1.,0.,0.));
#2207=DIRECTION('center_axis',(0.,0.,-1.));
#2208=DIRECTION('ref_axis',(-1.,0.,0.));
#2209=DIRECTION('center_axis',(0.,0.,-1.));
#2210=DIRECTION('ref_axis',(-1.,0.,0.));
#2211=DIRECTION('',(0.,0.,-1.));
#2212=DIRECTION('center_axis',(0.,0.,1.));
#2213=DIRECTION('ref_axis',(1.,0.,0.));
#2214=DIRECTION('',(0.,0.,1.));
#2215=DIRECTION('center_axis',(0.,0.,1.));
#2216=DIRECTION('ref_axis',(1.,0.,0.));
#2217=DIRECTION('center_axis',(0.,0.,-1.));
#2218=DIRECTION('ref_axis',(1.,0.,0.));
#2219=DIRECTION('center_axis',(0.,0.,-1.));
#2220=DIRECTION('ref_axis',(-1.,0.,0.));
#2221=DIRECTION('center_axis',(0.,0.,1.));
#2222=DIRECTION('ref_axis',(1.,0.,0.));
#2223=DIRECTION('',(0.,0.,1.));
#2224=DIRECTION('center_axis',(0.,0.,1.));
#2225=DIRECTION('ref_axis',(1.,0.,0.));
#2226=DIRECTION('center_axis',(0.,0.,-1.));
#2227=DIRECTION('ref_axis',(1.,0.,0.));
#2228=DIRECTION('center_axis',(0.,0.,-1.));
#2229=DIRECTION('ref_axis',(-1.,0.,0.));
#2230=DIRECTION('center_axis',(0.,0.,1.));
#2231=DIRECTION('ref_axis',(1.,0.,0.));
#2232=DIRECTION('',(0.,0.,1.));
#2233=DIRECTION('center_axis',(0.,0.,1.));
#2234=DIRECTION('ref_axis',(1.,0.,0.));
#2235=DIRECTION('center_axis',(0.,0.,-1.));
#2236=DIRECTION('ref_axis',(1.,0.,0.));
#2237=DIRECTION('center_axis',(0.,0.,-1.));
#2238=DIRECTION('ref_axis',(-1.,0.,0.));
#2239=DIRECTION('center_axis',(0.,0.,1.));
#2240=DIRECTION('ref_axis',(1.,0.,0.));
#2241=DIRECTION('',(0.,0.,1.));
#2242=DIRECTION('center_axis',(0.,0.,1.));
#2243=DIRECTION('ref_axis',(1.,0.,0.));
#2244=DIRECTION('center_axis',(0.,0.,-1.));
#2245=DIRECTION('ref_axis',(1.,0.,0.));
#2246=DIRECTION('center_axis',(0.,0.,-1.));
#2247=DIRECTION('ref_axis',(-1.,0.,0.));
#2248=DIRECTION('center_axis',(0.,0.,1.));
#2249=DIRECTION('ref_axis',(1.,0.,0.));
#2250=DIRECTION('',(0.,0.,1.));
#2251=DIRECTION('center_axis',(0.,0.,1.));
#2252=DIRECTION('ref_axis',(1.,0.,0.));
#2253=DIRECTION('center_axis',(0.,0.,-1.));
#2254=DIRECTION('ref_axis',(1.,0.,0.));
#2255=DIRECTION('center_axis',(0.,0.,-1.));
#2256=DIRECTION('ref_axis',(-1.,0.,0.));
#2257=DIRECTION('center_axis',(0.,0.,1.));
#2258=DIRECTION('ref_axis',(1.,0.,0.));
#2259=DIRECTION('',(0.,0.,1.));
#2260=DIRECTION('center_axis',(0.,0.,1.));
#2261=DIRECTION('ref_axis',(1.,0.,0.));
#2262=DIRECTION('center_axis',(0.,0.,-1.));
#2263=DIRECTION('ref_axis',(1.,0.,0.));
#2264=DIRECTION('center_axis',(0.,0.,-1.));
#2265=DIRECTION('ref_axis',(-1.,0.,0.));
#2266=DIRECTION('center_axis',(0.,0.,-1.));
#2267=DIRECTION('ref_axis',(-1.,0.,0.));
#2268=DIRECTION('',(0.,0.,-1.));
#2269=DIRECTION('center_axis',(0.,0.,-1.));
#2270=DIRECTION('ref_axis',(-1.,0.,0.));
#2271=DIRECTION('center_axis',(0.,0.,1.));
#2272=DIRECTION('ref_axis',(-1.,0.,0.));
#2273=DIRECTION('center_axis',(0.,0.,1.));
#2274=DIRECTION('ref_axis',(-1.,0.,0.));
#2275=DIRECTION('center_axis',(0.,0.,-1.));
#2276=DIRECTION('ref_axis',(-1.,0.,0.));
#2277=DIRECTION('',(0.,0.,-1.));
#2278=DIRECTION('center_axis',(0.,0.,-1.));
#2279=DIRECTION('ref_axis',(-1.,0.,0.));
#2280=DIRECTION('center_axis',(0.,0.,1.));
#2281=DIRECTION('ref_axis',(-1.,0.,0.));
#2282=DIRECTION('center_axis',(0.,0.,1.));
#2283=DIRECTION('ref_axis',(-1.,0.,0.));
#2284=DIRECTION('center_axis',(0.,0.,-1.));
#2285=DIRECTION('ref_axis',(-1.,0.,0.));
#2286=DIRECTION('',(0.,0.,-1.));
#2287=DIRECTION('center_axis',(0.,0.,-1.));
#2288=DIRECTION('ref_axis',(-1.,0.,0.));
#2289=DIRECTION('center_axis',(0.,0.,1.));
#2290=DIRECTION('ref_axis',(-1.,0.,0.));
#2291=DIRECTION('center_axis',(0.,0.,1.));
#2292=DIRECTION('ref_axis',(-1.,0.,0.));
#2293=DIRECTION('center_axis',(0.,0.,-1.));
#2294=DIRECTION('ref_axis',(-1.,0.,0.));
#2295=DIRECTION('',(0.,0.,-1.));
#2296=DIRECTION('center_axis',(0.,0.,-1.));
#2297=DIRECTION('ref_axis',(-1.,0.,0.));
#2298=DIRECTION('center_axis',(0.,0.,1.));
#2299=DIRECTION('ref_axis',(-1.,0.,0.));
#2300=DIRECTION('center_axis',(0.,0.,1.));
#2301=DIRECTION('ref_axis',(-1.,0.,0.));
#2302=DIRECTION('center_axis',(0.,0.,-1.));
#2303=DIRECTION('ref_axis',(-1.,0.,0.));
#2304=DIRECTION('',(0.,0.,-1.));
#2305=DIRECTION('center_axis',(0.,0.,-1.));
#2306=DIRECTION('ref_axis',(-1.,0.,0.));
#2307=DIRECTION('center_axis',(0.,0.,1.));
#2308=DIRECTION('ref_axis',(-1.,0.,0.));
#2309=DIRECTION('center_axis',(0.,0.,1.));
#2310=DIRECTION('ref_axis',(-1.,0.,0.));
#2311=DIRECTION('center_axis',(0.,0.,-1.));
#2312=DIRECTION('ref_axis',(-1.,0.,0.));
#2313=DIRECTION('',(0.,0.,-1.));
#2314=DIRECTION('center_axis',(0.,0.,-1.));
#2315=DIRECTION('ref_axis',(-1.,0.,0.));
#2316=DIRECTION('center_axis',(0.,0.,1.));
#2317=DIRECTION('ref_axis',(-1.,0.,0.));
#2318=DIRECTION('center_axis',(0.,0.,1.));
#2319=DIRECTION('ref_axis',(-1.,0.,0.));
#2320=DIRECTION('center_axis',(0.,0.,1.));
#2321=DIRECTION('ref_axis',(-1.,0.,0.));
#2322=DIRECTION('center_axis',(0.,0.,1.));
#2323=DIRECTION('ref_axis',(-1.,0.,0.));
#2324=DIRECTION('',(0.,0.,1.));
#2325=DIRECTION('center_axis',(0.,0.,1.));
#2326=DIRECTION('ref_axis',(-1.,0.,0.));
#2327=DIRECTION('',(0.,0.,1.));
#2328=DIRECTION('center_axis',(0.,0.,-1.));
#2329=DIRECTION('ref_axis',(-1.,0.,0.));
#2330=DIRECTION('center_axis',(0.,0.,1.));
#2331=DIRECTION('ref_axis',(-1.,0.,0.));
#2332=DIRECTION('center_axis',(0.,0.,1.));
#2333=DIRECTION('ref_axis',(-1.,0.,0.));
#2334=DIRECTION('',(0.,0.,1.));
#2335=DIRECTION('center_axis',(0.,0.,1.));
#2336=DIRECTION('ref_axis',(-1.,0.,0.));
#2337=DIRECTION('',(0.,0.,1.));
#2338=DIRECTION('center_axis',(0.,0.,-1.));
#2339=DIRECTION('ref_axis',(-1.,0.,0.));
#2340=DIRECTION('center_axis',(0.,0.,1.));
#2341=DIRECTION('ref_axis',(-1.,0.,0.));
#2342=DIRECTION('center_axis',(0.,0.,1.));
#2343=DIRECTION('ref_axis',(-1.,0.,0.));
#2344=DIRECTION('',(0.,0.,1.));
#2345=DIRECTION('center_axis',(0.,0.,1.));
#2346=DIRECTION('ref_axis',(-1.,0.,0.));
#2347=DIRECTION('',(0.,0.,1.));
#2348=DIRECTION('center_axis',(0.,0.,-1.));
#2349=DIRECTION('ref_axis',(-1.,0.,0.));
#2350=DIRECTION('center_axis',(0.,0.,1.));
#2351=DIRECTION('ref_axis',(-1.,0.,0.));
#2352=DIRECTION('center_axis',(0.,0.,1.));
#2353=DIRECTION('ref_axis',(-1.,0.,0.));
#2354=DIRECTION('',(0.,0.,1.));
#2355=DIRECTION('center_axis',(0.,0.,1.));
#2356=DIRECTION('ref_axis',(-1.,0.,0.));
#2357=DIRECTION('',(0.,0.,1.));
#2358=DIRECTION('center_axis',(0.,0.,-1.));
#2359=DIRECTION('ref_axis',(-1.,0.,0.));
#2360=DIRECTION('center_axis',(0.,0.,1.));
#2361=DIRECTION('ref_axis',(-1.,0.,0.));
#2362=DIRECTION('center_axis',(0.,0.,1.));
#2363=DIRECTION('ref_axis',(-1.,0.,0.));
#2364=DIRECTION('',(0.,0.,1.));
#2365=DIRECTION('center_axis',(0.,0.,1.));
#2366=DIRECTION('ref_axis',(-1.,0.,0.));
#2367=DIRECTION('',(0.,0.,1.));
#2368=DIRECTION('center_axis',(0.,0.,-1.));
#2369=DIRECTION('ref_axis',(-1.,0.,0.));
#2370=DIRECTION('center_axis',(0.,0.,1.));
#2371=DIRECTION('ref_axis',(-1.,0.,0.));
#2372=DIRECTION('center_axis',(0.,0.,1.));
#2373=DIRECTION('ref_axis',(-1.,0.,0.));
#2374=DIRECTION('',(0.,0.,1.));
#2375=DIRECTION('center_axis',(0.,0.,1.));
#2376=DIRECTION('ref_axis',(-1.,0.,0.));
#2377=DIRECTION('',(0.,0.,1.));
#2378=DIRECTION('center_axis',(0.,0.,-1.));
#2379=DIRECTION('ref_axis',(-1.,0.,0.));
#2380=DIRECTION('center_axis',(0.,1.,0.));
#2381=DIRECTION('ref_axis',(0.,0.,1.));
#2382=DIRECTION('',(1.,0.,0.));
#2383=DIRECTION('',(-1.,0.,0.));
#2384=DIRECTION('',(0.,0.,-1.));
#2385=DIRECTION('',(1.,0.,0.));
#2386=DIRECTION('',(0.,0.,-1.));
#2387=DIRECTION('center_axis',(0.,0.,1.));
#2388=DIRECTION('ref_axis',(0.,-1.,0.));
#2389=DIRECTION('',(0.,1.,0.));
#2390=DIRECTION('center_axis',(1.,0.,0.));
#2391=DIRECTION('ref_axis',(0.,0.,-1.));
#2392=DIRECTION('',(0.,0.,1.));
#2393=DIRECTION('',(0.,0.,1.));
#2394=DIRECTION('',(0.,1.,0.));
#2395=DIRECTION('',(0.,0.,-1.));
#2396=DIRECTION('center_axis',(1.,0.,0.));
#2397=DIRECTION('ref_axis',(0.,0.,-1.));
#2398=DIRECTION('',(0.,-1.,0.));
#2399=DIRECTION('center_axis',(0.,0.,-1.));
#2400=DIRECTION('ref_axis',(0.,1.,0.));
#2401=DIRECTION('center_axis',(0.,-1.,8.21730109605221E-33));
#2402=DIRECTION('ref_axis',(0.,-8.21730109605221E-33,-1.));
#2403=DIRECTION('center_axis',(0.,0.,1.));
#2404=DIRECTION('ref_axis',(1.,0.,0.));
#2405=DIRECTION('center_axis',(-1.,0.,0.));
#2406=DIRECTION('ref_axis',(0.,-1.,0.));
#2407=DIRECTION('',(0.,0.,1.));
#2408=DIRECTION('',(0.,-1.,0.));
#2409=DIRECTION('',(0.,0.,1.));
#2410=DIRECTION('center_axis',(0.,-1.,0.));
#2411=DIRECTION('ref_axis',(1.,0.,0.));
#2412=DIRECTION('',(0.,0.,1.));
#2413=DIRECTION('',(1.,0.,0.));
#2414=DIRECTION('center_axis',(-1.,0.,0.));
#2415=DIRECTION('ref_axis',(0.,-1.,0.));
#2416=DIRECTION('',(0.,0.,1.));
#2417=DIRECTION('',(0.,-1.,0.));
#2418=DIRECTION('center_axis',(0.,1.,0.));
#2419=DIRECTION('ref_axis',(-1.,0.,0.));
#2420=DIRECTION('',(0.,0.,1.));
#2421=DIRECTION('',(-1.,0.,0.));
#2422=DIRECTION('center_axis',(-1.,0.,0.));
#2423=DIRECTION('ref_axis',(0.,-1.,0.));
#2424=DIRECTION('',(0.,0.,1.));
#2425=DIRECTION('',(0.,-1.,0.));
#2426=DIRECTION('center_axis',(1.14445326372068E-10,1.,0.));
#2427=DIRECTION('ref_axis',(-1.,1.14445326372068E-10,-2.00404908916861E-98));
#2428=DIRECTION('',(0.,0.,1.));
#2429=DIRECTION('',(-1.,1.14445326372068E-10,-2.00404908916861E-98));
#2430=DIRECTION('center_axis',(1.,0.,0.));
#2431=DIRECTION('ref_axis',(0.,1.,0.));
#2432=DIRECTION('',(0.,0.,1.));
#2433=DIRECTION('',(0.,1.,0.));
#2434=DIRECTION('center_axis',(0.,1.,0.));
#2435=DIRECTION('ref_axis',(-1.,0.,0.));
#2436=DIRECTION('',(-1.,0.,0.));
#2437=DIRECTION('center_axis',(0.,-1.,0.));
#2438=DIRECTION('ref_axis',(1.,0.,0.));
#2439=DIRECTION('',(0.,0.,1.));
#2440=DIRECTION('',(1.,0.,0.));
#2441=DIRECTION('center_axis',(1.,0.,0.));
#2442=DIRECTION('ref_axis',(0.,1.,0.));
#2443=DIRECTION('',(0.,0.,1.));
#2444=DIRECTION('',(0.,1.,0.));
#2445=DIRECTION('center_axis',(0.,-1.,0.));
#2446=DIRECTION('ref_axis',(1.,0.,0.));
#2447=DIRECTION('',(1.,0.,0.));
#2448=DIRECTION('center_axis',(0.,0.,1.));
#2449=DIRECTION('ref_axis',(1.,0.,0.));
#2450=CARTESIAN_POINT('',(0.,0.,0.));
#2451=CARTESIAN_POINT('Origin',(2.,78.,30.));
#2452=CARTESIAN_POINT('',(4.,80.,60.));
#2453=CARTESIAN_POINT('',(4.,80.,2.46519032881566E-31));
#2454=CARTESIAN_POINT('',(4.,80.,30.));
#2455=CARTESIAN_POINT('',(0.,76.,2.34193081237488E-31));
#2456=CARTESIAN_POINT('',(-18.,58.,2.22044604925031E-15));
#2457=CARTESIAN_POINT('',(0.,76.,61.6568542494924));
#2458=CARTESIAN_POINT('',(0.,76.,30.));
#2459=CARTESIAN_POINT('',(0.,76.,61.6568542494924));
#2460=CARTESIAN_POINT('Origin',(2.,73.5857864376269,56.4142135623731));
#2461=CARTESIAN_POINT('',(0.,94.3431457505076,80.));
#2462=CARTESIAN_POINT('',(0.,72.1715728752538,57.8284271247462));
#2463=CARTESIAN_POINT('',(4.,100.,80.));
#2464=CARTESIAN_POINT('',(-6.05660171779822,85.7778174593052,80.));
#2465=CARTESIAN_POINT('',(4.,75.,55.));
#2466=CARTESIAN_POINT('Origin',(0.,80.,2.46519032881566E-31));
#2467=CARTESIAN_POINT('',(11.3,80.,60.));
#2468=CARTESIAN_POINT('',(5.65,80.,60.));
#2469=CARTESIAN_POINT('',(11.3,80.,0.));
#2470=CARTESIAN_POINT('',(11.3,80.,2.46519032881566E-31));
#2471=CARTESIAN_POINT('',(0.,80.,2.46519032881566E-31));
#2472=CARTESIAN_POINT('Origin',(5.65,90.,70.));
#2473=CARTESIAN_POINT('',(11.3,100.,80.));
#2474=CARTESIAN_POINT('',(5.65,100.,80.));
#2475=CARTESIAN_POINT('',(11.3,75.,55.));
#2476=CARTESIAN_POINT('Origin',(2.,2.,90.));
#2477=CARTESIAN_POINT('',(0.,4.,61.6568542494924));
#2478=CARTESIAN_POINT('',(0.,4.,1.23259516440783E-32));
#2479=CARTESIAN_POINT('',(0.,4.,90.));
#2480=CARTESIAN_POINT('',(4.,0.,0.));
#2481=CARTESIAN_POINT('',(2.,2.,0.));
#2482=CARTESIAN_POINT('',(4.,0.,60.));
#2483=CARTESIAN_POINT('',(4.,0.,90.));
#2484=CARTESIAN_POINT('',(4.,0.,60.));
#2485=CARTESIAN_POINT('Origin',(2.,6.4142135623731,56.4142135623731));
#2486=CARTESIAN_POINT('',(4.,-20.,80.));
#2487=CARTESIAN_POINT('',(4.,5.,55.));
#2488=CARTESIAN_POINT('',(0.,-14.3431457505076,80.));
#2489=CARTESIAN_POINT('',(-7.93993505113155,-3.11438191683586,80.));
#2490=CARTESIAN_POINT('',(0.,7.82842712474619,57.8284271247462));
#2491=CARTESIAN_POINT('Origin',(0.,0.,0.));
#2492=CARTESIAN_POINT('',(11.3,73.2,1.23259516440783E-31));
#2493=CARTESIAN_POINT('',(11.3,0.,0.));
#2494=CARTESIAN_POINT('',(9.7,73.2,1.23259516440783E-31));
#2495=CARTESIAN_POINT('',(5.65,73.2,2.25564915086633E-31));
#2496=CARTESIAN_POINT('',(9.7,76.2500000001831,1.23259516440783E-31));
#2497=CARTESIAN_POINT('',(9.7,36.6,1.12782457543317E-31));
#2498=CARTESIAN_POINT('',(7.05,76.2500000004864,1.23259516440783E-31));
#2499=CARTESIAN_POINT('',(4.85000000436323,76.2500000007382,2.34963453217517E-31));
#2500=CARTESIAN_POINT('',(7.05,73.2,1.23259516440783E-31));
#2501=CARTESIAN_POINT('',(7.05,38.1250000002432,1.17481726608371E-31));
#2502=CARTESIAN_POINT('',(5.,73.2,1.23259516440783E-31));
#2503=CARTESIAN_POINT('',(3.525,73.2,2.25564915086633E-31));
#2504=CARTESIAN_POINT('',(5.,6.8,1.23259516440783E-31));
#2505=CARTESIAN_POINT('',(5.,36.6,1.12782457543317E-31));
#2506=CARTESIAN_POINT('',(7.05,6.8,1.23259516440783E-31));
#2507=CARTESIAN_POINT('',(2.5,6.8,2.09541177949331E-32));
#2508=CARTESIAN_POINT('',(7.05,3.75,1.23259516440783E-31));
#2509=CARTESIAN_POINT('',(7.05,3.4,1.04770588974666E-32));
#2510=CARTESIAN_POINT('',(9.7,3.75,1.23259516440783E-31));
#2511=CARTESIAN_POINT('',(3.525,3.75,1.15555796663234E-32));
#2512=CARTESIAN_POINT('',(9.7,6.8,1.23259516440783E-31));
#2513=CARTESIAN_POINT('',(9.7,1.875,5.77778983316171E-33));
#2514=CARTESIAN_POINT('',(11.3,6.8,1.23259516440783E-31));
#2515=CARTESIAN_POINT('',(4.85,6.8,2.09541177949331E-32));
#2516=CARTESIAN_POINT('',(11.3,0.,0.));
#2517=CARTESIAN_POINT('',(11.3,0.,0.));
#2518=CARTESIAN_POINT('',(0.,0.,0.));
#2519=CARTESIAN_POINT('',(0.,0.,0.));
#2520=CARTESIAN_POINT('Origin',(0.,40.,60.));
#2521=CARTESIAN_POINT('',(0.,-20.,80.));
#2522=CARTESIAN_POINT('',(0.,20.,80.));
#2523=CARTESIAN_POINT('',(0.,-20.,121.));
#2524=CARTESIAN_POINT('',(0.,-20.,81.25));
#2525=CARTESIAN_POINT('',(0.,100.,121.));
#2526=CARTESIAN_POINT('',(0.,60.,121.));
#2527=CARTESIAN_POINT('',(0.,100.,80.));
#2528=CARTESIAN_POINT('',(0.,100.,81.25));
#2529=CARTESIAN_POINT('',(0.,60.,80.));
#2530=CARTESIAN_POINT('Origin',(2.,60.,123.));
#2531=CARTESIAN_POINT('',(4.,114.,125.));
#2532=CARTESIAN_POINT('',(-3.8421052631579,86.5526315789474,117.157894736842));
#2533=CARTESIAN_POINT('',(4.,-34.,125.));
#2534=CARTESIAN_POINT('',(-8.75438596491228,10.640350877193,112.245614035088));
#2535=CARTESIAN_POINT('',(4.,60.,125.));
#2536=CARTESIAN_POINT('Origin',(5.,117.5,81.25));
#2537=CARTESIAN_POINT('',(10.,135.,125.));
#2538=CARTESIAN_POINT('',(-0.141509433962264,99.5047169811321,125.));
#2539=CARTESIAN_POINT('',(10.,135.,80.));
#2540=CARTESIAN_POINT('',(10.,135.,81.25));
#2541=CARTESIAN_POINT('',(0.284905660377358,100.997169811321,80.));
#2542=CARTESIAN_POINT('Origin',(11.3,80.,80.));
#2543=CARTESIAN_POINT('',(11.3,135.,80.));
#2544=CARTESIAN_POINT('',(8.475,135.,80.));
#2545=CARTESIAN_POINT('',(11.3,80.,80.));
#2546=CARTESIAN_POINT('Origin',(5.,-37.5,81.25));
#2547=CARTESIAN_POINT('',(10.,-55.,80.));
#2548=CARTESIAN_POINT('',(-0.141509433962264,-19.5047169811321,80.));
#2549=CARTESIAN_POINT('',(10.,-55.,125.));
#2550=CARTESIAN_POINT('',(10.,-55.,81.25));
#2551=CARTESIAN_POINT('',(-10.7075471698113,17.4764150943396,125.));
#2552=CARTESIAN_POINT('Origin',(15.9,-55.,102.5));
#2553=CARTESIAN_POINT('',(11.3,-55.,80.));
#2554=CARTESIAN_POINT('',(7.95,-55.,80.));
#2555=CARTESIAN_POINT('',(11.3,-55.,86.));
#2556=CARTESIAN_POINT('',(11.3,-55.,81.25));
#2557=CARTESIAN_POINT('',(31.8,-55.,91.));
#2558=CARTESIAN_POINT('',(25.6200729927007,-55.,89.492700729927));
#2559=CARTESIAN_POINT('',(31.8,-55.,94.));
#2560=CARTESIAN_POINT('',(31.8,-55.,97.5));
#2561=CARTESIAN_POINT('',(11.3,-55.,94.));
#2562=CARTESIAN_POINT('',(13.6,-55.,94.));
#2563=CARTESIAN_POINT('',(11.3,-55.,114.));
#2564=CARTESIAN_POINT('',(11.3,-55.,81.25));
#2565=CARTESIAN_POINT('',(31.8,-55.,114.));
#2566=CARTESIAN_POINT('',(13.6,-55.,114.));
#2567=CARTESIAN_POINT('',(31.8,-55.,117.));
#2568=CARTESIAN_POINT('',(31.8,-55.,109.));
#2569=CARTESIAN_POINT('',(11.3,-55.,122.));
#2570=CARTESIAN_POINT('',(15.7153846153846,-55.,120.923076923077));
#2571=CARTESIAN_POINT('',(11.3,-55.,125.));
#2572=CARTESIAN_POINT('',(11.3,-55.,81.25));
#2573=CARTESIAN_POINT('',(7.95,-55.,125.));
#2574=CARTESIAN_POINT('Origin',(0.,5.13581318503263E-31,80.));
#2575=CARTESIAN_POINT('',(11.3,-20.,80.));
#2576=CARTESIAN_POINT('',(0.,-20.,80.));
#2577=CARTESIAN_POINT('',(11.3,5.13581318503263E-31,80.));
#2578=CARTESIAN_POINT('Origin',(0.,-10.,70.));
#2579=CARTESIAN_POINT('',(11.3,9.86076131526265E-31,60.));
#2580=CARTESIAN_POINT('',(0.,0.,60.));
#2581=CARTESIAN_POINT('',(11.3,5.,55.));
#2582=CARTESIAN_POINT('Origin',(11.3,135.,122.));
#2583=CARTESIAN_POINT('',(31.8,135.,117.));
#2584=CARTESIAN_POINT('',(31.8,87.5,117.));
#2585=CARTESIAN_POINT('',(11.3,135.,122.));
#2586=CARTESIAN_POINT('',(10.8781443009545,135.,122.102891633914));
#2587=CARTESIAN_POINT('',(11.3,67.5,122.));
#2588=CARTESIAN_POINT('',(26.05,89.,118.40243902439));
#2589=CARTESIAN_POINT('Origin',(21.55,89.,119.5));
#2590=CARTESIAN_POINT('',(26.05,6.99999999999999,118.40243902439));
#2591=CARTESIAN_POINT('Origin',(21.55,6.99999999999999,119.5));
#2592=CARTESIAN_POINT('',(26.05,23.5,118.40243902439));
#2593=CARTESIAN_POINT('Origin',(21.55,23.5,119.5));
#2594=CARTESIAN_POINT('',(26.05,73.,118.40243902439));
#2595=CARTESIAN_POINT('Origin',(21.55,73.,119.5));
#2596=CARTESIAN_POINT('',(26.05,-9.50000000000001,118.40243902439));
#2597=CARTESIAN_POINT('Origin',(21.55,-9.50000000000001,119.5));
#2598=CARTESIAN_POINT('',(26.05,56.5,118.40243902439));
#2599=CARTESIAN_POINT('Origin',(21.55,56.5,119.5));
#2600=CARTESIAN_POINT('',(26.05,-26.,118.40243902439));
#2601=CARTESIAN_POINT('Origin',(21.55,-26.,119.5));
#2602=CARTESIAN_POINT('',(26.05,122.,118.40243902439));
#2603=CARTESIAN_POINT('Origin',(21.55,122.,119.5));
#2604=CARTESIAN_POINT('',(26.05,-42.5,118.40243902439));
#2605=CARTESIAN_POINT('Origin',(21.55,-42.5,119.5));
#2606=CARTESIAN_POINT('',(26.05,105.5,118.40243902439));
#2607=CARTESIAN_POINT('Origin',(21.55,105.5,119.5));
#2608=CARTESIAN_POINT('Origin',(31.8,135.,91.));
#2609=CARTESIAN_POINT('',(11.3,135.,86.));
#2610=CARTESIAN_POINT('',(11.3,12.5,86.));
#2611=CARTESIAN_POINT('',(31.8,135.,91.));
#2612=CARTESIAN_POINT('',(20.7828326782706,135.,88.3128860190904));
#2613=CARTESIAN_POINT('',(31.8,87.5,91.));
#2614=CARTESIAN_POINT('',(17.05,23.5,87.4024390243902));
#2615=CARTESIAN_POINT('Origin',(21.55,23.5,88.5));
#2616=CARTESIAN_POINT('',(17.05,73.,87.4024390243902));
#2617=CARTESIAN_POINT('Origin',(21.55,73.,88.5));
#2618=CARTESIAN_POINT('',(17.05,56.5,87.4024390243902));
#2619=CARTESIAN_POINT('Origin',(21.55,56.5,88.5));
#2620=CARTESIAN_POINT('',(17.05,6.99999999999999,87.4024390243902));
#2621=CARTESIAN_POINT('Origin',(21.55,6.99999999999999,88.5));
#2622=CARTESIAN_POINT('',(17.05,89.,87.4024390243902));
#2623=CARTESIAN_POINT('Origin',(21.55,89.,88.5));
#2624=CARTESIAN_POINT('',(17.05,-9.50000000000001,87.4024390243902));
#2625=CARTESIAN_POINT('Origin',(21.55,-9.50000000000001,88.5));
#2626=CARTESIAN_POINT('',(17.05,-42.5,87.4024390243902));
#2627=CARTESIAN_POINT('Origin',(21.55,-42.5,88.5));
#2628=CARTESIAN_POINT('',(17.05,105.5,87.4024390243902));
#2629=CARTESIAN_POINT('Origin',(21.55,105.5,88.5));
#2630=CARTESIAN_POINT('',(17.05,-26.,87.4024390243902));
#2631=CARTESIAN_POINT('Origin',(21.55,-26.,88.5));
#2632=CARTESIAN_POINT('',(17.05,122.,87.4024390243902));
#2633=CARTESIAN_POINT('Origin',(21.55,122.,88.5));
#2634=CARTESIAN_POINT('Origin',(31.8,40.,115.5));
#2635=CARTESIAN_POINT('',(31.8,135.,114.));
#2636=CARTESIAN_POINT('',(31.8,-15.,114.));
#2637=CARTESIAN_POINT('',(31.8,135.,109.));
#2638=CARTESIAN_POINT('Origin',(31.8,40.,92.5));
#2639=CARTESIAN_POINT('',(31.8,135.,94.));
#2640=CARTESIAN_POINT('',(31.8,135.,97.5));
#2641=CARTESIAN_POINT('',(31.8,95.,94.));
#2642=CARTESIAN_POINT('Origin',(11.3,40.,60.));
#2643=CARTESIAN_POINT('',(11.3,135.,125.));
#2644=CARTESIAN_POINT('',(11.3,135.,81.25));
#2645=CARTESIAN_POINT('',(11.3,5.13581318503263E-31,125.));
#2646=CARTESIAN_POINT('Origin',(21.55,122.,88.));
#2647=CARTESIAN_POINT('',(17.05,122.,91.));
#2648=CARTESIAN_POINT('',(17.05,122.,88.));
#2649=CARTESIAN_POINT('Origin',(21.55,122.,91.));
#2650=CARTESIAN_POINT('Origin',(21.55,122.,91.));
#2651=CARTESIAN_POINT('',(24.3,122.,91.));
#2652=CARTESIAN_POINT('Origin',(21.55,122.,91.));
#2653=CARTESIAN_POINT('Origin',(21.55,-26.,88.));
#2654=CARTESIAN_POINT('',(17.05,-26.,91.));
#2655=CARTESIAN_POINT('',(17.05,-26.,88.));
#2656=CARTESIAN_POINT('Origin',(21.55,-26.,91.));
#2657=CARTESIAN_POINT('Origin',(21.55,-26.,91.));
#2658=CARTESIAN_POINT('',(24.3,-26.,91.));
#2659=CARTESIAN_POINT('Origin',(21.55,-26.,91.));
#2660=CARTESIAN_POINT('Origin',(21.55,105.5,88.));
#2661=CARTESIAN_POINT('',(17.05,105.5,91.));
#2662=CARTESIAN_POINT('',(17.05,105.5,88.));
#2663=CARTESIAN_POINT('Origin',(21.55,105.5,91.));
#2664=CARTESIAN_POINT('Origin',(21.55,105.5,91.));
#2665=CARTESIAN_POINT('',(24.3,105.5,91.));
#2666=CARTESIAN_POINT('Origin',(21.55,105.5,91.));
#2667=CARTESIAN_POINT('Origin',(21.55,-42.5,88.));
#2668=CARTESIAN_POINT('',(17.05,-42.5,91.));
#2669=CARTESIAN_POINT('',(17.05,-42.5,88.));
#2670=CARTESIAN_POINT('Origin',(21.55,-42.5,91.));
#2671=CARTESIAN_POINT('Origin',(21.55,-42.5,91.));
#2672=CARTESIAN_POINT('',(24.3,-42.5,91.));
#2673=CARTESIAN_POINT('Origin',(21.55,-42.5,91.));
#2674=CARTESIAN_POINT('Origin',(21.55,105.5,120.));
#2675=CARTESIAN_POINT('',(26.05,105.5,117.));
#2676=CARTESIAN_POINT('',(26.05,105.5,120.));
#2677=CARTESIAN_POINT('Origin',(21.55,105.5,117.));
#2678=CARTESIAN_POINT('Origin',(21.55,105.5,117.));
#2679=CARTESIAN_POINT('',(24.3,105.5,117.));
#2680=CARTESIAN_POINT('Origin',(21.55,105.5,117.));
#2681=CARTESIAN_POINT('Origin',(21.55,-42.5,120.));
#2682=CARTESIAN_POINT('',(26.05,-42.5,117.));
#2683=CARTESIAN_POINT('',(26.05,-42.5,120.));
#2684=CARTESIAN_POINT('Origin',(21.55,-42.5,117.));
#2685=CARTESIAN_POINT('Origin',(21.55,-42.5,117.));
#2686=CARTESIAN_POINT('',(24.3,-42.5,117.));
#2687=CARTESIAN_POINT('Origin',(21.55,-42.5,117.));
#2688=CARTESIAN_POINT('Origin',(21.55,122.,120.));
#2689=CARTESIAN_POINT('',(26.05,122.,117.));
#2690=CARTESIAN_POINT('',(26.05,122.,120.));
#2691=CARTESIAN_POINT('Origin',(21.55,122.,117.));
#2692=CARTESIAN_POINT('Origin',(21.55,122.,117.));
#2693=CARTESIAN_POINT('',(24.3,122.,117.));
#2694=CARTESIAN_POINT('Origin',(21.55,122.,117.));
#2695=CARTESIAN_POINT('Origin',(21.55,-26.,120.));
#2696=CARTESIAN_POINT('',(26.05,-26.,117.));
#2697=CARTESIAN_POINT('',(26.05,-26.,120.));
#2698=CARTESIAN_POINT('Origin',(21.55,-26.,117.));
#2699=CARTESIAN_POINT('Origin',(21.55,-26.,117.));
#2700=CARTESIAN_POINT('',(24.3,-26.,117.));
#2701=CARTESIAN_POINT('Origin',(21.55,-26.,117.));
#2702=CARTESIAN_POINT('Origin',(21.55,105.5,120.));
#2703=CARTESIAN_POINT('',(24.3,105.5,114.));
#2704=CARTESIAN_POINT('',(24.3,105.5,120.));
#2705=CARTESIAN_POINT('Origin',(21.55,105.5,114.));
#2706=CARTESIAN_POINT('Origin',(21.55,105.5,120.));
#2707=CARTESIAN_POINT('',(24.3,105.5,94.));
#2708=CARTESIAN_POINT('Origin',(21.55,105.5,94.));
#2709=CARTESIAN_POINT('',(24.3,105.5,120.));
#2710=CARTESIAN_POINT('Origin',(21.55,-26.,120.));
#2711=CARTESIAN_POINT('',(24.3,-26.,114.));
#2712=CARTESIAN_POINT('',(24.3,-26.,120.));
#2713=CARTESIAN_POINT('Origin',(21.55,-26.,114.));
#2714=CARTESIAN_POINT('Origin',(21.55,-26.,120.));
#2715=CARTESIAN_POINT('',(24.3,-26.,94.));
#2716=CARTESIAN_POINT('Origin',(21.55,-26.,94.));
#2717=CARTESIAN_POINT('',(24.3,-26.,120.));
#2718=CARTESIAN_POINT('Origin',(21.55,122.,120.));
#2719=CARTESIAN_POINT('',(24.3,122.,114.));
#2720=CARTESIAN_POINT('',(24.3,122.,120.));
#2721=CARTESIAN_POINT('Origin',(21.55,122.,114.));
#2722=CARTESIAN_POINT('Origin',(21.55,122.,120.));
#2723=CARTESIAN_POINT('',(24.3,122.,94.));
#2724=CARTESIAN_POINT('Origin',(21.55,122.,94.));
#2725=CARTESIAN_POINT('',(24.3,122.,120.));
#2726=CARTESIAN_POINT('Origin',(21.55,-42.5,120.));
#2727=CARTESIAN_POINT('',(24.3,-42.5,114.));
#2728=CARTESIAN_POINT('',(24.3,-42.5,120.));
#2729=CARTESIAN_POINT('Origin',(21.55,-42.5,114.));
#2730=CARTESIAN_POINT('Origin',(21.55,-42.5,120.));
#2731=CARTESIAN_POINT('',(24.3,-42.5,94.));
#2732=CARTESIAN_POINT('Origin',(21.55,-42.5,94.));
#2733=CARTESIAN_POINT('',(24.3,-42.5,120.));
#2734=CARTESIAN_POINT('Origin',(21.55,-9.50000000000001,88.));
#2735=CARTESIAN_POINT('',(17.05,-9.50000000000001,91.));
#2736=CARTESIAN_POINT('',(17.05,-9.50000000000001,88.));
#2737=CARTESIAN_POINT('Origin',(21.55,-9.50000000000001,91.));
#2738=CARTESIAN_POINT('Origin',(21.55,-9.50000000000001,91.));
#2739=CARTESIAN_POINT('',(24.3,-9.50000000000001,91.));
#2740=CARTESIAN_POINT('Origin',(21.55,-9.50000000000001,91.));
#2741=CARTESIAN_POINT('Origin',(21.55,89.,88.));
#2742=CARTESIAN_POINT('',(17.05,89.,91.));
#2743=CARTESIAN_POINT('',(17.05,89.,88.));
#2744=CARTESIAN_POINT('Origin',(21.55,89.,91.));
#2745=CARTESIAN_POINT('Origin',(21.55,89.,91.));
#2746=CARTESIAN_POINT('',(24.3,89.,91.));
#2747=CARTESIAN_POINT('Origin',(21.55,89.,91.));
#2748=CARTESIAN_POINT('Origin',(21.55,6.99999999999999,88.));
#2749=CARTESIAN_POINT('',(17.05,6.99999999999999,91.));
#2750=CARTESIAN_POINT('',(17.05,6.99999999999999,88.));
#2751=CARTESIAN_POINT('Origin',(21.55,6.99999999999999,91.));
#2752=CARTESIAN_POINT('Origin',(21.55,6.99999999999999,91.));
#2753=CARTESIAN_POINT('',(24.3,6.99999999999999,91.));
#2754=CARTESIAN_POINT('Origin',(21.55,6.99999999999999,91.));
#2755=CARTESIAN_POINT('Origin',(21.55,56.5,88.));
#2756=CARTESIAN_POINT('',(17.05,56.5,91.));
#2757=CARTESIAN_POINT('',(17.05,56.5,88.));
#2758=CARTESIAN_POINT('Origin',(21.55,56.5,91.));
#2759=CARTESIAN_POINT('Origin',(21.55,56.5,91.));
#2760=CARTESIAN_POINT('',(24.3,56.5,91.));
#2761=CARTESIAN_POINT('Origin',(21.55,56.5,91.));
#2762=CARTESIAN_POINT('Origin',(21.55,73.,88.));
#2763=CARTESIAN_POINT('',(17.05,73.,91.));
#2764=CARTESIAN_POINT('',(17.05,73.,88.));
#2765=CARTESIAN_POINT('Origin',(21.55,73.,91.));
#2766=CARTESIAN_POINT('Origin',(21.55,73.,91.));
#2767=CARTESIAN_POINT('',(24.3,73.,91.));
#2768=CARTESIAN_POINT('Origin',(21.55,73.,91.));
#2769=CARTESIAN_POINT('Origin',(21.55,23.5,88.));
#2770=CARTESIAN_POINT('',(17.05,23.5,91.));
#2771=CARTESIAN_POINT('',(17.05,23.5,88.));
#2772=CARTESIAN_POINT('Origin',(21.55,23.5,91.));
#2773=CARTESIAN_POINT('Origin',(21.55,23.5,91.));
#2774=CARTESIAN_POINT('',(24.3,23.5,91.));
#2775=CARTESIAN_POINT('Origin',(21.55,23.5,91.));
#2776=CARTESIAN_POINT('Origin',(21.55,56.5,120.));
#2777=CARTESIAN_POINT('',(26.05,56.5,117.));
#2778=CARTESIAN_POINT('',(26.05,56.5,120.));
#2779=CARTESIAN_POINT('Origin',(21.55,56.5,117.));
#2780=CARTESIAN_POINT('Origin',(21.55,56.5,117.));
#2781=CARTESIAN_POINT('',(24.3,56.5,117.));
#2782=CARTESIAN_POINT('Origin',(21.55,56.5,117.));
#2783=CARTESIAN_POINT('Origin',(21.55,-9.50000000000001,120.));
#2784=CARTESIAN_POINT('',(26.05,-9.50000000000001,117.));
#2785=CARTESIAN_POINT('',(26.05,-9.50000000000001,120.));
#2786=CARTESIAN_POINT('Origin',(21.55,-9.50000000000001,117.));
#2787=CARTESIAN_POINT('Origin',(21.55,-9.50000000000001,117.));
#2788=CARTESIAN_POINT('',(24.3,-9.50000000000001,117.));
#2789=CARTESIAN_POINT('Origin',(21.55,-9.50000000000001,117.));
#2790=CARTESIAN_POINT('Origin',(21.55,73.,120.));
#2791=CARTESIAN_POINT('',(26.05,73.,117.));
#2792=CARTESIAN_POINT('',(26.05,73.,120.));
#2793=CARTESIAN_POINT('Origin',(21.55,73.,117.));
#2794=CARTESIAN_POINT('Origin',(21.55,73.,117.));
#2795=CARTESIAN_POINT('',(24.3,73.,117.));
#2796=CARTESIAN_POINT('Origin',(21.55,73.,117.));
#2797=CARTESIAN_POINT('Origin',(21.55,23.5,120.));
#2798=CARTESIAN_POINT('',(26.05,23.5,117.));
#2799=CARTESIAN_POINT('',(26.05,23.5,120.));
#2800=CARTESIAN_POINT('Origin',(21.55,23.5,117.));
#2801=CARTESIAN_POINT('Origin',(21.55,23.5,117.));
#2802=CARTESIAN_POINT('',(24.3,23.5,117.));
#2803=CARTESIAN_POINT('Origin',(21.55,23.5,117.));
#2804=CARTESIAN_POINT('Origin',(21.55,6.99999999999999,120.));
#2805=CARTESIAN_POINT('',(26.05,6.99999999999999,117.));
#2806=CARTESIAN_POINT('',(26.05,6.99999999999999,120.));
#2807=CARTESIAN_POINT('Origin',(21.55,6.99999999999999,117.));
#2808=CARTESIAN_POINT('Origin',(21.55,6.99999999999999,117.));
#2809=CARTESIAN_POINT('',(24.3,6.99999999999999,117.));
#2810=CARTESIAN_POINT('Origin',(21.55,6.99999999999999,117.));
#2811=CARTESIAN_POINT('Origin',(21.55,89.,120.));
#2812=CARTESIAN_POINT('',(26.05,89.,117.));
#2813=CARTESIAN_POINT('',(26.05,89.,120.));
#2814=CARTESIAN_POINT('Origin',(21.55,89.,117.));
#2815=CARTESIAN_POINT('Origin',(21.55,89.,117.));
#2816=CARTESIAN_POINT('',(24.3,89.,117.));
#2817=CARTESIAN_POINT('Origin',(21.55,89.,117.));
#2818=CARTESIAN_POINT('Origin',(21.55,23.5,94.));
#2819=CARTESIAN_POINT('',(24.3,23.5,114.));
#2820=CARTESIAN_POINT('Origin',(21.55,23.5,114.));
#2821=CARTESIAN_POINT('',(24.3,23.5,94.));
#2822=CARTESIAN_POINT('Origin',(21.55,23.5,94.));
#2823=CARTESIAN_POINT('',(24.3,23.5,94.));
#2824=CARTESIAN_POINT('',(24.3,23.5,94.));
#2825=CARTESIAN_POINT('Origin',(21.55,23.5,94.));
#2826=CARTESIAN_POINT('Origin',(21.55,89.,94.));
#2827=CARTESIAN_POINT('',(24.3,89.,114.));
#2828=CARTESIAN_POINT('Origin',(21.55,89.,114.));
#2829=CARTESIAN_POINT('',(24.3,89.,94.));
#2830=CARTESIAN_POINT('Origin',(21.55,89.,94.));
#2831=CARTESIAN_POINT('',(24.3,89.,94.));
#2832=CARTESIAN_POINT('',(24.3,89.,94.));
#2833=CARTESIAN_POINT('Origin',(21.55,89.,94.));
#2834=CARTESIAN_POINT('Origin',(21.55,6.99999999999999,94.));
#2835=CARTESIAN_POINT('',(24.3,6.99999999999999,114.));
#2836=CARTESIAN_POINT('Origin',(21.55,6.99999999999999,114.));
#2837=CARTESIAN_POINT('',(24.3,6.99999999999999,94.));
#2838=CARTESIAN_POINT('Origin',(21.55,6.99999999999999,94.));
#2839=CARTESIAN_POINT('',(24.3,6.99999999999999,94.));
#2840=CARTESIAN_POINT('',(24.3,6.99999999999999,94.));
#2841=CARTESIAN_POINT('Origin',(21.55,6.99999999999999,94.));
#2842=CARTESIAN_POINT('Origin',(21.55,56.5,94.));
#2843=CARTESIAN_POINT('',(24.3,56.5,114.));
#2844=CARTESIAN_POINT('Origin',(21.55,56.5,114.));
#2845=CARTESIAN_POINT('',(24.3,56.5,94.));
#2846=CARTESIAN_POINT('Origin',(21.55,56.5,94.));
#2847=CARTESIAN_POINT('',(24.3,56.5,94.));
#2848=CARTESIAN_POINT('',(24.3,56.5,94.));
#2849=CARTESIAN_POINT('Origin',(21.55,56.5,94.));
#2850=CARTESIAN_POINT('Origin',(21.55,73.,94.));
#2851=CARTESIAN_POINT('',(24.3,73.,114.));
#2852=CARTESIAN_POINT('Origin',(21.55,73.,114.));
#2853=CARTESIAN_POINT('',(24.3,73.,94.));
#2854=CARTESIAN_POINT('Origin',(21.55,73.,94.));
#2855=CARTESIAN_POINT('',(24.3,73.,94.));
#2856=CARTESIAN_POINT('',(24.3,73.,94.));
#2857=CARTESIAN_POINT('Origin',(21.55,73.,94.));
#2858=CARTESIAN_POINT('Origin',(21.55,-9.50000000000001,94.));
#2859=CARTESIAN_POINT('',(24.3,-9.50000000000001,114.));
#2860=CARTESIAN_POINT('Origin',(21.55,-9.50000000000001,114.));
#2861=CARTESIAN_POINT('',(24.3,-9.50000000000001,94.));
#2862=CARTESIAN_POINT('Origin',(21.55,-9.50000000000001,94.));
#2863=CARTESIAN_POINT('',(24.3,-9.50000000000001,94.));
#2864=CARTESIAN_POINT('',(24.3,-9.50000000000001,94.));
#2865=CARTESIAN_POINT('Origin',(21.55,-9.50000000000001,94.));
#2866=CARTESIAN_POINT('Origin',(5.65,135.,102.5));
#2867=CARTESIAN_POINT('',(2.825,135.,125.));
#2868=CARTESIAN_POINT('',(11.3,135.,114.));
#2869=CARTESIAN_POINT('',(8.475,135.,114.));
#2870=CARTESIAN_POINT('',(11.3,135.,94.));
#2871=CARTESIAN_POINT('',(11.3,135.,81.25));
#2872=CARTESIAN_POINT('',(8.475,135.,94.));
#2873=CARTESIAN_POINT('',(11.3,135.,81.25));
#2874=CARTESIAN_POINT('Origin',(11.3,95.,94.));
#2875=CARTESIAN_POINT('',(11.3,67.5,94.));
#2876=CARTESIAN_POINT('Origin',(11.3,40.,60.));
#2877=CARTESIAN_POINT('',(11.3,9.86076131526265E-31,120.));
#2878=CARTESIAN_POINT('',(11.3,6.8,80.));
#2879=CARTESIAN_POINT('',(11.3,6.8,30.));
#2880=CARTESIAN_POINT('',(11.3,73.2,80.));
#2881=CARTESIAN_POINT('',(11.3,40.0000000001216,80.));
#2882=CARTESIAN_POINT('',(11.3,73.2,30.));
#2883=CARTESIAN_POINT('Origin',(11.3,40.,60.));
#2884=CARTESIAN_POINT('',(11.3,12.5,114.));
#2885=CARTESIAN_POINT('Origin',(11.3,-15.,114.));
#2886=CARTESIAN_POINT('Origin',(0.,9.86076131526265E-31,120.));
#2887=CARTESIAN_POINT('Origin',(0.,80.,125.));
#2888=CARTESIAN_POINT('Origin',(7.05,6.8,1.23259516440783E-31));
#2889=CARTESIAN_POINT('',(7.05,6.8,80.));
#2890=CARTESIAN_POINT('',(7.05,6.8,1.23259516440783E-31));
#2891=CARTESIAN_POINT('',(7.05,3.75,80.));
#2892=CARTESIAN_POINT('',(7.05,0.,80.));
#2893=CARTESIAN_POINT('',(7.05,3.75,1.23259516440783E-31));
#2894=CARTESIAN_POINT('Origin',(5.,6.8,1.23259516440783E-31));
#2895=CARTESIAN_POINT('',(5.,6.8,80.));
#2896=CARTESIAN_POINT('',(5.,6.8,1.23259516440783E-31));
#2897=CARTESIAN_POINT('',(0.,6.8,80.));
#2898=CARTESIAN_POINT('Origin',(5.,73.2,1.23259516440783E-31));
#2899=CARTESIAN_POINT('',(5.,73.2,80.));
#2900=CARTESIAN_POINT('',(5.,73.2,1.23259516440783E-31));
#2901=CARTESIAN_POINT('',(5.,0.,80.));
#2902=CARTESIAN_POINT('Origin',(7.05,73.2,1.23259516440783E-31));
#2903=CARTESIAN_POINT('',(7.05,73.2,80.));
#2904=CARTESIAN_POINT('',(7.05,73.2,1.23259516440783E-31));
#2905=CARTESIAN_POINT('',(0.,73.2,80.));
#2906=CARTESIAN_POINT('Origin',(7.05,76.2500000004864,1.23259516440783E-31));
#2907=CARTESIAN_POINT('',(7.05,76.2500000004864,80.));
#2908=CARTESIAN_POINT('',(7.05,76.2500000004864,1.23259516440783E-31));
#2909=CARTESIAN_POINT('',(7.05,0.,80.));
#2910=CARTESIAN_POINT('Origin',(9.7,76.2500000001831,1.23259516440783E-31));
#2911=CARTESIAN_POINT('',(9.7,76.2500000001831,80.));
#2912=CARTESIAN_POINT('',(9.7,76.2500000001831,1.23259516440783E-31));
#2913=CARTESIAN_POINT('',(0.,76.2500000012932,80.));
#2914=CARTESIAN_POINT('Origin',(9.7,73.2,1.23259516440783E-31));
#2915=CARTESIAN_POINT('',(9.7,73.2,80.));
#2916=CARTESIAN_POINT('',(9.7,73.2,1.23259516440783E-31));
#2917=CARTESIAN_POINT('',(9.7,0.,80.));
#2918=CARTESIAN_POINT('Origin',(11.3,73.2,1.23259516440783E-31));
#2919=CARTESIAN_POINT('',(0.,73.2,80.));
#2920=CARTESIAN_POINT('Origin',(9.7,6.8,1.23259516440783E-31));
#2921=CARTESIAN_POINT('',(9.7,6.8,80.));
#2922=CARTESIAN_POINT('',(9.7,6.8,1.23259516440783E-31));
#2923=CARTESIAN_POINT('',(0.,6.8,80.));
#2924=CARTESIAN_POINT('Origin',(9.7,3.75,1.23259516440783E-31));
#2925=CARTESIAN_POINT('',(9.7,3.75,80.));
#2926=CARTESIAN_POINT('',(9.7,3.75,1.23259516440783E-31));
#2927=CARTESIAN_POINT('',(9.7,0.,80.));
#2928=CARTESIAN_POINT('Origin',(7.05,3.75,1.23259516440783E-31));
#2929=CARTESIAN_POINT('',(11.3,3.75,80.));
#2930=CARTESIAN_POINT('Origin',(8.15,40.0000000002432,80.));
#2931=UNCERTAINTY_MEASURE_WITH_UNIT(LENGTH_MEASURE(0.01),#2935,
'DISTANCE_ACCURACY_VALUE',
'Maximum model space distance between geometric entities at asserted c
onnectivities');
#2932=UNCERTAINTY_MEASURE_WITH_UNIT(LENGTH_MEASURE(0.01),#2935,
'DISTANCE_ACCURACY_VALUE',
'Maximum model space distance between geometric entities at asserted c
onnectivities');
#2933=(
GEOMETRIC_REPRESENTATION_CONTEXT(3)
GLOBAL_UNCERTAINTY_ASSIGNED_CONTEXT((#2931))
GLOBAL_UNIT_ASSIGNED_CONTEXT((#2935,#2937,#2938))
REPRESENTATION_CONTEXT('','3D')
);
#2934=(
GEOMETRIC_REPRESENTATION_CONTEXT(3)
GLOBAL_UNCERTAINTY_ASSIGNED_CONTEXT((#2932))
GLOBAL_UNIT_ASSIGNED_CONTEXT((#2935,#2937,#2938))
REPRESENTATION_CONTEXT('','3D')
);
#2935=(
LENGTH_UNIT()
NAMED_UNIT(*)
SI_UNIT(.MILLI.,.METRE.)
);
#2936=(
LENGTH_UNIT()
NAMED_UNIT(*)
SI_UNIT($,.METRE.)
);
#2937=(
NAMED_UNIT(*)
PLANE_ANGLE_UNIT()
SI_UNIT($,.RADIAN.)
);
#2938=(
NAMED_UNIT(*)
SI_UNIT($,.STERADIAN.)
SOLID_ANGLE_UNIT()
);
#2939=SHAPE_DEFINITION_REPRESENTATION(#2940,#2941);
#2940=PRODUCT_DEFINITION_SHAPE('',$,#2943);
#2941=SHAPE_REPRESENTATION('',(#1761),#2933);
#2942=PRODUCT_DEFINITION_CONTEXT('part definition',#2947,'design');
#2943=PRODUCT_DEFINITION('back2_V2','back2_V2 v4',#2944,#2942);
#2944=PRODUCT_DEFINITION_FORMATION('',$,#2949);
#2945=PRODUCT_RELATED_PRODUCT_CATEGORY('back2_V2 v4','back2_V2 v4',(#2949));
#2946=APPLICATION_PROTOCOL_DEFINITION('international standard',
'automotive_design',2009,#2947);
#2947=APPLICATION_CONTEXT(
'Core Data for Automotive Mechanical Design Process');
#2948=PRODUCT_CONTEXT('part definition',#2947,'mechanical');
#2949=PRODUCT('back2_V2','back2_V2 v4',$,(#2948));
#2950=PRESENTATION_STYLE_ASSIGNMENT((#2952));
#2951=PRESENTATION_STYLE_ASSIGNMENT((#2953));
#2952=SURFACE_STYLE_USAGE(.BOTH.,#2954);
#2953=SURFACE_STYLE_USAGE(.BOTH.,#2955);
#2954=SURFACE_SIDE_STYLE('',(#2956));
#2955=SURFACE_SIDE_STYLE('',(#2957));
#2956=SURFACE_STYLE_FILL_AREA(#2958);
#2957=SURFACE_STYLE_FILL_AREA(#2959);
#2958=FILL_AREA_STYLE('Steel - Satin',(#2960));
#2959=FILL_AREA_STYLE('ABS (White)',(#2961));
#2960=FILL_AREA_STYLE_COLOUR('Steel - Satin',#2962);
#2961=FILL_AREA_STYLE_COLOUR('ABS (White)',#2963);
#2962=COLOUR_RGB('Steel - Satin',0.627450980392157,0.627450980392157,0.627450980392157);
#2963=COLOUR_RGB('ABS (White)',0.701960784313725,0.890196078431372,0.219607843137255);
ENDSEC;
END-ISO-10303-21;
