ISO-10303-21;
HEADER;
/* Generated by software containing ST-Developer
 * from STEP Tools, Inc. (www.steptools.com) 
 */

FILE_DESCRIPTION(
/* description */ (''),
/* implementation_level */ '2;1');

FILE_NAME(
/* name */ 'shouder_jont_2nd_part_v2 v9.step',
/* time_stamp */ '2025-10-30T13:17:09+08:00',
/* author */ (''),
/* organization */ (''),
/* preprocessor_version */ 'ST-DEVELOPER v20.1',
/* originating_system */ 'Autodesk Translation Framework v14.17.0.0',
/* authorisation */ '');

FILE_SCHEMA (('AUTOMOTIVE_DESIGN { 1 0 10303 214 3 1 1 }'));
ENDSEC;

DATA;
#10=MECHANICAL_DESIGN_GEOMETRIC_PRESENTATION_REPRESENTATION('',(#89,#90,
#91),#10382);
#11=ITEM_DEFINED_TRANSFORMATION($,$,#5294,#5809);
#12=ITEM_DEFINED_TRANSFORMATION($,$,#5369,#5810);
#13=(
REPRESENTATION_RELATIONSHIP($,$,#10396,#10395)
REPRESENTATION_RELATIONSHIP_WITH_TRANSFORMATION(#11)
SHAPE_REPRESENTATION_RELATIONSHIP()
);
#14=(
REPRESENTATION_RELATIONSHIP($,$,#10397,#10395)
REPRESENTATION_RELATIONSHIP_WITH_TRANSFORMATION(#12)
SHAPE_REPRESENTATION_RELATIONSHIP()
);
#15=CONTEXT_DEPENDENT_SHAPE_REPRESENTATION(#13,#10393);
#16=CONTEXT_DEPENDENT_SHAPE_REPRESENTATION(#14,#10394);
#17=NEXT_ASSEMBLY_USAGE_OCCURRENCE('side v4:1','side v4:1','side v4:1',
#10399,#10400,'side v4:1');
#18=NEXT_ASSEMBLY_USAGE_OCCURRENCE('servo_connection_v2 v4:1',
'servo_connection_v2 v4:1','servo_connection_v2 v4:1',#10399,#10401,
'servo_connection_v2 v4:1');
#19=B_SPLINE_SURFACE_WITH_KNOTS('',3,3,((#8366,#8367,#8368,#8369),(#8370,
#8371,#8372,#8373),(#8374,#8375,#8376,#8377),(#8378,#8379,#8380,#8381),
(#8382,#8383,#8384,#8385)),.UNSPECIFIED.,.F.,.F.,.F.,(4,1,4),(4,4),(0.,
0.571428571428571,1.),(1.55825050616421,1.5707963267949),.UNSPECIFIED.);
#20=B_SPLINE_SURFACE_WITH_KNOTS('',3,3,((#8397,#8398,#8399,#8400,#8401,
#8402,#8403),(#8404,#8405,#8406,#8407,#8408,#8409,#8410),(#8411,#8412,#8413,
#8414,#8415,#8416,#8417),(#8418,#8419,#8420,#8421,#8422,#8423,#8424),(#8425,
#8426,#8427,#8428,#8429,#8430,#8431),(#8432,#8433,#8434,#8435,#8436,#8437,
#8438)),.UNSPECIFIED.,.F.,.F.,.F.,(4,1,1,4),(4,1,1,1,4),(0.,0.285714285714286,
0.571428571428571,1.),(0.,0.347297242110973,0.578828736851621,0.694594484221946,
0.81036023159227),.UNSPECIFIED.);
#21=B_SPLINE_SURFACE_WITH_KNOTS('',3,3,((#8648,#8649,#8650,#8651),(#8652,
#8653,#8654,#8655),(#8656,#8657,#8658,#8659),(#8660,#8661,#8662,#8663),
(#8664,#8665,#8666,#8667)),.UNSPECIFIED.,.F.,.F.,.F.,(4,1,4),(4,4),(0.,
0.571428571428571,1.),(4.71238898038469,4.72769784280986),.UNSPECIFIED.);
#22=B_SPLINE_SURFACE_WITH_KNOTS('',3,3,((#8745,#8746,#8747,#8748,#8749,
#8750,#8751),(#8752,#8753,#8754,#8755,#8756,#8757,#8758),(#8759,#8760,#8761,
#8762,#8763,#8764,#8765),(#8766,#8767,#8768,#8769,#8770,#8771,#8772),(#8773,
#8774,#8775,#8776,#8777,#8778,#8779),(#8780,#8781,#8782,#8783,#8784,#8785,
#8786)),.UNSPECIFIED.,.F.,.F.,.F.,(4,1,1,4),(4,1,1,1,4),(0.,0.285714285714286,
0.571428571428571,1.),(-0.82091305149298,-0.703639758422554,-0.469093172281703,
-0.234546586140851,0.),.UNSPECIFIED.);
#23=B_SPLINE_SURFACE_WITH_KNOTS('',3,3,((#9384,#9385,#9386,#9387),(#9388,
#9389,#9390,#9391),(#9392,#9393,#9394,#9395),(#9396,#9397,#9398,#9399),
(#9400,#9401,#9402,#9403),(#9404,#9405,#9406,#9407)),.UNSPECIFIED.,.F.,
 .F.,.F.,(4,1,1,4),(4,4),(0.0305872829929309,0.446049875995961,0.72302493799798,
1.),(3.83799327550691,4.32135148205644),.UNSPECIFIED.);
#24=B_SPLINE_SURFACE_WITH_KNOTS('',3,3,((#9743,#9744,#9745,#9746),(#9747,
#9748,#9749,#9750),(#9751,#9752,#9753,#9754),(#9755,#9756,#9757,#9758),
(#9759,#9760,#9761,#9762)),.UNSPECIFIED.,.F.,.F.,.F.,(4,1,4),(4,4),(0.,
0.571428571428571,1.),(5.1583065499218,5.67144327849573),.UNSPECIFIED.);
#25=B_SPLINE_SURFACE_WITH_KNOTS('',3,1,((#9968,#9969),(#9970,#9971),(#9972,
#9973),(#9974,#9975),(#9976,#9977),(#9978,#9979),(#9980,#9981),(#9982,#9983),
(#9984,#9985),(#9986,#9987),(#9988,#9989),(#9990,#9991),(#9992,#9993),(#9994,
#9995),(#9996,#9997),(#9998,#9999),(#10000,#10001),(#10002,#10003),(#10004,
#10005),(#10006,#10007),(#10008,#10009),(#10010,#10011)),.UNSPECIFIED.,
 .F.,.F.,.F.,(4,3,3,3,3,3,3,4),(2,2),(0.,0.117879093864216,0.196212792555829,
0.264712587275507,0.341296530184162,0.410659680558859,0.499636967085684,
0.525095994073866),(0.,2.),.UNSPECIFIED.);
#26=B_SPLINE_SURFACE_WITH_KNOTS('',3,1,((#10020,#10021),(#10022,#10023),
(#10024,#10025),(#10026,#10027),(#10028,#10029),(#10030,#10031),(#10032,
#10033)),.UNSPECIFIED.,.F.,.F.,.F.,(4,3,4),(2,2),(-0.161876438861393,-0.117879093864216,
0.),(0.,2.),.UNSPECIFIED.);
#27=ELLIPSE('',#5384,34.1067930405728,24.1171446435151);
#28=ELLIPSE('',#5390,34.1067930405727,24.1171446435151);
#29=ELLIPSE('',#5398,34.1067930405728,24.1171446435151);
#30=ELLIPSE('',#5401,34.1067930405727,24.1171446435151);
#31=ELLIPSE('',#5404,2.82842712474618,1.99999999999999);
#32=ELLIPSE('',#5422,34.1067930405727,24.1171446435151);
#33=ELLIPSE('',#5424,34.1067930405728,24.1171446435151);
#34=ELLIPSE('',#5427,2.8284271247462,2.00000000000001);
#35=ELLIPSE('',#5430,2.82842712474621,2.00000000000001);
#36=ELLIPSE('',#5432,34.1067930405727,24.1171446435151);
#37=ELLIPSE('',#5435,34.1067930405728,24.1171446435151);
#38=ELLIPSE('',#5438,2.82842712474619,1.99999999999999);
#39=ELLIPSE('',#5453,4.0133660981795,4.);
#40=ELLIPSE('',#5454,49.0522523110825,4.);
#41=ELLIPSE('',#5455,49.0522523110826,4.);
#42=ELLIPSE('',#5463,26.0868796381667,26.);
#43=ELLIPSE('',#5467,4.01995024844836,4.);
#44=ELLIPSE('',#5477,34.1067930405728,24.1171446435151);
#45=ELLIPSE('',#5481,40.1995024844836,4.);
#46=ELLIPSE('',#5482,40.1995024844837,4.);
#47=ELLIPSE('',#5484,26.1296766149143,26.);
#48=ELLIPSE('',#5498,4.30253348615668,4.);
#49=ELLIPSE('',#5503,4.33430618846885,4.);
#50=ELLIPSE('',#5504,30.0753269185257,30.);
#51=ELLIPSE('',#5507,5.62732821697697,4.);
#52=ELLIPSE('',#5509,5.84018330699495,4.);
#53=ELLIPSE('',#5511,5.84018330699495,4.);
#54=ELLIPSE('',#5515,30.1002457363462,30.);
#55=ELLIPSE('',#5522,4.33356550357998,4.);
#56=ELLIPSE('',#5523,5.63189751468479,4.);
#57=ELLIPSE('',#5526,30.1124558945298,30.);
#58=ELLIPSE('',#5529,4.30253348615668,4.);
#59=ELLIPSE('',#5548,34.1067930405728,24.1171446435151);
#60=ELLIPSE('',#5551,34.1067930405727,24.1171446435151);
#61=ELLIPSE('',#5554,34.1067930405728,24.1171446435151);
#62=ELLIPSE('',#5557,34.1067930405727,24.1171446435151);
#63=ELLIPSE('',#5560,2.82842712474618,1.99999999999999);
#64=ELLIPSE('',#5576,34.1067930405727,24.1171446435151);
#65=ELLIPSE('',#5578,2.8284271247462,2.00000000000001);
#66=ELLIPSE('',#5580,2.82842712474621,2.00000000000001);
#67=ELLIPSE('',#5582,34.1067930405727,24.1171446435151);
#68=ELLIPSE('',#5584,34.1067930405728,24.1171446435151);
#69=ELLIPSE('',#5586,2.82842712474619,1.99999999999999);
#70=ELLIPSE('',#5630,7.92639804390451,7.9);
#71=ELLIPSE('',#5631,7.9394017406855,7.9);
#72=ELLIPSE('',#5635,7.9394017406855,7.9);
#73=ELLIPSE('',#5636,9.18464920109487,6.5);
#74=ELLIPSE('',#5637,7.92639804390451,7.9);
#75=ELLIPSE('',#5639,7.9394017406855,7.9);
#76=ELLIPSE('',#5640,7.92639804390451,7.9);
#77=ELLIPSE('',#5645,17.0026207820691,6.5);
#78=ELLIPSE('',#5654,16.9680544943663,6.5);
#79=ELLIPSE('',#5670,7.9394017406855,7.9);
#80=ELLIPSE('',#5678,7.92639804390451,7.9);
#81=ELLIPSE('',#5691,7.9394017406855,7.9);
#82=ELLIPSE('',#5693,7.9394017406855,7.9);
#83=SHAPE_REPRESENTATION_RELATIONSHIP('SRR','None',#10396,#86);
#84=SHAPE_REPRESENTATION_RELATIONSHIP('SRR','None',#10397,#87);
#85=SHAPE_REPRESENTATION_RELATIONSHIP('SRR','None',#10395,#88);
#86=ADVANCED_BREP_SHAPE_REPRESENTATION('',(#92),#10380);
#87=ADVANCED_BREP_SHAPE_REPRESENTATION('',(#93),#10381);
#88=ADVANCED_BREP_SHAPE_REPRESENTATION('',(#94),#10379);
#89=STYLED_ITEM('',(#10415),#92);
#90=STYLED_ITEM('',(#10415),#93);
#91=STYLED_ITEM('',(#10415),#94);
#92=MANIFOLD_SOLID_BREP('Body1',#5267);
#93=MANIFOLD_SOLID_BREP('Body1',#5268);
#94=MANIFOLD_SOLID_BREP('Body1',#5269);
#95=FACE_BOUND('',#894,.T.);
#96=FACE_BOUND('',#895,.T.);
#97=FACE_BOUND('',#896,.T.);
#98=FACE_BOUND('',#897,.T.);
#99=FACE_BOUND('',#898,.T.);
#100=FACE_BOUND('',#900,.T.);
#101=FACE_BOUND('',#901,.T.);
#102=FACE_BOUND('',#902,.T.);
#103=FACE_BOUND('',#903,.T.);
#104=FACE_BOUND('',#904,.T.);
#105=FACE_BOUND('',#906,.T.);
#106=FACE_BOUND('',#907,.T.);
#107=FACE_BOUND('',#908,.T.);
#108=FACE_BOUND('',#909,.T.);
#109=FACE_BOUND('',#910,.T.);
#110=FACE_BOUND('',#922,.T.);
#111=FACE_BOUND('',#923,.T.);
#112=FACE_BOUND('',#924,.T.);
#113=FACE_BOUND('',#925,.T.);
#114=FACE_BOUND('',#926,.T.);
#115=FACE_BOUND('',#928,.T.);
#116=FACE_BOUND('',#933,.T.);
#117=FACE_BOUND('',#946,.T.);
#118=FACE_BOUND('',#947,.T.);
#119=FACE_BOUND('',#987,.T.);
#120=FACE_BOUND('',#997,.T.);
#121=FACE_BOUND('',#1160,.T.);
#122=FACE_BOUND('',#1161,.T.);
#123=FACE_BOUND('',#1162,.T.);
#124=FACE_BOUND('',#1163,.T.);
#125=FACE_BOUND('',#1164,.T.);
#126=FACE_BOUND('',#1166,.T.);
#127=FACE_BOUND('',#1167,.T.);
#128=FACE_BOUND('',#1168,.T.);
#129=FACE_BOUND('',#1169,.T.);
#130=FACE_BOUND('',#1170,.T.);
#131=FACE_BOUND('',#1172,.T.);
#132=FACE_BOUND('',#1173,.T.);
#133=FACE_BOUND('',#1174,.T.);
#134=FACE_BOUND('',#1175,.T.);
#135=FACE_BOUND('',#1176,.T.);
#136=FACE_BOUND('',#1188,.T.);
#137=FACE_BOUND('',#1189,.T.);
#138=FACE_BOUND('',#1190,.T.);
#139=FACE_BOUND('',#1191,.T.);
#140=FACE_BOUND('',#1192,.T.);
#141=FACE_BOUND('',#1194,.T.);
#142=FACE_BOUND('',#1199,.T.);
#143=TOROIDAL_SURFACE('',#5315,16.8729833462074,4.);
#144=TOROIDAL_SURFACE('',#5319,16.8729835399225,4.);
#145=TOROIDAL_SURFACE('',#5499,26.,4.);
#146=TOROIDAL_SURFACE('',#5530,26.,4.);
#147=TOROIDAL_SURFACE('',#5754,16.8729833462074,4.);
#148=TOROIDAL_SURFACE('',#5758,16.8729835399225,4.);
#149=PLANE('',#5297);
#150=PLANE('',#5307);
#151=PLANE('',#5318);
#152=PLANE('',#5322);
#153=PLANE('',#5329);
#154=PLANE('',#5330);
#155=PLANE('',#5336);
#156=PLANE('',#5342);
#157=PLANE('',#5363);
#158=PLANE('',#5364);
#159=PLANE('',#5366);
#160=PLANE('',#5368);
#161=PLANE('',#5370);
#162=PLANE('',#5375);
#163=PLANE('',#5378);
#164=PLANE('',#5381);
#165=PLANE('',#5385);
#166=PLANE('',#5391);
#167=PLANE('',#5392);
#168=PLANE('',#5395);
#169=PLANE('',#5405);
#170=PLANE('',#5406);
#171=PLANE('',#5410);
#172=PLANE('',#5411);
#173=PLANE('',#5412);
#174=PLANE('',#5413);
#175=PLANE('',#5414);
#176=PLANE('',#5415);
#177=PLANE('',#5416);
#178=PLANE('',#5417);
#179=PLANE('',#5418);
#180=PLANE('',#5419);
#181=PLANE('',#5420);
#182=PLANE('',#5439);
#183=PLANE('',#5440);
#184=PLANE('',#5441);
#185=PLANE('',#5442);
#186=PLANE('',#5443);
#187=PLANE('',#5444);
#188=PLANE('',#5445);
#189=PLANE('',#5448);
#190=PLANE('',#5451);
#191=PLANE('',#5456);
#192=PLANE('',#5462);
#193=PLANE('',#5466);
#194=PLANE('',#5468);
#195=PLANE('',#5469);
#196=PLANE('',#5483);
#197=PLANE('',#5485);
#198=PLANE('',#5493);
#199=PLANE('',#5510);
#200=PLANE('',#5512);
#201=PLANE('',#5513);
#202=PLANE('',#5517);
#203=PLANE('',#5518);
#204=PLANE('',#5519);
#205=PLANE('',#5533);
#206=PLANE('',#5539);
#207=PLANE('',#5541);
#208=PLANE('',#5542);
#209=PLANE('',#5544);
#210=PLANE('',#5546);
#211=PLANE('',#5552);
#212=PLANE('',#5561);
#213=PLANE('',#5562);
#214=PLANE('',#5566);
#215=PLANE('',#5567);
#216=PLANE('',#5568);
#217=PLANE('',#5569);
#218=PLANE('',#5570);
#219=PLANE('',#5571);
#220=PLANE('',#5572);
#221=PLANE('',#5573);
#222=PLANE('',#5574);
#223=PLANE('',#5587);
#224=PLANE('',#5588);
#225=PLANE('',#5589);
#226=PLANE('',#5590);
#227=PLANE('',#5591);
#228=PLANE('',#5592);
#229=PLANE('',#5593);
#230=PLANE('',#5603);
#231=PLANE('',#5606);
#232=PLANE('',#5609);
#233=PLANE('',#5615);
#234=PLANE('',#5618);
#235=PLANE('',#5629);
#236=PLANE('',#5632);
#237=PLANE('',#5633);
#238=PLANE('',#5634);
#239=PLANE('',#5638);
#240=PLANE('',#5642);
#241=PLANE('',#5643);
#242=PLANE('',#5647);
#243=PLANE('',#5650);
#244=PLANE('',#5655);
#245=PLANE('',#5657);
#246=PLANE('',#5661);
#247=PLANE('',#5664);
#248=PLANE('',#5666);
#249=PLANE('',#5669);
#250=PLANE('',#5677);
#251=PLANE('',#5681);
#252=PLANE('',#5684);
#253=PLANE('',#5689);
#254=PLANE('',#5694);
#255=PLANE('',#5695);
#256=PLANE('',#5699);
#257=PLANE('',#5701);
#258=PLANE('',#5702);
#259=PLANE('',#5703);
#260=PLANE('',#5704);
#261=PLANE('',#5707);
#262=PLANE('',#5710);
#263=PLANE('',#5717);
#264=PLANE('',#5728);
#265=PLANE('',#5729);
#266=PLANE('',#5730);
#267=PLANE('',#5733);
#268=PLANE('',#5734);
#269=PLANE('',#5735);
#270=PLANE('',#5736);
#271=PLANE('',#5739);
#272=PLANE('',#5757);
#273=PLANE('',#5761);
#274=PLANE('',#5768);
#275=PLANE('',#5774);
#276=PLANE('',#5780);
#277=PLANE('',#5801);
#278=PLANE('',#5802);
#279=PLANE('',#5804);
#280=PLANE('',#5806);
#281=PLANE('',#5807);
#282=CIRCLE('',#5296,4.);
#283=CIRCLE('',#5298,4.99999999999999);
#284=CIRCLE('',#5299,5.);
#285=CIRCLE('',#5301,4.);
#286=CIRCLE('',#5303,13.);
#287=CIRCLE('',#5304,13.);
#288=CIRCLE('',#5306,4.);
#289=CIRCLE('',#5308,5.);
#290=CIRCLE('',#5309,4.99999999999999);
#291=CIRCLE('',#5311,4.);
#292=CIRCLE('',#5313,13.0000001937151);
#293=CIRCLE('',#5314,13.0000001937151);
#294=CIRCLE('',#5316,13.);
#295=CIRCLE('',#5317,16.8729833462074);
#296=CIRCLE('',#5320,13.0000001937151);
#297=CIRCLE('',#5321,16.8729835399225);
#298=CIRCLE('',#5324,10.5);
#299=CIRCLE('',#5325,10.5);
#300=CIRCLE('',#5327,10.5);
#301=CIRCLE('',#5328,10.5);
#302=CIRCLE('',#5331,1.5);
#303=CIRCLE('',#5332,1.5);
#304=CIRCLE('',#5333,1.5);
#305=CIRCLE('',#5334,1.5);
#306=CIRCLE('',#5335,2.8);
#307=CIRCLE('',#5337,1.5);
#308=CIRCLE('',#5338,1.5);
#309=CIRCLE('',#5339,2.8);
#310=CIRCLE('',#5340,1.5);
#311=CIRCLE('',#5341,1.5);
#312=CIRCLE('',#5343,1.5);
#313=CIRCLE('',#5344,1.5);
#314=CIRCLE('',#5345,1.5);
#315=CIRCLE('',#5346,2.8);
#316=CIRCLE('',#5347,1.5);
#317=CIRCLE('',#5349,1.5);
#318=CIRCLE('',#5352,2.8);
#319=CIRCLE('',#5355,1.5);
#320=CIRCLE('',#5358,1.5);
#321=CIRCLE('',#5361,1.5);
#322=CIRCLE('',#5371,24.1171446435151);
#323=CIRCLE('',#5372,0.999999999999996);
#324=CIRCLE('',#5373,0.999999999999996);
#325=CIRCLE('',#5374,24.1171446435151);
#326=CIRCLE('',#5377,0.999999999999996);
#327=CIRCLE('',#5380,0.999999999999996);
#328=CIRCLE('',#5383,24.1171446435151);
#329=CIRCLE('',#5386,24.1171446435151);
#330=CIRCLE('',#5387,24.1171446435151);
#331=CIRCLE('',#5389,24.1171446435151);
#332=CIRCLE('',#5393,1.25);
#333=CIRCLE('',#5394,1.25);
#334=CIRCLE('',#5397,24.1171446435151);
#335=CIRCLE('',#5400,24.1171446435151);
#336=CIRCLE('',#5403,1.99999999999999);
#337=CIRCLE('',#5407,24.1171446435151);
#338=CIRCLE('',#5408,24.1171446435151);
#339=CIRCLE('',#5409,2.00000000000001);
#340=CIRCLE('',#5425,24.1171446435151);
#341=CIRCLE('',#5429,2.00000000000001);
#342=CIRCLE('',#5434,24.1171446435151);
#343=CIRCLE('',#5437,1.99999999999999);
#344=CIRCLE('',#5447,1.25);
#345=CIRCLE('',#5450,1.25);
#346=CIRCLE('',#5457,26.);
#347=CIRCLE('',#5458,24.1171446435151);
#348=CIRCLE('',#5459,0.999999999999996);
#349=CIRCLE('',#5460,0.999999999999996);
#350=CIRCLE('',#5461,24.1171446435151);
#351=CIRCLE('',#5465,4.);
#352=CIRCLE('',#5470,24.1171446435151);
#353=CIRCLE('',#5471,24.1171446435151);
#354=CIRCLE('',#5472,1.99999999999999);
#355=CIRCLE('',#5473,2.00000000000001);
#356=CIRCLE('',#5474,24.1171446435151);
#357=CIRCLE('',#5475,24.1171446435151);
#358=CIRCLE('',#5479,1.25);
#359=CIRCLE('',#5486,24.1171446435151);
#360=CIRCLE('',#5487,0.999999999999996);
#361=CIRCLE('',#5488,0.999999999999996);
#362=CIRCLE('',#5489,24.1171446435151);
#363=CIRCLE('',#5490,26.);
#364=CIRCLE('',#5492,4.);
#365=CIRCLE('',#5495,1.25);
#366=CIRCLE('',#5497,4.);
#367=CIRCLE('',#5500,30.);
#368=CIRCLE('',#5502,4.);
#369=CIRCLE('',#5506,3.99999999999998);
#370=CIRCLE('',#5516,30.);
#371=CIRCLE('',#5521,4.00000000000001);
#372=CIRCLE('',#5525,4.);
#373=CIRCLE('',#5528,4.);
#374=CIRCLE('',#5531,30.);
#375=CIRCLE('',#5534,5.);
#376=CIRCLE('',#5535,4.99999999999999);
#377=CIRCLE('',#5537,3.);
#378=CIRCLE('',#5538,3.);
#379=CIRCLE('',#5540,30.);
#380=CIRCLE('',#5550,24.1171446435151);
#381=CIRCLE('',#5556,24.1171446435151);
#382=CIRCLE('',#5559,1.99999999999999);
#383=CIRCLE('',#5563,24.1171446435151);
#384=CIRCLE('',#5564,24.1171446435151);
#385=CIRCLE('',#5565,2.00000000000001);
#386=CIRCLE('',#5595,2.5);
#387=CIRCLE('',#5596,2.5);
#388=CIRCLE('',#5598,2.5);
#389=CIRCLE('',#5599,2.5);
#390=CIRCLE('',#5601,2.5);
#391=CIRCLE('',#5602,2.5);
#392=CIRCLE('',#5604,8.5);
#393=CIRCLE('',#5605,8.5);
#394=CIRCLE('',#5607,8.5);
#395=CIRCLE('',#5608,8.5);
#396=CIRCLE('',#5610,8.5);
#397=CIRCLE('',#5611,8.5);
#398=CIRCLE('',#5613,2.5);
#399=CIRCLE('',#5614,2.5);
#400=CIRCLE('',#5616,7.5);
#401=CIRCLE('',#5617,7.5);
#402=CIRCLE('',#5620,2.5);
#403=CIRCLE('',#5621,2.5);
#404=CIRCLE('',#5622,2.5);
#405=CIRCLE('',#5624,2.5);
#406=CIRCLE('',#5625,2.5);
#407=CIRCLE('',#5627,2.5);
#408=CIRCLE('',#5628,2.5);
#409=CIRCLE('',#5648,7.5);
#410=CIRCLE('',#5649,7.5);
#411=CIRCLE('',#5651,8.5);
#412=CIRCLE('',#5652,8.5);
#413=CIRCLE('',#5656,30.);
#414=CIRCLE('',#5658,30.);
#415=CIRCLE('',#5660,6.5);
#416=CIRCLE('',#5668,6.);
#417=CIRCLE('',#5672,6.);
#418=CIRCLE('',#5674,6.);
#419=CIRCLE('',#5676,6.);
#420=CIRCLE('',#5680,6.);
#421=CIRCLE('',#5683,6.);
#422=CIRCLE('',#5686,6.);
#423=CIRCLE('',#5697,10.);
#424=CIRCLE('',#5698,10.);
#425=CIRCLE('',#5700,9.99999999999999);
#426=CIRCLE('',#5706,5.);
#427=CIRCLE('',#5708,5.);
#428=CIRCLE('',#5711,8.5);
#429=CIRCLE('',#5712,8.5);
#430=CIRCLE('',#5714,5.);
#431=CIRCLE('',#5716,5.);
#432=CIRCLE('',#5719,5.);
#433=CIRCLE('',#5723,8.5);
#434=CIRCLE('',#5725,8.5);
#435=CIRCLE('',#5732,9.99999999999999);
#436=CIRCLE('',#5738,4.);
#437=CIRCLE('',#5740,4.99999999999999);
#438=CIRCLE('',#5741,5.);
#439=CIRCLE('',#5743,4.);
#440=CIRCLE('',#5745,13.);
#441=CIRCLE('',#5746,13.);
#442=CIRCLE('',#5748,4.);
#443=CIRCLE('',#5750,4.);
#444=CIRCLE('',#5752,13.0000001937151);
#445=CIRCLE('',#5753,13.0000001937151);
#446=CIRCLE('',#5755,13.);
#447=CIRCLE('',#5756,16.8729833462074);
#448=CIRCLE('',#5759,13.0000001937151);
#449=CIRCLE('',#5760,16.8729835399225);
#450=CIRCLE('',#5763,10.5);
#451=CIRCLE('',#5764,10.5);
#452=CIRCLE('',#5766,10.5);
#453=CIRCLE('',#5767,10.5);
#454=CIRCLE('',#5769,1.5);
#455=CIRCLE('',#5770,1.5);
#456=CIRCLE('',#5771,1.5);
#457=CIRCLE('',#5772,1.5);
#458=CIRCLE('',#5773,2.8);
#459=CIRCLE('',#5775,1.5);
#460=CIRCLE('',#5776,1.5);
#461=CIRCLE('',#5777,2.8);
#462=CIRCLE('',#5778,1.5);
#463=CIRCLE('',#5779,1.5);
#464=CIRCLE('',#5781,1.5);
#465=CIRCLE('',#5782,1.5);
#466=CIRCLE('',#5783,1.5);
#467=CIRCLE('',#5784,2.8);
#468=CIRCLE('',#5785,1.5);
#469=CIRCLE('',#5787,1.5);
#470=CIRCLE('',#5790,2.8);
#471=CIRCLE('',#5793,1.5);
#472=CIRCLE('',#5796,1.5);
#473=CIRCLE('',#5799,1.5);
#474=CYLINDRICAL_SURFACE('',#5295,4.);
#475=CYLINDRICAL_SURFACE('',#5300,4.);
#476=CYLINDRICAL_SURFACE('',#5302,13.);
#477=CYLINDRICAL_SURFACE('',#5305,4.);
#478=CYLINDRICAL_SURFACE('',#5310,4.);
#479=CYLINDRICAL_SURFACE('',#5312,13.0000001937151);
#480=CYLINDRICAL_SURFACE('',#5323,10.5);
#481=CYLINDRICAL_SURFACE('',#5326,10.5);
#482=CYLINDRICAL_SURFACE('',#5348,1.5);
#483=CYLINDRICAL_SURFACE('',#5350,1.5);
#484=CYLINDRICAL_SURFACE('',#5351,2.8);
#485=CYLINDRICAL_SURFACE('',#5353,2.8);
#486=CYLINDRICAL_SURFACE('',#5354,1.5);
#487=CYLINDRICAL_SURFACE('',#5356,1.5);
#488=CYLINDRICAL_SURFACE('',#5357,1.5);
#489=CYLINDRICAL_SURFACE('',#5359,1.5);
#490=CYLINDRICAL_SURFACE('',#5360,1.5);
#491=CYLINDRICAL_SURFACE('',#5362,1.5);
#492=CYLINDRICAL_SURFACE('',#5365,5.);
#493=CYLINDRICAL_SURFACE('',#5367,4.99999999999999);
#494=CYLINDRICAL_SURFACE('',#5376,0.999999999999996);
#495=CYLINDRICAL_SURFACE('',#5379,0.999999999999996);
#496=CYLINDRICAL_SURFACE('',#5382,24.1171446435151);
#497=CYLINDRICAL_SURFACE('',#5388,24.1171446435151);
#498=CYLINDRICAL_SURFACE('',#5396,24.1171446435151);
#499=CYLINDRICAL_SURFACE('',#5399,24.1171446435151);
#500=CYLINDRICAL_SURFACE('',#5402,1.99999999999999);
#501=CYLINDRICAL_SURFACE('',#5421,24.1171446435151);
#502=CYLINDRICAL_SURFACE('',#5423,24.1171446435151);
#503=CYLINDRICAL_SURFACE('',#5426,2.00000000000001);
#504=CYLINDRICAL_SURFACE('',#5428,2.00000000000001);
#505=CYLINDRICAL_SURFACE('',#5431,24.1171446435151);
#506=CYLINDRICAL_SURFACE('',#5433,24.1171446435151);
#507=CYLINDRICAL_SURFACE('',#5436,1.99999999999999);
#508=CYLINDRICAL_SURFACE('',#5446,1.25);
#509=CYLINDRICAL_SURFACE('',#5449,1.25);
#510=CYLINDRICAL_SURFACE('',#5452,4.);
#511=CYLINDRICAL_SURFACE('',#5464,4.);
#512=CYLINDRICAL_SURFACE('',#5476,24.1171446435151);
#513=CYLINDRICAL_SURFACE('',#5478,1.25);
#514=CYLINDRICAL_SURFACE('',#5480,4.);
#515=CYLINDRICAL_SURFACE('',#5491,4.);
#516=CYLINDRICAL_SURFACE('',#5494,1.25);
#517=CYLINDRICAL_SURFACE('',#5496,4.);
#518=CYLINDRICAL_SURFACE('',#5501,4.);
#519=CYLINDRICAL_SURFACE('',#5505,4.);
#520=CYLINDRICAL_SURFACE('',#5508,4.);
#521=CYLINDRICAL_SURFACE('',#5514,30.);
#522=CYLINDRICAL_SURFACE('',#5520,4.);
#523=CYLINDRICAL_SURFACE('',#5524,4.);
#524=CYLINDRICAL_SURFACE('',#5527,4.);
#525=CYLINDRICAL_SURFACE('',#5532,4.);
#526=CYLINDRICAL_SURFACE('',#5536,3.);
#527=CYLINDRICAL_SURFACE('',#5543,0.999999999999996);
#528=CYLINDRICAL_SURFACE('',#5545,0.999999999999996);
#529=CYLINDRICAL_SURFACE('',#5547,24.1171446435151);
#530=CYLINDRICAL_SURFACE('',#5549,24.1171446435151);
#531=CYLINDRICAL_SURFACE('',#5553,24.1171446435151);
#532=CYLINDRICAL_SURFACE('',#5555,24.1171446435151);
#533=CYLINDRICAL_SURFACE('',#5558,1.99999999999999);
#534=CYLINDRICAL_SURFACE('',#5575,24.1171446435151);
#535=CYLINDRICAL_SURFACE('',#5577,2.00000000000001);
#536=CYLINDRICAL_SURFACE('',#5579,2.00000000000001);
#537=CYLINDRICAL_SURFACE('',#5581,24.1171446435151);
#538=CYLINDRICAL_SURFACE('',#5583,24.1171446435151);
#539=CYLINDRICAL_SURFACE('',#5585,1.99999999999999);
#540=CYLINDRICAL_SURFACE('',#5594,2.5);
#541=CYLINDRICAL_SURFACE('',#5597,2.5);
#542=CYLINDRICAL_SURFACE('',#5600,2.5);
#543=CYLINDRICAL_SURFACE('',#5612,2.5);
#544=CYLINDRICAL_SURFACE('',#5619,2.5);
#545=CYLINDRICAL_SURFACE('',#5623,2.5);
#546=CYLINDRICAL_SURFACE('',#5626,2.5);
#547=CYLINDRICAL_SURFACE('',#5641,7.9);
#548=CYLINDRICAL_SURFACE('',#5644,6.5);
#549=CYLINDRICAL_SURFACE('',#5646,6.5);
#550=CYLINDRICAL_SURFACE('',#5653,6.5);
#551=CYLINDRICAL_SURFACE('',#5659,6.5);
#552=CYLINDRICAL_SURFACE('',#5662,7.9);
#553=CYLINDRICAL_SURFACE('',#5663,7.5);
#554=CYLINDRICAL_SURFACE('',#5665,7.5);
#555=CYLINDRICAL_SURFACE('',#5667,6.);
#556=CYLINDRICAL_SURFACE('',#5671,6.);
#557=CYLINDRICAL_SURFACE('',#5673,6.);
#558=CYLINDRICAL_SURFACE('',#5675,6.);
#559=CYLINDRICAL_SURFACE('',#5679,6.);
#560=CYLINDRICAL_SURFACE('',#5682,6.);
#561=CYLINDRICAL_SURFACE('',#5685,6.);
#562=CYLINDRICAL_SURFACE('',#5687,7.9);
#563=CYLINDRICAL_SURFACE('',#5688,7.9);
#564=CYLINDRICAL_SURFACE('',#5690,7.9);
#565=CYLINDRICAL_SURFACE('',#5692,7.9);
#566=CYLINDRICAL_SURFACE('',#5696,10.);
#567=CYLINDRICAL_SURFACE('',#5705,5.);
#568=CYLINDRICAL_SURFACE('',#5709,5.);
#569=CYLINDRICAL_SURFACE('',#5713,5.);
#570=CYLINDRICAL_SURFACE('',#5715,5.);
#571=CYLINDRICAL_SURFACE('',#5718,5.);
#572=CYLINDRICAL_SURFACE('',#5720,8.5);
#573=CYLINDRICAL_SURFACE('',#5721,8.5);
#574=CYLINDRICAL_SURFACE('',#5722,8.5);
#575=CYLINDRICAL_SURFACE('',#5724,8.5);
#576=CYLINDRICAL_SURFACE('',#5726,8.5);
#577=CYLINDRICAL_SURFACE('',#5727,8.5);
#578=CYLINDRICAL_SURFACE('',#5731,9.99999999999999);
#579=CYLINDRICAL_SURFACE('',#5737,4.);
#580=CYLINDRICAL_SURFACE('',#5742,4.);
#581=CYLINDRICAL_SURFACE('',#5744,13.);
#582=CYLINDRICAL_SURFACE('',#5747,4.);
#583=CYLINDRICAL_SURFACE('',#5749,4.);
#584=CYLINDRICAL_SURFACE('',#5751,13.0000001937151);
#585=CYLINDRICAL_SURFACE('',#5762,10.5);
#586=CYLINDRICAL_SURFACE('',#5765,10.5);
#587=CYLINDRICAL_SURFACE('',#5786,1.5);
#588=CYLINDRICAL_SURFACE('',#5788,1.5);
#589=CYLINDRICAL_SURFACE('',#5789,2.8);
#590=CYLINDRICAL_SURFACE('',#5791,2.8);
#591=CYLINDRICAL_SURFACE('',#5792,1.5);
#592=CYLINDRICAL_SURFACE('',#5794,1.5);
#593=CYLINDRICAL_SURFACE('',#5795,1.5);
#594=CYLINDRICAL_SURFACE('',#5797,1.5);
#595=CYLINDRICAL_SURFACE('',#5798,1.5);
#596=CYLINDRICAL_SURFACE('',#5800,1.5);
#597=CYLINDRICAL_SURFACE('',#5803,5.);
#598=CYLINDRICAL_SURFACE('',#5805,4.99999999999999);
#599=CYLINDRICAL_SURFACE('',#5808,30.);
#600=FACE_OUTER_BOUND('',#877,.T.);
#601=FACE_OUTER_BOUND('',#878,.T.);
#602=FACE_OUTER_BOUND('',#879,.T.);
#603=FACE_OUTER_BOUND('',#880,.T.);
#604=FACE_OUTER_BOUND('',#881,.T.);
#605=FACE_OUTER_BOUND('',#882,.T.);
#606=FACE_OUTER_BOUND('',#883,.T.);
#607=FACE_OUTER_BOUND('',#884,.T.);
#608=FACE_OUTER_BOUND('',#885,.T.);
#609=FACE_OUTER_BOUND('',#886,.T.);
#610=FACE_OUTER_BOUND('',#887,.T.);
#611=FACE_OUTER_BOUND('',#888,.T.);
#612=FACE_OUTER_BOUND('',#889,.T.);
#613=FACE_OUTER_BOUND('',#890,.T.);
#614=FACE_OUTER_BOUND('',#891,.T.);
#615=FACE_OUTER_BOUND('',#892,.T.);
#616=FACE_OUTER_BOUND('',#893,.T.);
#617=FACE_OUTER_BOUND('',#899,.T.);
#618=FACE_OUTER_BOUND('',#905,.T.);
#619=FACE_OUTER_BOUND('',#911,.T.);
#620=FACE_OUTER_BOUND('',#912,.T.);
#621=FACE_OUTER_BOUND('',#913,.T.);
#622=FACE_OUTER_BOUND('',#914,.T.);
#623=FACE_OUTER_BOUND('',#915,.T.);
#624=FACE_OUTER_BOUND('',#916,.T.);
#625=FACE_OUTER_BOUND('',#917,.T.);
#626=FACE_OUTER_BOUND('',#918,.T.);
#627=FACE_OUTER_BOUND('',#919,.T.);
#628=FACE_OUTER_BOUND('',#920,.T.);
#629=FACE_OUTER_BOUND('',#921,.T.);
#630=FACE_OUTER_BOUND('',#927,.T.);
#631=FACE_OUTER_BOUND('',#929,.T.);
#632=FACE_OUTER_BOUND('',#930,.T.);
#633=FACE_OUTER_BOUND('',#931,.T.);
#634=FACE_OUTER_BOUND('',#932,.T.);
#635=FACE_OUTER_BOUND('',#934,.T.);
#636=FACE_OUTER_BOUND('',#935,.T.);
#637=FACE_OUTER_BOUND('',#936,.T.);
#638=FACE_OUTER_BOUND('',#937,.T.);
#639=FACE_OUTER_BOUND('',#938,.T.);
#640=FACE_OUTER_BOUND('',#939,.T.);
#641=FACE_OUTER_BOUND('',#940,.T.);
#642=FACE_OUTER_BOUND('',#941,.T.);
#643=FACE_OUTER_BOUND('',#942,.T.);
#644=FACE_OUTER_BOUND('',#943,.T.);
#645=FACE_OUTER_BOUND('',#944,.T.);
#646=FACE_OUTER_BOUND('',#945,.T.);
#647=FACE_OUTER_BOUND('',#948,.T.);
#648=FACE_OUTER_BOUND('',#949,.T.);
#649=FACE_OUTER_BOUND('',#950,.T.);
#650=FACE_OUTER_BOUND('',#951,.T.);
#651=FACE_OUTER_BOUND('',#952,.T.);
#652=FACE_OUTER_BOUND('',#953,.T.);
#653=FACE_OUTER_BOUND('',#954,.T.);
#654=FACE_OUTER_BOUND('',#955,.T.);
#655=FACE_OUTER_BOUND('',#956,.T.);
#656=FACE_OUTER_BOUND('',#957,.T.);
#657=FACE_OUTER_BOUND('',#958,.T.);
#658=FACE_OUTER_BOUND('',#959,.T.);
#659=FACE_OUTER_BOUND('',#960,.T.);
#660=FACE_OUTER_BOUND('',#961,.T.);
#661=FACE_OUTER_BOUND('',#962,.T.);
#662=FACE_OUTER_BOUND('',#963,.T.);
#663=FACE_OUTER_BOUND('',#964,.T.);
#664=FACE_OUTER_BOUND('',#965,.T.);
#665=FACE_OUTER_BOUND('',#966,.T.);
#666=FACE_OUTER_BOUND('',#967,.T.);
#667=FACE_OUTER_BOUND('',#968,.T.);
#668=FACE_OUTER_BOUND('',#969,.T.);
#669=FACE_OUTER_BOUND('',#970,.T.);
#670=FACE_OUTER_BOUND('',#971,.T.);
#671=FACE_OUTER_BOUND('',#972,.T.);
#672=FACE_OUTER_BOUND('',#973,.T.);
#673=FACE_OUTER_BOUND('',#974,.T.);
#674=FACE_OUTER_BOUND('',#975,.T.);
#675=FACE_OUTER_BOUND('',#976,.T.);
#676=FACE_OUTER_BOUND('',#977,.T.);
#677=FACE_OUTER_BOUND('',#978,.T.);
#678=FACE_OUTER_BOUND('',#979,.T.);
#679=FACE_OUTER_BOUND('',#980,.T.);
#680=FACE_OUTER_BOUND('',#981,.T.);
#681=FACE_OUTER_BOUND('',#982,.T.);
#682=FACE_OUTER_BOUND('',#983,.T.);
#683=FACE_OUTER_BOUND('',#984,.T.);
#684=FACE_OUTER_BOUND('',#985,.T.);
#685=FACE_OUTER_BOUND('',#986,.T.);
#686=FACE_OUTER_BOUND('',#988,.T.);
#687=FACE_OUTER_BOUND('',#989,.T.);
#688=FACE_OUTER_BOUND('',#990,.T.);
#689=FACE_OUTER_BOUND('',#991,.T.);
#690=FACE_OUTER_BOUND('',#992,.T.);
#691=FACE_OUTER_BOUND('',#993,.T.);
#692=FACE_OUTER_BOUND('',#994,.T.);
#693=FACE_OUTER_BOUND('',#995,.T.);
#694=FACE_OUTER_BOUND('',#996,.T.);
#695=FACE_OUTER_BOUND('',#998,.T.);
#696=FACE_OUTER_BOUND('',#999,.T.);
#697=FACE_OUTER_BOUND('',#1000,.T.);
#698=FACE_OUTER_BOUND('',#1001,.T.);
#699=FACE_OUTER_BOUND('',#1002,.T.);
#700=FACE_OUTER_BOUND('',#1003,.T.);
#701=FACE_OUTER_BOUND('',#1004,.T.);
#702=FACE_OUTER_BOUND('',#1005,.T.);
#703=FACE_OUTER_BOUND('',#1006,.T.);
#704=FACE_OUTER_BOUND('',#1007,.T.);
#705=FACE_OUTER_BOUND('',#1008,.T.);
#706=FACE_OUTER_BOUND('',#1009,.T.);
#707=FACE_OUTER_BOUND('',#1010,.T.);
#708=FACE_OUTER_BOUND('',#1011,.T.);
#709=FACE_OUTER_BOUND('',#1012,.T.);
#710=FACE_OUTER_BOUND('',#1013,.T.);
#711=FACE_OUTER_BOUND('',#1014,.T.);
#712=FACE_OUTER_BOUND('',#1015,.T.);
#713=FACE_OUTER_BOUND('',#1016,.T.);
#714=FACE_OUTER_BOUND('',#1017,.T.);
#715=FACE_OUTER_BOUND('',#1018,.T.);
#716=FACE_OUTER_BOUND('',#1019,.T.);
#717=FACE_OUTER_BOUND('',#1020,.T.);
#718=FACE_OUTER_BOUND('',#1021,.T.);
#719=FACE_OUTER_BOUND('',#1022,.T.);
#720=FACE_OUTER_BOUND('',#1023,.T.);
#721=FACE_OUTER_BOUND('',#1024,.T.);
#722=FACE_OUTER_BOUND('',#1025,.T.);
#723=FACE_OUTER_BOUND('',#1026,.T.);
#724=FACE_OUTER_BOUND('',#1027,.T.);
#725=FACE_OUTER_BOUND('',#1028,.T.);
#726=FACE_OUTER_BOUND('',#1029,.T.);
#727=FACE_OUTER_BOUND('',#1030,.T.);
#728=FACE_OUTER_BOUND('',#1031,.T.);
#729=FACE_OUTER_BOUND('',#1032,.T.);
#730=FACE_OUTER_BOUND('',#1033,.T.);
#731=FACE_OUTER_BOUND('',#1034,.T.);
#732=FACE_OUTER_BOUND('',#1035,.T.);
#733=FACE_OUTER_BOUND('',#1036,.T.);
#734=FACE_OUTER_BOUND('',#1037,.T.);
#735=FACE_OUTER_BOUND('',#1038,.T.);
#736=FACE_OUTER_BOUND('',#1039,.T.);
#737=FACE_OUTER_BOUND('',#1040,.T.);
#738=FACE_OUTER_BOUND('',#1041,.T.);
#739=FACE_OUTER_BOUND('',#1042,.T.);
#740=FACE_OUTER_BOUND('',#1043,.T.);
#741=FACE_OUTER_BOUND('',#1044,.T.);
#742=FACE_OUTER_BOUND('',#1045,.T.);
#743=FACE_OUTER_BOUND('',#1046,.T.);
#744=FACE_OUTER_BOUND('',#1047,.T.);
#745=FACE_OUTER_BOUND('',#1048,.T.);
#746=FACE_OUTER_BOUND('',#1049,.T.);
#747=FACE_OUTER_BOUND('',#1050,.T.);
#748=FACE_OUTER_BOUND('',#1051,.T.);
#749=FACE_OUTER_BOUND('',#1052,.T.);
#750=FACE_OUTER_BOUND('',#1053,.T.);
#751=FACE_OUTER_BOUND('',#1054,.T.);
#752=FACE_OUTER_BOUND('',#1055,.T.);
#753=FACE_OUTER_BOUND('',#1056,.T.);
#754=FACE_OUTER_BOUND('',#1057,.T.);
#755=FACE_OUTER_BOUND('',#1058,.T.);
#756=FACE_OUTER_BOUND('',#1059,.T.);
#757=FACE_OUTER_BOUND('',#1060,.T.);
#758=FACE_OUTER_BOUND('',#1061,.T.);
#759=FACE_OUTER_BOUND('',#1062,.T.);
#760=FACE_OUTER_BOUND('',#1063,.T.);
#761=FACE_OUTER_BOUND('',#1064,.T.);
#762=FACE_OUTER_BOUND('',#1065,.T.);
#763=FACE_OUTER_BOUND('',#1066,.T.);
#764=FACE_OUTER_BOUND('',#1067,.T.);
#765=FACE_OUTER_BOUND('',#1068,.T.);
#766=FACE_OUTER_BOUND('',#1069,.T.);
#767=FACE_OUTER_BOUND('',#1070,.T.);
#768=FACE_OUTER_BOUND('',#1071,.T.);
#769=FACE_OUTER_BOUND('',#1072,.T.);
#770=FACE_OUTER_BOUND('',#1073,.T.);
#771=FACE_OUTER_BOUND('',#1074,.T.);
#772=FACE_OUTER_BOUND('',#1075,.T.);
#773=FACE_OUTER_BOUND('',#1076,.T.);
#774=FACE_OUTER_BOUND('',#1077,.T.);
#775=FACE_OUTER_BOUND('',#1078,.T.);
#776=FACE_OUTER_BOUND('',#1079,.T.);
#777=FACE_OUTER_BOUND('',#1080,.T.);
#778=FACE_OUTER_BOUND('',#1081,.T.);
#779=FACE_OUTER_BOUND('',#1082,.T.);
#780=FACE_OUTER_BOUND('',#1083,.T.);
#781=FACE_OUTER_BOUND('',#1084,.T.);
#782=FACE_OUTER_BOUND('',#1085,.T.);
#783=FACE_OUTER_BOUND('',#1086,.T.);
#784=FACE_OUTER_BOUND('',#1087,.T.);
#785=FACE_OUTER_BOUND('',#1088,.T.);
#786=FACE_OUTER_BOUND('',#1089,.T.);
#787=FACE_OUTER_BOUND('',#1090,.T.);
#788=FACE_OUTER_BOUND('',#1091,.T.);
#789=FACE_OUTER_BOUND('',#1092,.T.);
#790=FACE_OUTER_BOUND('',#1093,.T.);
#791=FACE_OUTER_BOUND('',#1094,.T.);
#792=FACE_OUTER_BOUND('',#1095,.T.);
#793=FACE_OUTER_BOUND('',#1096,.T.);
#794=FACE_OUTER_BOUND('',#1097,.T.);
#795=FACE_OUTER_BOUND('',#1098,.T.);
#796=FACE_OUTER_BOUND('',#1099,.T.);
#797=FACE_OUTER_BOUND('',#1100,.T.);
#798=FACE_OUTER_BOUND('',#1101,.T.);
#799=FACE_OUTER_BOUND('',#1102,.T.);
#800=FACE_OUTER_BOUND('',#1103,.T.);
#801=FACE_OUTER_BOUND('',#1104,.T.);
#802=FACE_OUTER_BOUND('',#1105,.T.);
#803=FACE_OUTER_BOUND('',#1106,.T.);
#804=FACE_OUTER_BOUND('',#1107,.T.);
#805=FACE_OUTER_BOUND('',#1108,.T.);
#806=FACE_OUTER_BOUND('',#1109,.T.);
#807=FACE_OUTER_BOUND('',#1110,.T.);
#808=FACE_OUTER_BOUND('',#1111,.T.);
#809=FACE_OUTER_BOUND('',#1112,.T.);
#810=FACE_OUTER_BOUND('',#1113,.T.);
#811=FACE_OUTER_BOUND('',#1114,.T.);
#812=FACE_OUTER_BOUND('',#1115,.T.);
#813=FACE_OUTER_BOUND('',#1116,.T.);
#814=FACE_OUTER_BOUND('',#1117,.T.);
#815=FACE_OUTER_BOUND('',#1118,.T.);
#816=FACE_OUTER_BOUND('',#1119,.T.);
#817=FACE_OUTER_BOUND('',#1120,.T.);
#818=FACE_OUTER_BOUND('',#1121,.T.);
#819=FACE_OUTER_BOUND('',#1122,.T.);
#820=FACE_OUTER_BOUND('',#1123,.T.);
#821=FACE_OUTER_BOUND('',#1124,.T.);
#822=FACE_OUTER_BOUND('',#1125,.T.);
#823=FACE_OUTER_BOUND('',#1126,.T.);
#824=FACE_OUTER_BOUND('',#1127,.T.);
#825=FACE_OUTER_BOUND('',#1128,.T.);
#826=FACE_OUTER_BOUND('',#1129,.T.);
#827=FACE_OUTER_BOUND('',#1130,.T.);
#828=FACE_OUTER_BOUND('',#1131,.T.);
#829=FACE_OUTER_BOUND('',#1132,.T.);
#830=FACE_OUTER_BOUND('',#1133,.T.);
#831=FACE_OUTER_BOUND('',#1134,.T.);
#832=FACE_OUTER_BOUND('',#1135,.T.);
#833=FACE_OUTER_BOUND('',#1136,.T.);
#834=FACE_OUTER_BOUND('',#1137,.T.);
#835=FACE_OUTER_BOUND('',#1138,.T.);
#836=FACE_OUTER_BOUND('',#1139,.T.);
#837=FACE_OUTER_BOUND('',#1140,.T.);
#838=FACE_OUTER_BOUND('',#1141,.T.);
#839=FACE_OUTER_BOUND('',#1142,.T.);
#840=FACE_OUTER_BOUND('',#1143,.T.);
#841=FACE_OUTER_BOUND('',#1144,.T.);
#842=FACE_OUTER_BOUND('',#1145,.T.);
#843=FACE_OUTER_BOUND('',#1146,.T.);
#844=FACE_OUTER_BOUND('',#1147,.T.);
#845=FACE_OUTER_BOUND('',#1148,.T.);
#846=FACE_OUTER_BOUND('',#1149,.T.);
#847=FACE_OUTER_BOUND('',#1150,.T.);
#848=FACE_OUTER_BOUND('',#1151,.T.);
#849=FACE_OUTER_BOUND('',#1152,.T.);
#850=FACE_OUTER_BOUND('',#1153,.T.);
#851=FACE_OUTER_BOUND('',#1154,.T.);
#852=FACE_OUTER_BOUND('',#1155,.T.);
#853=FACE_OUTER_BOUND('',#1156,.T.);
#854=FACE_OUTER_BOUND('',#1157,.T.);
#855=FACE_OUTER_BOUND('',#1158,.T.);
#856=FACE_OUTER_BOUND('',#1159,.T.);
#857=FACE_OUTER_BOUND('',#1165,.T.);
#858=FACE_OUTER_BOUND('',#1171,.T.);
#859=FACE_OUTER_BOUND('',#1177,.T.);
#860=FACE_OUTER_BOUND('',#1178,.T.);
#861=FACE_OUTER_BOUND('',#1179,.T.);
#862=FACE_OUTER_BOUND('',#1180,.T.);
#863=FACE_OUTER_BOUND('',#1181,.T.);
#864=FACE_OUTER_BOUND('',#1182,.T.);
#865=FACE_OUTER_BOUND('',#1183,.T.);
#866=FACE_OUTER_BOUND('',#1184,.T.);
#867=FACE_OUTER_BOUND('',#1185,.T.);
#868=FACE_OUTER_BOUND('',#1186,.T.);
#869=FACE_OUTER_BOUND('',#1187,.T.);
#870=FACE_OUTER_BOUND('',#1193,.T.);
#871=FACE_OUTER_BOUND('',#1195,.T.);
#872=FACE_OUTER_BOUND('',#1196,.T.);
#873=FACE_OUTER_BOUND('',#1197,.T.);
#874=FACE_OUTER_BOUND('',#1198,.T.);
#875=FACE_OUTER_BOUND('',#1200,.T.);
#876=FACE_OUTER_BOUND('',#1201,.T.);
#877=EDGE_LOOP('',(#3438,#3439,#3440,#3441,#3442));
#878=EDGE_LOOP('',(#3443,#3444,#3445,#3446));
#879=EDGE_LOOP('',(#3447,#3448,#3449,#3450,#3451,#3452,#3453,#3454,#3455,
#3456,#3457,#3458,#3459,#3460));
#880=EDGE_LOOP('',(#3461,#3462,#3463,#3464));
#881=EDGE_LOOP('',(#3465,#3466,#3467,#3468));
#882=EDGE_LOOP('',(#3469,#3470,#3471,#3472));
#883=EDGE_LOOP('',(#3473,#3474,#3475,#3476,#3477,#3478,#3479,#3480,#3481,
#3482,#3483,#3484,#3485,#3486));
#884=EDGE_LOOP('',(#3487,#3488,#3489,#3490));
#885=EDGE_LOOP('',(#3491,#3492,#3493,#3494));
#886=EDGE_LOOP('',(#3495,#3496,#3497,#3498,#3499,#3500));
#887=EDGE_LOOP('',(#3501,#3502,#3503,#3504));
#888=EDGE_LOOP('',(#3505,#3506,#3507,#3508,#3509,#3510));
#889=EDGE_LOOP('',(#3511,#3512,#3513,#3514));
#890=EDGE_LOOP('',(#3515,#3516,#3517,#3518));
#891=EDGE_LOOP('',(#3519,#3520,#3521,#3522));
#892=EDGE_LOOP('',(#3523,#3524,#3525,#3526,#3527,#3528));
#893=EDGE_LOOP('',(#3529));
#894=EDGE_LOOP('',(#3530));
#895=EDGE_LOOP('',(#3531));
#896=EDGE_LOOP('',(#3532));
#897=EDGE_LOOP('',(#3533));
#898=EDGE_LOOP('',(#3534));
#899=EDGE_LOOP('',(#3535));
#900=EDGE_LOOP('',(#3536));
#901=EDGE_LOOP('',(#3537));
#902=EDGE_LOOP('',(#3538));
#903=EDGE_LOOP('',(#3539));
#904=EDGE_LOOP('',(#3540));
#905=EDGE_LOOP('',(#3541,#3542));
#906=EDGE_LOOP('',(#3543));
#907=EDGE_LOOP('',(#3544));
#908=EDGE_LOOP('',(#3545));
#909=EDGE_LOOP('',(#3546));
#910=EDGE_LOOP('',(#3547));
#911=EDGE_LOOP('',(#3548,#3549,#3550,#3551));
#912=EDGE_LOOP('',(#3552,#3553,#3554,#3555));
#913=EDGE_LOOP('',(#3556,#3557,#3558,#3559));
#914=EDGE_LOOP('',(#3560,#3561,#3562,#3563));
#915=EDGE_LOOP('',(#3564,#3565,#3566,#3567));
#916=EDGE_LOOP('',(#3568,#3569,#3570,#3571));
#917=EDGE_LOOP('',(#3572,#3573,#3574,#3575));
#918=EDGE_LOOP('',(#3576,#3577,#3578,#3579));
#919=EDGE_LOOP('',(#3580,#3581,#3582,#3583));
#920=EDGE_LOOP('',(#3584,#3585,#3586,#3587));
#921=EDGE_LOOP('',(#3588,#3589));
#922=EDGE_LOOP('',(#3590));
#923=EDGE_LOOP('',(#3591));
#924=EDGE_LOOP('',(#3592));
#925=EDGE_LOOP('',(#3593));
#926=EDGE_LOOP('',(#3594));
#927=EDGE_LOOP('',(#3595,#3596,#3597,#3598,#3599,#3600));
#928=EDGE_LOOP('',(#3601));
#929=EDGE_LOOP('',(#3602,#3603,#3604,#3605));
#930=EDGE_LOOP('',(#3606,#3607,#3608,#3609));
#931=EDGE_LOOP('',(#3610,#3611,#3612,#3613));
#932=EDGE_LOOP('',(#3614,#3615,#3616,#3617,#3618,#3619));
#933=EDGE_LOOP('',(#3620));
#934=EDGE_LOOP('',(#3621,#3622,#3623,#3624,#3625));
#935=EDGE_LOOP('',(#3626,#3627,#3628,#3629,#3630,#3631,#3632,#3633,#3634,
#3635,#3636));
#936=EDGE_LOOP('',(#3637,#3638,#3639,#3640,#3641,#3642));
#937=EDGE_LOOP('',(#3643,#3644,#3645,#3646));
#938=EDGE_LOOP('',(#3647,#3648,#3649,#3650));
#939=EDGE_LOOP('',(#3651,#3652,#3653,#3654));
#940=EDGE_LOOP('',(#3655,#3656,#3657,#3658,#3659,#3660));
#941=EDGE_LOOP('',(#3661,#3662,#3663,#3664,#3665));
#942=EDGE_LOOP('',(#3666,#3667,#3668,#3669,#3670,#3671,#3672,#3673,#3674,
#3675,#3676));
#943=EDGE_LOOP('',(#3677,#3678,#3679,#3680,#3681));
#944=EDGE_LOOP('',(#3682,#3683,#3684,#3685));
#945=EDGE_LOOP('',(#3686,#3687,#3688,#3689,#3690,#3691,#3692,#3693,#3694,
#3695,#3696,#3697));
#946=EDGE_LOOP('',(#3698));
#947=EDGE_LOOP('',(#3699));
#948=EDGE_LOOP('',(#3700,#3701,#3702,#3703));
#949=EDGE_LOOP('',(#3704,#3705,#3706));
#950=EDGE_LOOP('',(#3707,#3708,#3709));
#951=EDGE_LOOP('',(#3710,#3711,#3712,#3713));
#952=EDGE_LOOP('',(#3714,#3715,#3716,#3717,#3718,#3719,#3720,#3721,#3722,
#3723,#3724,#3725));
#953=EDGE_LOOP('',(#3726,#3727,#3728,#3729,#3730,#3731,#3732,#3733,#3734,
#3735,#3736,#3737,#3738,#3739,#3740));
#954=EDGE_LOOP('',(#3741,#3742,#3743,#3744,#3745,#3746,#3747,#3748));
#955=EDGE_LOOP('',(#3749,#3750,#3751,#3752,#3753,#3754,#3755,#3756));
#956=EDGE_LOOP('',(#3757,#3758,#3759,#3760));
#957=EDGE_LOOP('',(#3761,#3762,#3763,#3764));
#958=EDGE_LOOP('',(#3765,#3766,#3767,#3768,#3769,#3770,#3771,#3772,#3773,
#3774,#3775,#3776));
#959=EDGE_LOOP('',(#3777,#3778,#3779,#3780));
#960=EDGE_LOOP('',(#3781,#3782,#3783,#3784));
#961=EDGE_LOOP('',(#3785,#3786,#3787,#3788));
#962=EDGE_LOOP('',(#3789,#3790,#3791,#3792));
#963=EDGE_LOOP('',(#3793,#3794,#3795,#3796));
#964=EDGE_LOOP('',(#3797,#3798,#3799,#3800));
#965=EDGE_LOOP('',(#3801,#3802,#3803,#3804,#3805));
#966=EDGE_LOOP('',(#3806,#3807,#3808,#3809,#3810));
#967=EDGE_LOOP('',(#3811,#3812,#3813,#3814));
#968=EDGE_LOOP('',(#3815,#3816,#3817,#3818));
#969=EDGE_LOOP('',(#3819,#3820,#3821));
#970=EDGE_LOOP('',(#3822,#3823,#3824));
#971=EDGE_LOOP('',(#3825,#3826,#3827,#3828));
#972=EDGE_LOOP('',(#3829,#3830,#3831,#3832,#3833));
#973=EDGE_LOOP('',(#3834,#3835,#3836,#3837,#3838));
#974=EDGE_LOOP('',(#3839,#3840,#3841,#3842,#3843));
#975=EDGE_LOOP('',(#3844,#3845,#3846,#3847,#3848));
#976=EDGE_LOOP('',(#3849,#3850,#3851,#3852,#3853,#3854,#3855,#3856,#3857,
#3858,#3859,#3860,#3861,#3862,#3863));
#977=EDGE_LOOP('',(#3864,#3865,#3866,#3867));
#978=EDGE_LOOP('',(#3868,#3869,#3870,#3871));
#979=EDGE_LOOP('',(#3872,#3873,#3874,#3875));
#980=EDGE_LOOP('',(#3876));
#981=EDGE_LOOP('',(#3877,#3878,#3879,#3880));
#982=EDGE_LOOP('',(#3881));
#983=EDGE_LOOP('',(#3882,#3883,#3884,#3885,#3886,#3887,#3888));
#984=EDGE_LOOP('',(#3889,#3890,#3891,#3892,#3893,#3894,#3895,#3896,#3897,
#3898,#3899,#3900,#3901,#3902,#3903,#3904));
#985=EDGE_LOOP('',(#3905,#3906,#3907,#3908,#3909,#3910));
#986=EDGE_LOOP('',(#3911,#3912,#3913,#3914,#3915,#3916));
#987=EDGE_LOOP('',(#3917));
#988=EDGE_LOOP('',(#3918,#3919,#3920,#3921,#3922,#3923,#3924,#3925,#3926,
#3927));
#989=EDGE_LOOP('',(#3928,#3929,#3930,#3931,#3932));
#990=EDGE_LOOP('',(#3933,#3934,#3935,#3936,#3937,#3938,#3939,#3940,#3941,
#3942,#3943,#3944,#3945,#3946,#3947));
#991=EDGE_LOOP('',(#3948,#3949,#3950,#3951,#3952));
#992=EDGE_LOOP('',(#3953,#3954,#3955,#3956));
#993=EDGE_LOOP('',(#3957,#3958,#3959,#3960,#3961,#3962,#3963));
#994=EDGE_LOOP('',(#3964,#3965,#3966,#3967,#3968,#3969));
#995=EDGE_LOOP('',(#3970,#3971,#3972,#3973,#3974,#3975,#3976,#3977,#3978,
#3979,#3980,#3981,#3982,#3983,#3984,#3985));
#996=EDGE_LOOP('',(#3986,#3987,#3988,#3989,#3990,#3991));
#997=EDGE_LOOP('',(#3992));
#998=EDGE_LOOP('',(#3993,#3994,#3995,#3996,#3997));
#999=EDGE_LOOP('',(#3998,#3999,#4000,#4001));
#1000=EDGE_LOOP('',(#4002,#4003,#4004,#4005));
#1001=EDGE_LOOP('',(#4006,#4007,#4008,#4009));
#1002=EDGE_LOOP('',(#4010,#4011,#4012,#4013));
#1003=EDGE_LOOP('',(#4014,#4015,#4016,#4017,#4018));
#1004=EDGE_LOOP('',(#4019,#4020,#4021,#4022,#4023));
#1005=EDGE_LOOP('',(#4024,#4025,#4026,#4027));
#1006=EDGE_LOOP('',(#4028,#4029,#4030,#4031,#4032,#4033,#4034));
#1007=EDGE_LOOP('',(#4035,#4036,#4037,#4038,#4039,#4040,#4041,#4042,#4043,
#4044));
#1008=EDGE_LOOP('',(#4045,#4046,#4047,#4048,#4049,#4050));
#1009=EDGE_LOOP('',(#4051,#4052,#4053,#4054));
#1010=EDGE_LOOP('',(#4055,#4056,#4057,#4058,#4059,#4060));
#1011=EDGE_LOOP('',(#4061,#4062,#4063,#4064,#4065));
#1012=EDGE_LOOP('',(#4066,#4067,#4068,#4069,#4070,#4071));
#1013=EDGE_LOOP('',(#4072,#4073,#4074,#4075));
#1014=EDGE_LOOP('',(#4076,#4077,#4078,#4079,#4080,#4081,#4082,#4083,#4084,
#4085));
#1015=EDGE_LOOP('',(#4086,#4087,#4088,#4089,#4090));
#1016=EDGE_LOOP('',(#4091,#4092,#4093,#4094));
#1017=EDGE_LOOP('',(#4095,#4096,#4097,#4098,#4099));
#1018=EDGE_LOOP('',(#4100,#4101,#4102,#4103));
#1019=EDGE_LOOP('',(#4104,#4105,#4106,#4107));
#1020=EDGE_LOOP('',(#4108,#4109,#4110,#4111));
#1021=EDGE_LOOP('',(#4112,#4113,#4114,#4115,#4116,#4117,#4118));
#1022=EDGE_LOOP('',(#4119,#4120,#4121,#4122,#4123,#4124,#4125,#4126,#4127,
#4128,#4129,#4130,#4131,#4132,#4133,#4134,#4135,#4136,#4137));
#1023=EDGE_LOOP('',(#4138,#4139,#4140,#4141,#4142));
#1024=EDGE_LOOP('',(#4143,#4144,#4145,#4146,#4147,#4148,#4149,#4150,#4151,
#4152,#4153,#4154));
#1025=EDGE_LOOP('',(#4155,#4156,#4157,#4158,#4159));
#1026=EDGE_LOOP('',(#4160,#4161,#4162,#4163,#4164,#4165));
#1027=EDGE_LOOP('',(#4166,#4167,#4168,#4169));
#1028=EDGE_LOOP('',(#4170,#4171,#4172,#4173));
#1029=EDGE_LOOP('',(#4174,#4175,#4176,#4177));
#1030=EDGE_LOOP('',(#4178,#4179,#4180,#4181,#4182,#4183));
#1031=EDGE_LOOP('',(#4184,#4185,#4186,#4187,#4188));
#1032=EDGE_LOOP('',(#4189,#4190,#4191,#4192,#4193));
#1033=EDGE_LOOP('',(#4194,#4195,#4196,#4197));
#1034=EDGE_LOOP('',(#4198,#4199,#4200));
#1035=EDGE_LOOP('',(#4201,#4202,#4203));
#1036=EDGE_LOOP('',(#4204,#4205,#4206,#4207));
#1037=EDGE_LOOP('',(#4208,#4209,#4210,#4211,#4212,#4213,#4214,#4215,#4216,
#4217,#4218,#4219));
#1038=EDGE_LOOP('',(#4220,#4221,#4222,#4223,#4224,#4225,#4226,#4227,#4228,
#4229,#4230,#4231,#4232,#4233,#4234));
#1039=EDGE_LOOP('',(#4235,#4236,#4237,#4238,#4239,#4240,#4241,#4242));
#1040=EDGE_LOOP('',(#4243,#4244,#4245,#4246));
#1041=EDGE_LOOP('',(#4247,#4248,#4249,#4250));
#1042=EDGE_LOOP('',(#4251,#4252,#4253,#4254,#4255,#4256,#4257,#4258,#4259,
#4260,#4261,#4262));
#1043=EDGE_LOOP('',(#4263,#4264,#4265,#4266));
#1044=EDGE_LOOP('',(#4267,#4268,#4269,#4270));
#1045=EDGE_LOOP('',(#4271,#4272,#4273,#4274));
#1046=EDGE_LOOP('',(#4275,#4276,#4277,#4278));
#1047=EDGE_LOOP('',(#4279,#4280,#4281,#4282));
#1048=EDGE_LOOP('',(#4283,#4284,#4285,#4286,#4287));
#1049=EDGE_LOOP('',(#4288,#4289,#4290,#4291));
#1050=EDGE_LOOP('',(#4292,#4293,#4294,#4295));
#1051=EDGE_LOOP('',(#4296,#4297,#4298));
#1052=EDGE_LOOP('',(#4299,#4300,#4301));
#1053=EDGE_LOOP('',(#4302,#4303,#4304,#4305));
#1054=EDGE_LOOP('',(#4306,#4307,#4308,#4309,#4310));
#1055=EDGE_LOOP('',(#4311,#4312,#4313,#4314,#4315));
#1056=EDGE_LOOP('',(#4316,#4317,#4318,#4319,#4320));
#1057=EDGE_LOOP('',(#4321,#4322,#4323,#4324,#4325));
#1058=EDGE_LOOP('',(#4326,#4327,#4328,#4329));
#1059=EDGE_LOOP('',(#4330));
#1060=EDGE_LOOP('',(#4331));
#1061=EDGE_LOOP('',(#4332,#4333,#4334,#4335));
#1062=EDGE_LOOP('',(#4336,#4337,#4338,#4339));
#1063=EDGE_LOOP('',(#4340,#4341,#4342,#4343));
#1064=EDGE_LOOP('',(#4344,#4345,#4346,#4347,#4348,#4349));
#1065=EDGE_LOOP('',(#4350,#4351,#4352,#4353,#4354,#4355));
#1066=EDGE_LOOP('',(#4356,#4357,#4358,#4359,#4360,#4361));
#1067=EDGE_LOOP('',(#4362,#4363,#4364,#4365));
#1068=EDGE_LOOP('',(#4366,#4367,#4368,#4369,#4370,#4371,#4372,#4373));
#1069=EDGE_LOOP('',(#4374,#4375,#4376,#4377));
#1070=EDGE_LOOP('',(#4378,#4379,#4380,#4381,#4382,#4383,#4384));
#1071=EDGE_LOOP('',(#4385,#4386,#4387,#4388,#4389));
#1072=EDGE_LOOP('',(#4390,#4391,#4392,#4393,#4394));
#1073=EDGE_LOOP('',(#4395,#4396,#4397,#4398,#4399,#4400,#4401));
#1074=EDGE_LOOP('',(#4402,#4403,#4404));
#1075=EDGE_LOOP('',(#4405,#4406,#4407,#4408));
#1076=EDGE_LOOP('',(#4409,#4410,#4411,#4412,#4413,#4414,#4415,#4416,#4417));
#1077=EDGE_LOOP('',(#4418,#4419,#4420,#4421,#4422,#4423));
#1078=EDGE_LOOP('',(#4424,#4425,#4426,#4427,#4428));
#1079=EDGE_LOOP('',(#4429,#4430,#4431,#4432,#4433));
#1080=EDGE_LOOP('',(#4434,#4435,#4436,#4437));
#1081=EDGE_LOOP('',(#4438,#4439,#4440,#4441,#4442));
#1082=EDGE_LOOP('',(#4443,#4444,#4445,#4446));
#1083=EDGE_LOOP('',(#4447,#4448,#4449,#4450,#4451));
#1084=EDGE_LOOP('',(#4452,#4453,#4454,#4455,#4456,#4457,#4458,#4459));
#1085=EDGE_LOOP('',(#4460,#4461,#4462,#4463,#4464,#4465));
#1086=EDGE_LOOP('',(#4466,#4467,#4468,#4469,#4470,#4471));
#1087=EDGE_LOOP('',(#4472,#4473,#4474));
#1088=EDGE_LOOP('',(#4475,#4476,#4477,#4478));
#1089=EDGE_LOOP('',(#4479,#4480,#4481,#4482,#4483,#4484,#4485));
#1090=EDGE_LOOP('',(#4486,#4487,#4488,#4489,#4490,#4491,#4492,#4493,#4494,
#4495));
#1091=EDGE_LOOP('',(#4496,#4497,#4498,#4499,#4500,#4501,#4502));
#1092=EDGE_LOOP('',(#4503,#4504,#4505,#4506,#4507,#4508,#4509));
#1093=EDGE_LOOP('',(#4510,#4511,#4512,#4513));
#1094=EDGE_LOOP('',(#4514,#4515,#4516,#4517));
#1095=EDGE_LOOP('',(#4518,#4519,#4520,#4521,#4522,#4523,#4524,#4525,#4526,
#4527,#4528,#4529,#4530,#4531,#4532,#4533,#4534,#4535,#4536,#4537));
#1096=EDGE_LOOP('',(#4538,#4539,#4540,#4541));
#1097=EDGE_LOOP('',(#4542,#4543,#4544,#4545,#4546));
#1098=EDGE_LOOP('',(#4547,#4548,#4549,#4550,#4551));
#1099=EDGE_LOOP('',(#4552,#4553,#4554,#4555));
#1100=EDGE_LOOP('',(#4556,#4557,#4558,#4559,#4560));
#1101=EDGE_LOOP('',(#4561,#4562,#4563,#4564,#4565));
#1102=EDGE_LOOP('',(#4566,#4567,#4568,#4569));
#1103=EDGE_LOOP('',(#4570,#4571,#4572,#4573,#4574));
#1104=EDGE_LOOP('',(#4575,#4576,#4577,#4578,#4579,#4580));
#1105=EDGE_LOOP('',(#4581,#4582,#4583,#4584,#4585));
#1106=EDGE_LOOP('',(#4586,#4587,#4588,#4589));
#1107=EDGE_LOOP('',(#4590,#4591,#4592,#4593));
#1108=EDGE_LOOP('',(#4594,#4595,#4596,#4597));
#1109=EDGE_LOOP('',(#4598,#4599,#4600,#4601,#4602,#4603,#4604,#4605,#4606,
#4607,#4608,#4609,#4610,#4611,#4612,#4613,#4614,#4615,#4616,#4617));
#1110=EDGE_LOOP('',(#4618,#4619,#4620,#4621));
#1111=EDGE_LOOP('',(#4622,#4623,#4624,#4625,#4626,#4627));
#1112=EDGE_LOOP('',(#4628,#4629,#4630,#4631,#4632));
#1113=EDGE_LOOP('',(#4633,#4634,#4635,#4636));
#1114=EDGE_LOOP('',(#4637,#4638,#4639,#4640));
#1115=EDGE_LOOP('',(#4641,#4642,#4643,#4644));
#1116=EDGE_LOOP('',(#4645,#4646,#4647,#4648,#4649,#4650,#4651,#4652,#4653,
#4654,#4655));
#1117=EDGE_LOOP('',(#4656,#4657,#4658,#4659,#4660));
#1118=EDGE_LOOP('',(#4661,#4662,#4663,#4664,#4665));
#1119=EDGE_LOOP('',(#4666,#4667,#4668));
#1120=EDGE_LOOP('',(#4669,#4670,#4671,#4672,#4673,#4674,#4675));
#1121=EDGE_LOOP('',(#4676,#4677,#4678,#4679));
#1122=EDGE_LOOP('',(#4680,#4681,#4682,#4683,#4684,#4685));
#1123=EDGE_LOOP('',(#4686,#4687,#4688,#4689));
#1124=EDGE_LOOP('',(#4690,#4691,#4692,#4693,#4694,#4695));
#1125=EDGE_LOOP('',(#4696,#4697,#4698,#4699));
#1126=EDGE_LOOP('',(#4700,#4701,#4702,#4703));
#1127=EDGE_LOOP('',(#4704,#4705,#4706,#4707,#4708,#4709));
#1128=EDGE_LOOP('',(#4710,#4711,#4712,#4713));
#1129=EDGE_LOOP('',(#4714,#4715,#4716,#4717));
#1130=EDGE_LOOP('',(#4718,#4719,#4720,#4721));
#1131=EDGE_LOOP('',(#4722,#4723,#4724,#4725));
#1132=EDGE_LOOP('',(#4726,#4727,#4728,#4729,#4730,#4731));
#1133=EDGE_LOOP('',(#4732,#4733,#4734,#4735,#4736,#4737));
#1134=EDGE_LOOP('',(#4738,#4739,#4740,#4741,#4742,#4743,#4744));
#1135=EDGE_LOOP('',(#4745,#4746,#4747,#4748,#4749,#4750));
#1136=EDGE_LOOP('',(#4751,#4752,#4753,#4754,#4755));
#1137=EDGE_LOOP('',(#4756,#4757,#4758,#4759));
#1138=EDGE_LOOP('',(#4760,#4761,#4762,#4763));
#1139=EDGE_LOOP('',(#4764,#4765,#4766,#4767));
#1140=EDGE_LOOP('',(#4768,#4769,#4770,#4771));
#1141=EDGE_LOOP('',(#4772,#4773,#4774,#4775,#4776,#4777,#4778,#4779,#4780,
#4781,#4782));
#1142=EDGE_LOOP('',(#4783,#4784,#4785,#4786,#4787,#4788));
#1143=EDGE_LOOP('',(#4789,#4790,#4791,#4792));
#1144=EDGE_LOOP('',(#4793,#4794,#4795,#4796,#4797,#4798));
#1145=EDGE_LOOP('',(#4799,#4800,#4801,#4802,#4803,#4804,#4805,#4806));
#1146=EDGE_LOOP('',(#4807,#4808,#4809,#4810));
#1147=EDGE_LOOP('',(#4811,#4812,#4813,#4814,#4815,#4816,#4817,#4818,#4819,
#4820,#4821,#4822,#4823,#4824,#4825,#4826,#4827,#4828,#4829));
#1148=EDGE_LOOP('',(#4830,#4831,#4832,#4833));
#1149=EDGE_LOOP('',(#4834,#4835,#4836,#4837));
#1150=EDGE_LOOP('',(#4838,#4839,#4840,#4841));
#1151=EDGE_LOOP('',(#4842,#4843,#4844,#4845));
#1152=EDGE_LOOP('',(#4846,#4847,#4848,#4849));
#1153=EDGE_LOOP('',(#4850,#4851,#4852,#4853,#4854,#4855));
#1154=EDGE_LOOP('',(#4856,#4857,#4858,#4859));
#1155=EDGE_LOOP('',(#4860,#4861,#4862,#4863,#4864,#4865));
#1156=EDGE_LOOP('',(#4866,#4867,#4868,#4869));
#1157=EDGE_LOOP('',(#4870,#4871,#4872,#4873));
#1158=EDGE_LOOP('',(#4874,#4875,#4876,#4877));
#1159=EDGE_LOOP('',(#4878));
#1160=EDGE_LOOP('',(#4879));
#1161=EDGE_LOOP('',(#4880));
#1162=EDGE_LOOP('',(#4881));
#1163=EDGE_LOOP('',(#4882));
#1164=EDGE_LOOP('',(#4883));
#1165=EDGE_LOOP('',(#4884));
#1166=EDGE_LOOP('',(#4885));
#1167=EDGE_LOOP('',(#4886));
#1168=EDGE_LOOP('',(#4887));
#1169=EDGE_LOOP('',(#4888));
#1170=EDGE_LOOP('',(#4889));
#1171=EDGE_LOOP('',(#4890,#4891));
#1172=EDGE_LOOP('',(#4892));
#1173=EDGE_LOOP('',(#4893));
#1174=EDGE_LOOP('',(#4894));
#1175=EDGE_LOOP('',(#4895));
#1176=EDGE_LOOP('',(#4896));
#1177=EDGE_LOOP('',(#4897,#4898,#4899,#4900));
#1178=EDGE_LOOP('',(#4901,#4902,#4903,#4904));
#1179=EDGE_LOOP('',(#4905,#4906,#4907,#4908));
#1180=EDGE_LOOP('',(#4909,#4910,#4911,#4912));
#1181=EDGE_LOOP('',(#4913,#4914,#4915,#4916));
#1182=EDGE_LOOP('',(#4917,#4918,#4919,#4920));
#1183=EDGE_LOOP('',(#4921,#4922,#4923,#4924));
#1184=EDGE_LOOP('',(#4925,#4926,#4927,#4928));
#1185=EDGE_LOOP('',(#4929,#4930,#4931,#4932));
#1186=EDGE_LOOP('',(#4933,#4934,#4935,#4936));
#1187=EDGE_LOOP('',(#4937,#4938));
#1188=EDGE_LOOP('',(#4939));
#1189=EDGE_LOOP('',(#4940));
#1190=EDGE_LOOP('',(#4941));
#1191=EDGE_LOOP('',(#4942));
#1192=EDGE_LOOP('',(#4943));
#1193=EDGE_LOOP('',(#4944,#4945,#4946,#4947,#4948,#4949));
#1194=EDGE_LOOP('',(#4950));
#1195=EDGE_LOOP('',(#4951,#4952,#4953,#4954));
#1196=EDGE_LOOP('',(#4955,#4956,#4957,#4958));
#1197=EDGE_LOOP('',(#4959,#4960,#4961,#4962));
#1198=EDGE_LOOP('',(#4963,#4964,#4965,#4966,#4967,#4968));
#1199=EDGE_LOOP('',(#4969));
#1200=EDGE_LOOP('',(#4970,#4971,#4972,#4973));
#1201=EDGE_LOOP('',(#4974,#4975,#4976,#4977,#4978,#4979,#4980,#4981,#4982,
#4983,#4984,#4985));
#1202=LINE('',#7349,#1631);
#1203=LINE('',#7372,#1632);
#1204=LINE('',#7375,#1633);
#1205=LINE('',#7378,#1634);
#1206=LINE('',#7379,#1635);
#1207=LINE('',#7392,#1636);
#1208=LINE('',#7396,#1637);
#1209=LINE('',#7400,#1638);
#1210=LINE('',#7413,#1639);
#1211=LINE('',#7415,#1640);
#1212=LINE('',#7437,#1641);
#1213=LINE('',#7443,#1642);
#1214=LINE('',#7458,#1643);
#1215=LINE('',#7473,#1644);
#1216=LINE('',#7477,#1645);
#1217=LINE('',#7481,#1646);
#1218=LINE('',#7494,#1647);
#1219=LINE('',#7495,#1648);
#1220=LINE('',#7497,#1649);
#1221=LINE('',#7507,#1650);
#1222=LINE('',#7521,#1651);
#1223=LINE('',#7530,#1652);
#1224=LINE('',#7535,#1653);
#1225=LINE('',#7540,#1654);
#1226=LINE('',#7546,#1655);
#1227=LINE('',#7594,#1656);
#1228=LINE('',#7596,#1657);
#1229=LINE('',#7600,#1658);
#1230=LINE('',#7602,#1659);
#1231=LINE('',#7606,#1660);
#1232=LINE('',#7608,#1661);
#1233=LINE('',#7612,#1662);
#1234=LINE('',#7614,#1663);
#1235=LINE('',#7618,#1664);
#1236=LINE('',#7620,#1665);
#1237=LINE('',#7623,#1666);
#1238=LINE('',#7625,#1667);
#1239=LINE('',#7627,#1668);
#1240=LINE('',#7686,#1669);
#1241=LINE('',#7690,#1670);
#1242=LINE('',#7694,#1671);
#1243=LINE('',#7698,#1672);
#1244=LINE('',#7700,#1673);
#1245=LINE('',#7702,#1674);
#1246=LINE('',#7703,#1675);
#1247=LINE('',#7706,#1676);
#1248=LINE('',#7708,#1677);
#1249=LINE('',#7710,#1678);
#1250=LINE('',#7712,#1679);
#1251=LINE('',#7713,#1680);
#1252=LINE('',#7716,#1681);
#1253=LINE('',#7720,#1682);
#1254=LINE('',#7721,#1683);
#1255=LINE('',#7724,#1684);
#1256=LINE('',#7728,#1685);
#1257=LINE('',#7730,#1686);
#1258=LINE('',#7732,#1687);
#1259=LINE('',#7733,#1688);
#1260=LINE('',#7736,#1689);
#1261=LINE('',#7746,#1690);
#1262=LINE('',#7748,#1691);
#1263=LINE('',#7750,#1692);
#1264=LINE('',#7751,#1693);
#1265=LINE('',#7754,#1694);
#1266=LINE('',#7760,#1695);
#1267=LINE('',#7761,#1696);
#1268=LINE('',#7764,#1697);
#1269=LINE('',#7766,#1698);
#1270=LINE('',#7768,#1699);
#1271=LINE('',#7770,#1700);
#1272=LINE('',#7772,#1701);
#1273=LINE('',#7774,#1702);
#1274=LINE('',#7776,#1703);
#1275=LINE('',#7777,#1704);
#1276=LINE('',#7778,#1705);
#1277=LINE('',#7784,#1706);
#1278=LINE('',#7790,#1707);
#1279=LINE('',#7797,#1708);
#1280=LINE('',#7803,#1709);
#1281=LINE('',#7808,#1710);
#1282=LINE('',#7810,#1711);
#1283=LINE('',#7811,#1712);
#1284=LINE('',#7812,#1713);
#1285=LINE('',#7814,#1714);
#1286=LINE('',#7816,#1715);
#1287=LINE('',#7817,#1716);
#1288=LINE('',#7819,#1717);
#1289=LINE('',#7820,#1718);
#1290=LINE('',#7822,#1719);
#1291=LINE('',#7824,#1720);
#1292=LINE('',#7826,#1721);
#1293=LINE('',#7828,#1722);
#1294=LINE('',#7830,#1723);
#1295=LINE('',#7832,#1724);
#1296=LINE('',#7836,#1725);
#1297=LINE('',#7842,#1726);
#1298=LINE('',#7844,#1727);
#1299=LINE('',#7846,#1728);
#1300=LINE('',#7848,#1729);
#1301=LINE('',#7850,#1730);
#1302=LINE('',#7852,#1731);
#1303=LINE('',#7853,#1732);
#1304=LINE('',#7855,#1733);
#1305=LINE('',#7856,#1734);
#1306=LINE('',#7859,#1735);
#1307=LINE('',#7861,#1736);
#1308=LINE('',#7862,#1737);
#1309=LINE('',#7865,#1738);
#1310=LINE('',#7866,#1739);
#1311=LINE('',#7869,#1740);
#1312=LINE('',#7870,#1741);
#1313=LINE('',#7872,#1742);
#1314=LINE('',#7874,#1743);
#1315=LINE('',#7876,#1744);
#1316=LINE('',#7878,#1745);
#1317=LINE('',#7880,#1746);
#1318=LINE('',#7881,#1747);
#1319=LINE('',#7883,#1748);
#1320=LINE('',#7885,#1749);
#1321=LINE('',#7887,#1750);
#1322=LINE('',#7888,#1751);
#1323=LINE('',#7890,#1752);
#1324=LINE('',#7892,#1753);
#1325=LINE('',#7894,#1754);
#1326=LINE('',#7903,#1755);
#1327=LINE('',#7916,#1756);
#1328=LINE('',#7923,#1757);
#1329=LINE('',#7925,#1758);
#1330=LINE('',#7931,#1759);
#1331=LINE('',#7936,#1760);
#1332=LINE('',#7944,#1761);
#1333=LINE('',#7966,#1762);
#1334=LINE('',#7989,#1763);
#1335=LINE('',#7991,#1764);
#1336=LINE('',#7993,#1765);
#1337=LINE('',#7997,#1766);
#1338=LINE('',#7999,#1767);
#1339=LINE('',#8001,#1768);
#1340=LINE('',#8003,#1769);
#1341=LINE('',#8007,#1770);
#1342=LINE('',#8011,#1771);
#1343=LINE('',#8015,#1772);
#1344=LINE('',#8019,#1773);
#1345=LINE('',#8021,#1774);
#1346=LINE('',#8023,#1775);
#1347=LINE('',#8029,#1776);
#1348=LINE('',#8041,#1777);
#1349=LINE('',#8083,#1778);
#1350=LINE('',#8085,#1779);
#1351=LINE('',#8087,#1780);
#1352=LINE('',#8089,#1781);
#1353=LINE('',#8091,#1782);
#1354=LINE('',#8093,#1783);
#1355=LINE('',#8096,#1784);
#1356=LINE('',#8099,#1785);
#1357=LINE('',#8101,#1786);
#1358=LINE('',#8102,#1787);
#1359=LINE('',#8107,#1788);
#1360=LINE('',#8113,#1789);
#1361=LINE('',#8119,#1790);
#1362=LINE('',#8123,#1791);
#1363=LINE('',#8125,#1792);
#1364=LINE('',#8127,#1793);
#1365=LINE('',#8128,#1794);
#1366=LINE('',#8131,#1795);
#1367=LINE('',#8135,#1796);
#1368=LINE('',#8157,#1797);
#1369=LINE('',#8180,#1798);
#1370=LINE('',#8184,#1799);
#1371=LINE('',#8188,#1800);
#1372=LINE('',#8190,#1801);
#1373=LINE('',#8191,#1802);
#1374=LINE('',#8194,#1803);
#1375=LINE('',#8198,#1804);
#1376=LINE('',#8202,#1805);
#1377=LINE('',#8206,#1806);
#1378=LINE('',#8210,#1807);
#1379=LINE('',#8212,#1808);
#1380=LINE('',#8214,#1809);
#1381=LINE('',#8216,#1810);
#1382=LINE('',#8237,#1811);
#1383=LINE('',#8279,#1812);
#1384=LINE('',#8281,#1813);
#1385=LINE('',#8282,#1814);
#1386=LINE('',#8285,#1815);
#1387=LINE('',#8291,#1816);
#1388=LINE('',#8363,#1817);
#1389=LINE('',#8391,#1818);
#1390=LINE('',#8395,#1819);
#1391=LINE('',#8451,#1820);
#1392=LINE('',#8453,#1821);
#1393=LINE('',#8481,#1822);
#1394=LINE('',#8484,#1823);
#1395=LINE('',#8486,#1824);
#1396=LINE('',#8487,#1825);
#1397=LINE('',#8488,#1826);
#1398=LINE('',#8491,#1827);
#1399=LINE('',#8493,#1828);
#1400=LINE('',#8495,#1829);
#1401=LINE('',#8496,#1830);
#1402=LINE('',#8499,#1831);
#1403=LINE('',#8500,#1832);
#1404=LINE('',#8503,#1833);
#1405=LINE('',#8509,#1834);
#1406=LINE('',#8510,#1835);
#1407=LINE('',#8513,#1836);
#1408=LINE('',#8515,#1837);
#1409=LINE('',#8516,#1838);
#1410=LINE('',#8523,#1839);
#1411=LINE('',#8584,#1840);
#1412=LINE('',#8639,#1841);
#1413=LINE('',#8647,#1842);
#1414=LINE('',#8739,#1843);
#1415=LINE('',#8794,#1844);
#1416=LINE('',#8795,#1845);
#1417=LINE('',#8809,#1846);
#1418=LINE('',#8811,#1847);
#1419=LINE('',#8824,#1848);
#1420=LINE('',#8828,#1849);
#1421=LINE('',#8832,#1850);
#1422=LINE('',#8845,#1851);
#1423=LINE('',#8847,#1852);
#1424=LINE('',#8898,#1853);
#1425=LINE('',#8902,#1854);
#1426=LINE('',#8903,#1855);
#1427=LINE('',#8906,#1856);
#1428=LINE('',#8908,#1857);
#1429=LINE('',#8910,#1858);
#1430=LINE('',#8912,#1859);
#1431=LINE('',#8914,#1860);
#1432=LINE('',#8916,#1861);
#1433=LINE('',#8918,#1862);
#1434=LINE('',#8920,#1863);
#1435=LINE('',#8922,#1864);
#1436=LINE('',#8925,#1865);
#1437=LINE('',#8927,#1866);
#1438=LINE('',#8929,#1867);
#1439=LINE('',#8931,#1868);
#1440=LINE('',#8932,#1869);
#1441=LINE('',#8934,#1870);
#1442=LINE('',#8936,#1871);
#1443=LINE('',#8938,#1872);
#1444=LINE('',#8941,#1873);
#1445=LINE('',#8943,#1874);
#1446=LINE('',#8944,#1875);
#1447=LINE('',#8946,#1876);
#1448=LINE('',#8955,#1877);
#1449=LINE('',#8962,#1878);
#1450=LINE('',#8968,#1879);
#1451=LINE('',#8972,#1880);
#1452=LINE('',#8973,#1881);
#1453=LINE('',#8974,#1882);
#1454=LINE('',#8976,#1883);
#1455=LINE('',#8978,#1884);
#1456=LINE('',#8979,#1885);
#1457=LINE('',#8981,#1886);
#1458=LINE('',#8982,#1887);
#1459=LINE('',#8985,#1888);
#1460=LINE('',#8986,#1889);
#1461=LINE('',#8988,#1890);
#1462=LINE('',#8992,#1891);
#1463=LINE('',#8996,#1892);
#1464=LINE('',#8999,#1893);
#1465=LINE('',#9001,#1894);
#1466=LINE('',#9003,#1895);
#1467=LINE('',#9005,#1896);
#1468=LINE('',#9006,#1897);
#1469=LINE('',#9009,#1898);
#1470=LINE('',#9011,#1899);
#1471=LINE('',#9012,#1900);
#1472=LINE('',#9015,#1901);
#1473=LINE('',#9016,#1902);
#1474=LINE('',#9019,#1903);
#1475=LINE('',#9020,#1904);
#1476=LINE('',#9022,#1905);
#1477=LINE('',#9024,#1906);
#1478=LINE('',#9025,#1907);
#1479=LINE('',#9027,#1908);
#1480=LINE('',#9029,#1909);
#1481=LINE('',#9031,#1910);
#1482=LINE('',#9032,#1911);
#1483=LINE('',#9039,#1912);
#1484=LINE('',#9048,#1913);
#1485=LINE('',#9061,#1914);
#1486=LINE('',#9065,#1915);
#1487=LINE('',#9070,#1916);
#1488=LINE('',#9074,#1917);
#1489=LINE('',#9081,#1918);
#1490=LINE('',#9084,#1919);
#1491=LINE('',#9089,#1920);
#1492=LINE('',#9091,#1921);
#1493=LINE('',#9093,#1922);
#1494=LINE('',#9099,#1923);
#1495=LINE('',#9101,#1924);
#1496=LINE('',#9103,#1925);
#1497=LINE('',#9109,#1926);
#1498=LINE('',#9111,#1927);
#1499=LINE('',#9113,#1928);
#1500=LINE('',#9118,#1929);
#1501=LINE('',#9122,#1930);
#1502=LINE('',#9126,#1931);
#1503=LINE('',#9130,#1932);
#1504=LINE('',#9132,#1933);
#1505=LINE('',#9134,#1934);
#1506=LINE('',#9137,#1935);
#1507=LINE('',#9140,#1936);
#1508=LINE('',#9141,#1937);
#1509=LINE('',#9235,#1938);
#1510=LINE('',#9244,#1939);
#1511=LINE('',#9248,#1940);
#1512=LINE('',#9252,#1941);
#1513=LINE('',#9254,#1942);
#1514=LINE('',#9256,#1943);
#1515=LINE('',#9260,#1944);
#1516=LINE('',#9261,#1945);
#1517=LINE('',#9264,#1946);
#1518=LINE('',#9265,#1947);
#1519=LINE('',#9270,#1948);
#1520=LINE('',#9273,#1949);
#1521=LINE('',#9279,#1950);
#1522=LINE('',#9281,#1951);
#1523=LINE('',#9283,#1952);
#1524=LINE('',#9308,#1953);
#1525=LINE('',#9380,#1954);
#1526=LINE('',#9382,#1955);
#1527=LINE('',#9383,#1956);
#1528=LINE('',#9473,#1957);
#1529=LINE('',#9475,#1958);
#1530=LINE('',#9476,#1959);
#1531=LINE('',#9480,#1960);
#1532=LINE('',#9493,#1961);
#1533=LINE('',#9497,#1962);
#1534=LINE('',#9514,#1963);
#1535=LINE('',#9517,#1964);
#1536=LINE('',#9520,#1965);
#1537=LINE('',#9522,#1966);
#1538=LINE('',#9527,#1967);
#1539=LINE('',#9533,#1968);
#1540=LINE('',#9551,#1969);
#1541=LINE('',#9555,#1970);
#1542=LINE('',#9564,#1971);
#1543=LINE('',#9572,#1972);
#1544=LINE('',#9574,#1973);
#1545=LINE('',#9576,#1974);
#1546=LINE('',#9578,#1975);
#1547=LINE('',#9580,#1976);
#1548=LINE('',#9582,#1977);
#1549=LINE('',#9584,#1978);
#1550=LINE('',#9585,#1979);
#1551=LINE('',#9602,#1980);
#1552=LINE('',#9611,#1981);
#1553=LINE('',#9613,#1982);
#1554=LINE('',#9615,#1983);
#1555=LINE('',#9617,#1984);
#1556=LINE('',#9618,#1985);
#1557=LINE('',#9620,#1986);
#1558=LINE('',#9622,#1987);
#1559=LINE('',#9623,#1988);
#1560=LINE('',#9625,#1989);
#1561=LINE('',#9626,#1990);
#1562=LINE('',#9627,#1991);
#1563=LINE('',#9644,#1992);
#1564=LINE('',#9658,#1993);
#1565=LINE('',#9659,#1994);
#1566=LINE('',#9663,#1995);
#1567=LINE('',#9679,#1996);
#1568=LINE('',#9682,#1997);
#1569=LINE('',#9685,#1998);
#1570=LINE('',#9690,#1999);
#1571=LINE('',#9691,#2000);
#1572=LINE('',#9695,#2001);
#1573=LINE('',#9698,#2002);
#1574=LINE('',#9711,#2003);
#1575=LINE('',#9716,#2004);
#1576=LINE('',#9728,#2005);
#1577=LINE('',#9730,#2006);
#1578=LINE('',#9733,#2007);
#1579=LINE('',#9734,#2008);
#1580=LINE('',#9741,#2009);
#1581=LINE('',#9742,#2010);
#1582=LINE('',#9764,#2011);
#1583=LINE('',#9818,#2012);
#1584=LINE('',#9820,#2013);
#1585=LINE('',#9822,#2014);
#1586=LINE('',#9823,#2015);
#1587=LINE('',#9826,#2016);
#1588=LINE('',#9834,#2017);
#1589=LINE('',#9864,#2018);
#1590=LINE('',#9866,#2019);
#1591=LINE('',#9877,#2020);
#1592=LINE('',#9893,#2021);
#1593=LINE('',#9906,#2022);
#1594=LINE('',#9924,#2023);
#1595=LINE('',#9938,#2024);
#1596=LINE('',#9967,#2025);
#1597=LINE('',#10052,#2026);
#1598=LINE('',#10053,#2027);
#1599=LINE('',#10055,#2028);
#1600=LINE('',#10056,#2029);
#1601=LINE('',#10058,#2030);
#1602=LINE('',#10060,#2031);
#1603=LINE('',#10122,#2032);
#1604=LINE('',#10186,#2033);
#1605=LINE('',#10189,#2034);
#1606=LINE('',#10191,#2035);
#1607=LINE('',#10204,#2036);
#1608=LINE('',#10208,#2037);
#1609=LINE('',#10212,#2038);
#1610=LINE('',#10225,#2039);
#1611=LINE('',#10226,#2040);
#1612=LINE('',#10240,#2041);
#1613=LINE('',#10246,#2042);
#1614=LINE('',#10273,#2043);
#1615=LINE('',#10282,#2044);
#1616=LINE('',#10287,#2045);
#1617=LINE('',#10292,#2046);
#1618=LINE('',#10298,#2047);
#1619=LINE('',#10336,#2048);
#1620=LINE('',#10338,#2049);
#1621=LINE('',#10342,#2050);
#1622=LINE('',#10344,#2051);
#1623=LINE('',#10348,#2052);
#1624=LINE('',#10350,#2053);
#1625=LINE('',#10354,#2054);
#1626=LINE('',#10356,#2055);
#1627=LINE('',#10360,#2056);
#1628=LINE('',#10362,#2057);
#1629=LINE('',#10366,#2058);
#1630=LINE('',#10368,#2059);
#1631=VECTOR('',#5815,10.);
#1632=VECTOR('',#5818,10.);
#1633=VECTOR('',#5821,10.);
#1634=VECTOR('',#5824,10.);
#1635=VECTOR('',#5825,10.);
#1636=VECTOR('',#5826,10.);
#1637=VECTOR('',#5829,10.);
#1638=VECTOR('',#5832,10.);
#1639=VECTOR('',#5833,10.);
#1640=VECTOR('',#5834,10.);
#1641=VECTOR('',#5837,10.);
#1642=VECTOR('',#5844,10.);
#1643=VECTOR('',#5849,10.);
#1644=VECTOR('',#5854,10.);
#1645=VECTOR('',#5857,10.);
#1646=VECTOR('',#5860,10.);
#1647=VECTOR('',#5861,10.);
#1648=VECTOR('',#5862,10.);
#1649=VECTOR('',#5863,10.);
#1650=VECTOR('',#5864,10.);
#1651=VECTOR('',#5867,10.);
#1652=VECTOR('',#5884,10.);
#1653=VECTOR('',#5893,10.);
#1654=VECTOR('',#5898,10.5);
#1655=VECTOR('',#5905,10.5);
#1656=VECTOR('',#5950,1.5);
#1657=VECTOR('',#5953,1.5);
#1658=VECTOR('',#5958,2.8);
#1659=VECTOR('',#5961,2.8);
#1660=VECTOR('',#5966,1.5);
#1661=VECTOR('',#5969,1.5);
#1662=VECTOR('',#5974,1.5);
#1663=VECTOR('',#5977,1.5);
#1664=VECTOR('',#5982,1.5);
#1665=VECTOR('',#5985,1.5);
#1666=VECTOR('',#5990,10.);
#1667=VECTOR('',#5993,10.);
#1668=VECTOR('',#5996,10.);
#1669=VECTOR('',#6007,10.);
#1670=VECTOR('',#6010,10.);
#1671=VECTOR('',#6013,10.);
#1672=VECTOR('',#6016,10.);
#1673=VECTOR('',#6017,10.);
#1674=VECTOR('',#6018,10.);
#1675=VECTOR('',#6019,10.);
#1676=VECTOR('',#6022,10.);
#1677=VECTOR('',#6023,10.);
#1678=VECTOR('',#6024,10.);
#1679=VECTOR('',#6025,10.);
#1680=VECTOR('',#6026,10.);
#1681=VECTOR('',#6029,10.);
#1682=VECTOR('',#6034,10.);
#1683=VECTOR('',#6035,10.);
#1684=VECTOR('',#6038,10.);
#1685=VECTOR('',#6043,10.);
#1686=VECTOR('',#6044,10.);
#1687=VECTOR('',#6045,10.);
#1688=VECTOR('',#6046,10.);
#1689=VECTOR('',#6049,10.);
#1690=VECTOR('',#6060,10.);
#1691=VECTOR('',#6061,10.);
#1692=VECTOR('',#6062,10.);
#1693=VECTOR('',#6063,10.);
#1694=VECTOR('',#6066,10.);
#1695=VECTOR('',#6073,10.);
#1696=VECTOR('',#6074,10.);
#1697=VECTOR('',#6077,10.);
#1698=VECTOR('',#6078,10.);
#1699=VECTOR('',#6079,10.);
#1700=VECTOR('',#6080,10.);
#1701=VECTOR('',#6081,10.);
#1702=VECTOR('',#6082,10.);
#1703=VECTOR('',#6083,10.);
#1704=VECTOR('',#6084,10.);
#1705=VECTOR('',#6085,10.);
#1706=VECTOR('',#6092,10.);
#1707=VECTOR('',#6097,10.);
#1708=VECTOR('',#6104,10.);
#1709=VECTOR('',#6111,10.);
#1710=VECTOR('',#6116,10.);
#1711=VECTOR('',#6117,10.);
#1712=VECTOR('',#6118,10.);
#1713=VECTOR('',#6119,10.);
#1714=VECTOR('',#6120,10.);
#1715=VECTOR('',#6121,10.);
#1716=VECTOR('',#6122,10.);
#1717=VECTOR('',#6123,10.);
#1718=VECTOR('',#6124,10.);
#1719=VECTOR('',#6127,10.);
#1720=VECTOR('',#6128,10.);
#1721=VECTOR('',#6129,10.);
#1722=VECTOR('',#6130,10.);
#1723=VECTOR('',#6131,10.);
#1724=VECTOR('',#6132,10.);
#1725=VECTOR('',#6135,10.);
#1726=VECTOR('',#6142,10.);
#1727=VECTOR('',#6143,10.);
#1728=VECTOR('',#6144,10.);
#1729=VECTOR('',#6145,10.);
#1730=VECTOR('',#6146,10.);
#1731=VECTOR('',#6147,10.);
#1732=VECTOR('',#6148,10.);
#1733=VECTOR('',#6151,10.);
#1734=VECTOR('',#6152,10.);
#1735=VECTOR('',#6155,10.);
#1736=VECTOR('',#6156,10.);
#1737=VECTOR('',#6157,10.);
#1738=VECTOR('',#6160,10.);
#1739=VECTOR('',#6161,10.);
#1740=VECTOR('',#6164,10.);
#1741=VECTOR('',#6165,10.);
#1742=VECTOR('',#6166,10.);
#1743=VECTOR('',#6167,10.);
#1744=VECTOR('',#6168,10.);
#1745=VECTOR('',#6169,10.);
#1746=VECTOR('',#6170,10.);
#1747=VECTOR('',#6171,10.);
#1748=VECTOR('',#6174,10.);
#1749=VECTOR('',#6177,10.);
#1750=VECTOR('',#6180,10.);
#1751=VECTOR('',#6181,10.);
#1752=VECTOR('',#6184,10.);
#1753=VECTOR('',#6187,10.);
#1754=VECTOR('',#6190,10.);
#1755=VECTOR('',#6203,10.);
#1756=VECTOR('',#6222,10.);
#1757=VECTOR('',#6235,10.);
#1758=VECTOR('',#6238,10.);
#1759=VECTOR('',#6247,1.25);
#1760=VECTOR('',#6254,1.25);
#1761=VECTOR('',#6263,10.);
#1762=VECTOR('',#6266,10.);
#1763=VECTOR('',#6271,10.);
#1764=VECTOR('',#6272,10.);
#1765=VECTOR('',#6273,10.);
#1766=VECTOR('',#6276,10.);
#1767=VECTOR('',#6277,10.);
#1768=VECTOR('',#6278,10.);
#1769=VECTOR('',#6279,10.);
#1770=VECTOR('',#6282,10.);
#1771=VECTOR('',#6285,10.);
#1772=VECTOR('',#6288,10.);
#1773=VECTOR('',#6293,10.);
#1774=VECTOR('',#6294,10.);
#1775=VECTOR('',#6295,10.);
#1776=VECTOR('',#6302,10.);
#1777=VECTOR('',#6303,10.);
#1778=VECTOR('',#6306,10.);
#1779=VECTOR('',#6307,10.);
#1780=VECTOR('',#6308,10.);
#1781=VECTOR('',#6309,10.);
#1782=VECTOR('',#6310,10.);
#1783=VECTOR('',#6311,10.);
#1784=VECTOR('',#6314,10.);
#1785=VECTOR('',#6317,10.);
#1786=VECTOR('',#6318,10.);
#1787=VECTOR('',#6319,10.);
#1788=VECTOR('',#6324,10.);
#1789=VECTOR('',#6329,10.);
#1790=VECTOR('',#6334,10.);
#1791=VECTOR('',#6337,10.);
#1792=VECTOR('',#6338,10.);
#1793=VECTOR('',#6339,10.);
#1794=VECTOR('',#6340,10.);
#1795=VECTOR('',#6343,10.);
#1796=VECTOR('',#6348,1.25);
#1797=VECTOR('',#6353,10.);
#1798=VECTOR('',#6356,10.);
#1799=VECTOR('',#6361,10.);
#1800=VECTOR('',#6364,10.);
#1801=VECTOR('',#6365,10.);
#1802=VECTOR('',#6366,10.);
#1803=VECTOR('',#6369,10.);
#1804=VECTOR('',#6372,10.);
#1805=VECTOR('',#6375,10.);
#1806=VECTOR('',#6378,10.);
#1807=VECTOR('',#6381,10.);
#1808=VECTOR('',#6382,10.);
#1809=VECTOR('',#6383,10.);
#1810=VECTOR('',#6384,10.);
#1811=VECTOR('',#6391,10.);
#1812=VECTOR('',#6394,10.);
#1813=VECTOR('',#6395,10.);
#1814=VECTOR('',#6396,10.);
#1815=VECTOR('',#6399,1.25);
#1816=VECTOR('',#6406,10.);
#1817=VECTOR('',#6415,10.);
#1818=VECTOR('',#6426,10.);
#1819=VECTOR('',#6431,10.);
#1820=VECTOR('',#6434,10.);
#1821=VECTOR('',#6435,10.);
#1822=VECTOR('',#6438,10.);
#1823=VECTOR('',#6441,10.);
#1824=VECTOR('',#6442,10.);
#1825=VECTOR('',#6443,10.);
#1826=VECTOR('',#6444,10.);
#1827=VECTOR('',#6447,10.);
#1828=VECTOR('',#6448,10.);
#1829=VECTOR('',#6449,10.);
#1830=VECTOR('',#6450,10.);
#1831=VECTOR('',#6453,10.);
#1832=VECTOR('',#6454,10.);
#1833=VECTOR('',#6457,10.);
#1834=VECTOR('',#6464,10.);
#1835=VECTOR('',#6465,10.);
#1836=VECTOR('',#6468,10.);
#1837=VECTOR('',#6469,10.);
#1838=VECTOR('',#6470,10.);
#1839=VECTOR('',#6473,10.);
#1840=VECTOR('',#6474,10.);
#1841=VECTOR('',#6477,10.);
#1842=VECTOR('',#6488,10.);
#1843=VECTOR('',#6493,10.);
#1844=VECTOR('',#6504,10.);
#1845=VECTOR('',#6505,10.);
#1846=VECTOR('',#6508,10.);
#1847=VECTOR('',#6509,10.);
#1848=VECTOR('',#6510,10.);
#1849=VECTOR('',#6513,10.);
#1850=VECTOR('',#6516,10.);
#1851=VECTOR('',#6517,10.);
#1852=VECTOR('',#6518,10.);
#1853=VECTOR('',#6523,10.);
#1854=VECTOR('',#6526,10.);
#1855=VECTOR('',#6527,10.);
#1856=VECTOR('',#6530,10.);
#1857=VECTOR('',#6531,10.);
#1858=VECTOR('',#6532,10.);
#1859=VECTOR('',#6533,10.);
#1860=VECTOR('',#6534,10.);
#1861=VECTOR('',#6535,10.);
#1862=VECTOR('',#6536,10.);
#1863=VECTOR('',#6537,10.);
#1864=VECTOR('',#6538,10.);
#1865=VECTOR('',#6541,10.);
#1866=VECTOR('',#6544,10.);
#1867=VECTOR('',#6547,10.);
#1868=VECTOR('',#6548,10.);
#1869=VECTOR('',#6549,10.);
#1870=VECTOR('',#6552,10.);
#1871=VECTOR('',#6555,10.);
#1872=VECTOR('',#6558,10.);
#1873=VECTOR('',#6561,10.);
#1874=VECTOR('',#6562,10.);
#1875=VECTOR('',#6563,10.);
#1876=VECTOR('',#6566,10.);
#1877=VECTOR('',#6579,10.);
#1878=VECTOR('',#6586,10.);
#1879=VECTOR('',#6593,10.);
#1880=VECTOR('',#6598,10.);
#1881=VECTOR('',#6599,10.);
#1882=VECTOR('',#6600,10.);
#1883=VECTOR('',#6601,10.);
#1884=VECTOR('',#6602,10.);
#1885=VECTOR('',#6603,10.);
#1886=VECTOR('',#6604,10.);
#1887=VECTOR('',#6605,10.);
#1888=VECTOR('',#6608,10.);
#1889=VECTOR('',#6609,10.);
#1890=VECTOR('',#6610,10.);
#1891=VECTOR('',#6613,10.);
#1892=VECTOR('',#6618,10.);
#1893=VECTOR('',#6621,10.);
#1894=VECTOR('',#6622,10.);
#1895=VECTOR('',#6623,10.);
#1896=VECTOR('',#6624,10.);
#1897=VECTOR('',#6625,10.);
#1898=VECTOR('',#6628,10.);
#1899=VECTOR('',#6629,10.);
#1900=VECTOR('',#6630,10.);
#1901=VECTOR('',#6633,10.);
#1902=VECTOR('',#6634,10.);
#1903=VECTOR('',#6637,10.);
#1904=VECTOR('',#6638,10.);
#1905=VECTOR('',#6639,10.);
#1906=VECTOR('',#6640,10.);
#1907=VECTOR('',#6641,10.);
#1908=VECTOR('',#6644,10.);
#1909=VECTOR('',#6647,10.);
#1910=VECTOR('',#6650,10.);
#1911=VECTOR('',#6651,10.);
#1912=VECTOR('',#6662,10.);
#1913=VECTOR('',#6677,10.);
#1914=VECTOR('',#6698,10.);
#1915=VECTOR('',#6701,10.);
#1916=VECTOR('',#6706,10.);
#1917=VECTOR('',#6709,10.);
#1918=VECTOR('',#6716,10.);
#1919=VECTOR('',#6719,10.);
#1920=VECTOR('',#6724,10.);
#1921=VECTOR('',#6725,10.);
#1922=VECTOR('',#6726,10.);
#1923=VECTOR('',#6733,10.);
#1924=VECTOR('',#6734,10.);
#1925=VECTOR('',#6735,10.);
#1926=VECTOR('',#6742,10.);
#1927=VECTOR('',#6743,10.);
#1928=VECTOR('',#6744,10.);
#1929=VECTOR('',#6749,10.);
#1930=VECTOR('',#6752,10.);
#1931=VECTOR('',#6757,10.);
#1932=VECTOR('',#6760,10.);
#1933=VECTOR('',#6761,10.);
#1934=VECTOR('',#6762,10.);
#1935=VECTOR('',#6765,10.);
#1936=VECTOR('',#6768,10.);
#1937=VECTOR('',#6769,10.);
#1938=VECTOR('',#6786,10.);
#1939=VECTOR('',#6789,10.);
#1940=VECTOR('',#6794,10.);
#1941=VECTOR('',#6797,10.);
#1942=VECTOR('',#6798,10.);
#1943=VECTOR('',#6799,6.);
#1944=VECTOR('',#6804,10.);
#1945=VECTOR('',#6805,10.);
#1946=VECTOR('',#6808,10.);
#1947=VECTOR('',#6809,10.);
#1948=VECTOR('',#6814,10.);
#1949=VECTOR('',#6817,10.);
#1950=VECTOR('',#6824,10.);
#1951=VECTOR('',#6825,10.);
#1952=VECTOR('',#6826,10.);
#1953=VECTOR('',#6831,10.);
#1954=VECTOR('',#6834,10.);
#1955=VECTOR('',#6835,10.);
#1956=VECTOR('',#6836,6.);
#1957=VECTOR('',#6839,10.);
#1958=VECTOR('',#6840,10.);
#1959=VECTOR('',#6841,10.);
#1960=VECTOR('',#6844,10.);
#1961=VECTOR('',#6845,10.);
#1962=VECTOR('',#6850,10.);
#1963=VECTOR('',#6851,10.);
#1964=VECTOR('',#6854,10.);
#1965=VECTOR('',#6857,10.);
#1966=VECTOR('',#6858,10.);
#1967=VECTOR('',#6865,10.);
#1968=VECTOR('',#6872,10.);
#1969=VECTOR('',#6875,10.);
#1970=VECTOR('',#6880,10.);
#1971=VECTOR('',#6885,10.);
#1972=VECTOR('',#6890,10.);
#1973=VECTOR('',#6891,10.);
#1974=VECTOR('',#6892,10.);
#1975=VECTOR('',#6893,10.);
#1976=VECTOR('',#6894,10.);
#1977=VECTOR('',#6895,10.);
#1978=VECTOR('',#6896,10.);
#1979=VECTOR('',#6897,10.);
#1980=VECTOR('',#6902,10.);
#1981=VECTOR('',#6907,10.);
#1982=VECTOR('',#6910,10.);
#1983=VECTOR('',#6911,10.);
#1984=VECTOR('',#6912,10.);
#1985=VECTOR('',#6913,10.);
#1986=VECTOR('',#6914,10.);
#1987=VECTOR('',#6915,10.);
#1988=VECTOR('',#6916,10.);
#1989=VECTOR('',#6917,10.);
#1990=VECTOR('',#6918,10.);
#1991=VECTOR('',#6919,10.);
#1992=VECTOR('',#6924,10.);
#1993=VECTOR('',#6929,10.);
#1994=VECTOR('',#6930,10.);
#1995=VECTOR('',#6935,10.);
#1996=VECTOR('',#6940,10.);
#1997=VECTOR('',#6943,6.);
#1998=VECTOR('',#6946,10.);
#1999=VECTOR('',#6951,10.);
#2000=VECTOR('',#6952,10.);
#2001=VECTOR('',#6959,10.);
#2002=VECTOR('',#6962,10.);
#2003=VECTOR('',#6967,10.);
#2004=VECTOR('',#6972,10.);
#2005=VECTOR('',#6975,10.);
#2006=VECTOR('',#6978,10.);
#2007=VECTOR('',#6981,10.);
#2008=VECTOR('',#6982,10.);
#2009=VECTOR('',#6983,10.);
#2010=VECTOR('',#6984,10.);
#2011=VECTOR('',#6985,10.);
#2012=VECTOR('',#6996,10.);
#2013=VECTOR('',#6997,10.);
#2014=VECTOR('',#6998,10.);
#2015=VECTOR('',#6999,10.);
#2016=VECTOR('',#7002,10.);
#2017=VECTOR('',#7003,10.);
#2018=VECTOR('',#7014,10.);
#2019=VECTOR('',#7017,10.);
#2020=VECTOR('',#7024,10.);
#2021=VECTOR('',#7033,10.);
#2022=VECTOR('',#7036,10.);
#2023=VECTOR('',#7047,10.);
#2024=VECTOR('',#7054,10.);
#2025=VECTOR('',#7079,10.);
#2026=VECTOR('',#7088,10.);
#2027=VECTOR('',#7089,10.);
#2028=VECTOR('',#7092,10.);
#2029=VECTOR('',#7093,10.);
#2030=VECTOR('',#7096,10.);
#2031=VECTOR('',#7099,10.);
#2032=VECTOR('',#7100,10.);
#2033=VECTOR('',#7103,10.);
#2034=VECTOR('',#7106,10.);
#2035=VECTOR('',#7109,10.);
#2036=VECTOR('',#7110,10.);
#2037=VECTOR('',#7113,10.);
#2038=VECTOR('',#7116,10.);
#2039=VECTOR('',#7117,10.);
#2040=VECTOR('',#7118,10.);
#2041=VECTOR('',#7121,10.);
#2042=VECTOR('',#7128,10.);
#2043=VECTOR('',#7137,10.);
#2044=VECTOR('',#7154,10.);
#2045=VECTOR('',#7163,10.);
#2046=VECTOR('',#7168,10.5);
#2047=VECTOR('',#7175,10.5);
#2048=VECTOR('',#7218,1.5);
#2049=VECTOR('',#7221,1.5);
#2050=VECTOR('',#7226,2.8);
#2051=VECTOR('',#7229,2.8);
#2052=VECTOR('',#7234,1.5);
#2053=VECTOR('',#7237,1.5);
#2054=VECTOR('',#7242,1.5);
#2055=VECTOR('',#7245,1.5);
#2056=VECTOR('',#7250,1.5);
#2057=VECTOR('',#7253,1.5);
#2058=VECTOR('',#7260,10.);
#2059=VECTOR('',#7263,10.);
#2060=(
BOUNDED_CURVE()
B_SPLINE_CURVE(5,(#7340,#7341,#7342,#7343,#7344,#7345,#7346,#7347),
 .UNSPECIFIED.,.F.,.F.)
B_SPLINE_CURVE_WITH_KNOTS((6,1,1,6),(0.,0.05,0.1,0.117879093864216),
 .UNSPECIFIED.)
CURVE()
GEOMETRIC_REPRESENTATION_ITEM()
RATIONAL_B_SPLINE_CURVE((1.,1.,1.,1.,1.,1.,1.,1.))
REPRESENTATION_ITEM('')
);
#2061=(
BOUNDED_CURVE()
B_SPLINE_CURVE(5,(#7350,#7351,#7352,#7353,#7354,#7355,#7356,#7357),
 .UNSPECIFIED.,.F.,.F.)
B_SPLINE_CURVE_WITH_KNOTS((6,1,1,6),(-0.117879093864216,-0.1,-0.05,0.),
 .UNSPECIFIED.)
CURVE()
GEOMETRIC_REPRESENTATION_ITEM()
RATIONAL_B_SPLINE_CURVE((1.,1.,1.,1.,1.,1.,1.,1.))
REPRESENTATION_ITEM('')
);
#2062=(
BOUNDED_CURVE()
B_SPLINE_CURVE(5,(#7416,#7417,#7418,#7419,#7420,#7421,#7422,#7423),
 .UNSPECIFIED.,.F.,.F.)
B_SPLINE_CURVE_WITH_KNOTS((6,1,1,6),(0.,0.05,0.1,0.117879093864216),
 .UNSPECIFIED.)
CURVE()
GEOMETRIC_REPRESENTATION_ITEM()
RATIONAL_B_SPLINE_CURVE((1.,1.,1.,1.,1.,1.,1.,1.))
REPRESENTATION_ITEM('')
);
#2063=(
BOUNDED_CURVE()
B_SPLINE_CURVE(5,(#7499,#7500,#7501,#7502,#7503,#7504,#7505,#7506),
 .UNSPECIFIED.,.F.,.F.)
B_SPLINE_CURVE_WITH_KNOTS((6,1,1,6),(0.,0.05,0.1,0.117879093864216),
 .UNSPECIFIED.)
CURVE()
GEOMETRIC_REPRESENTATION_ITEM()
RATIONAL_B_SPLINE_CURVE((1.,1.,1.,1.,1.,1.,1.,1.))
REPRESENTATION_ITEM('')
);
#2064=(
BOUNDED_CURVE()
B_SPLINE_CURVE(5,(#8575,#8576,#8577,#8578,#8579,#8580,#8581,#8582),
 .UNSPECIFIED.,.F.,.F.)
B_SPLINE_CURVE_WITH_KNOTS((6,1,1,6),(0.,0.05,0.1,0.108832447642129),
 .UNSPECIFIED.)
CURVE()
GEOMETRIC_REPRESENTATION_ITEM()
RATIONAL_B_SPLINE_CURVE((1.,1.,1.,1.,1.,1.,1.,1.))
REPRESENTATION_ITEM('')
);
#2065=(
BOUNDED_CURVE()
B_SPLINE_CURVE(5,(#8586,#8587,#8588,#8589,#8590,#8591,#8592,#8593),
 .UNSPECIFIED.,.F.,.F.)
B_SPLINE_CURVE_WITH_KNOTS((6,1,1,6),(0.,0.05,0.1,0.10883244764213),
 .UNSPECIFIED.)
CURVE()
GEOMETRIC_REPRESENTATION_ITEM()
RATIONAL_B_SPLINE_CURVE((1.,1.,1.,1.,1.,1.,1.,1.))
REPRESENTATION_ITEM('')
);
#2066=(
BOUNDED_CURVE()
B_SPLINE_CURVE(5,(#8849,#8850,#8851,#8852,#8853,#8854,#8855,#8856),
 .UNSPECIFIED.,.F.,.F.)
B_SPLINE_CURVE_WITH_KNOTS((6,1,1,6),(0.,0.05,0.1,0.117879093864216),
 .UNSPECIFIED.)
CURVE()
GEOMETRIC_REPRESENTATION_ITEM()
RATIONAL_B_SPLINE_CURVE((1.,1.,1.,1.,1.,1.,1.,1.))
REPRESENTATION_ITEM('')
);
#2067=(
BOUNDED_CURVE()
B_SPLINE_CURVE(5,(#10124,#10125,#10126,#10127,#10128,#10129,#10130,#10131),
 .UNSPECIFIED.,.F.,.F.)
B_SPLINE_CURVE_WITH_KNOTS((6,1,1,6),(-0.117879093864216,-0.1,-0.05,0.),
 .UNSPECIFIED.)
CURVE()
GEOMETRIC_REPRESENTATION_ITEM()
RATIONAL_B_SPLINE_CURVE((1.,1.,1.,1.,1.,1.,1.,1.))
REPRESENTATION_ITEM('')
);
#2068=B_SPLINE_CURVE_WITH_KNOTS('',3,(#7330,#7331,#7332,#7333),
 .UNSPECIFIED.,.F.,.F.,(4,4),(-0.55,-0.05),.UNSPECIFIED.);
#2069=B_SPLINE_CURVE_WITH_KNOTS('',3,(#7335,#7336,#7337,#7338),
 .UNSPECIFIED.,.F.,.F.,(4,4),(-1.5,0.),.UNSPECIFIED.);
#2070=B_SPLINE_CURVE_WITH_KNOTS('',3,(#7361,#7362,#7363,#7364,#7365,#7366,
#7367,#7368,#7369,#7370),.UNSPECIFIED.,.F.,.F.,(4,2,2,2,4),(0.803680485769329,
0.819361457745944,0.861442659708813,0.937794486603373,1.02708333124506),
 .UNSPECIFIED.);
#2071=B_SPLINE_CURVE_WITH_KNOTS('',3,(#7381,#7382,#7383,#7384,#7385,#7386,
#7387,#7388,#7389,#7390),.UNSPECIFIED.,.F.,.F.,(4,2,2,2,4),(0.649578917231973,
0.751112141467676,0.852645365703379,0.952034698464979,1.04846435602377),
 .UNSPECIFIED.);
#2072=B_SPLINE_CURVE_WITH_KNOTS('',3,(#7402,#7403,#7404,#7405,#7406,#7407,
#7408,#7409,#7410,#7411),.UNSPECIFIED.,.F.,.F.,(4,2,2,2,4),(1.65112077020739,
1.74755043570573,1.84693976970985,1.94847299490881,2.05000622010777),
 .UNSPECIFIED.);
#2073=B_SPLINE_CURVE_WITH_KNOTS('',3,(#7426,#7427,#7428,#7429,#7430,#7431,
#7432,#7433,#7434,#7435),.UNSPECIFIED.,.F.,.F.,(4,2,2,2,4),(0.58580420053134,
0.680319618599436,0.74133833790504,0.779601346392524,0.803680578939625),
 .UNSPECIFIED.);
#2074=B_SPLINE_CURVE_WITH_KNOTS('',3,(#7447,#7448,#7449,#7450,#7451,#7452,
#7453,#7454,#7455,#7456),.UNSPECIFIED.,.F.,.F.,(4,2,2,2,4),(0.803680758732455,
0.819361787175713,0.861443009459327,0.93779495175408,1.02708359083245),
 .UNSPECIFIED.);
#2075=B_SPLINE_CURVE_WITH_KNOTS('',3,(#7462,#7463,#7464,#7465,#7466,#7467,
#7468,#7469,#7470,#7471),.UNSPECIFIED.,.F.,.F.,(4,2,2,2,4),(0.649578923361828,
0.751112150969617,0.852645378577407,0.952034715258707,1.04846439643141),
 .UNSPECIFIED.);
#2076=B_SPLINE_CURVE_WITH_KNOTS('',3,(#7483,#7484,#7485,#7486,#7487,#7488,
#7489,#7490,#7491,#7492),.UNSPECIFIED.,.F.,.F.,(4,2,2,2,4),(1.65112077327426,
1.74755044650742,1.8469397819462,1.94847300859073,2.05000623523526),
 .UNSPECIFIED.);
#2077=B_SPLINE_CURVE_WITH_KNOTS('',3,(#7510,#7511,#7512,#7513,#7514,#7515,
#7516,#7517,#7518,#7519),.UNSPECIFIED.,.F.,.F.,(4,2,2,2,4),(0.585804262868186,
0.680319719252544,0.74133843410596,0.779601442100663,0.803680665582321),
 .UNSPECIFIED.);
#2078=B_SPLINE_CURVE_WITH_KNOTS('',3,(#7550,#7551,#7552,#7553),
 .UNSPECIFIED.,.F.,.F.,(4,4),(-1.55,-0.0499999999999983),.UNSPECIFIED.);
#2079=B_SPLINE_CURVE_WITH_KNOTS('',3,(#7554,#7555,#7556,#7557),
 .UNSPECIFIED.,.F.,.F.,(4,4),(-0.5,0.),.UNSPECIFIED.);
#2080=B_SPLINE_CURVE_WITH_KNOTS('',3,(#7946,#7947,#7948,#7949,#7950,#7951,
#7952,#7953,#7954,#7955,#7956,#7957,#7958,#7959,#7960,#7961,#7962),
 .UNSPECIFIED.,.F.,.F.,(4,3,2,2,2,2,2,4),(-0.382066610781654,0.,0.548875739288192,
0.732649853310017,0.818915491711808,0.864915790208838,0.897541850713147,
0.898292707062374),.UNSPECIFIED.);
#2081=B_SPLINE_CURVE_WITH_KNOTS('',3,(#7969,#7970,#7971,#7972,#7973,#7974,
#7975,#7976,#7977,#7978,#7979,#7980,#7981,#7982,#7983,#7984,#7985,#7986),
 .UNSPECIFIED.,.F.,.F.,(4,2,2,2,2,2,2,2,4),(1.96597872769751,2.02107478219931,
2.15545843068294,2.24750805551741,2.33955768035187,2.46683321472476,2.53047098191121,
2.59410874909765,2.62726959445774),.UNSPECIFIED.);
#2082=B_SPLINE_CURVE_WITH_KNOTS('',3,(#8031,#8032,#8033,#8034,#8035,#8036,
#8037,#8038,#8039,#8040),.UNSPECIFIED.,.F.,.F.,(4,2,2,2,4),(-0.700811278254774,
-0.497594377270821,-0.294377476286869,-0.147188738143434,-0.139420905012034),
 .UNSPECIFIED.);
#2083=B_SPLINE_CURVE_WITH_KNOTS('',3,(#8043,#8044,#8045,#8046,#8047,#8048,
#8049,#8050,#8051,#8052,#8053,#8054,#8055,#8056,#8057,#8058,#8059,#8060,
#8061,#8062,#8063,#8064,#8065,#8066,#8067,#8068,#8069,#8070,#8071,#8072,
#8073,#8074,#8075,#8076,#8077,#8078,#8079,#8080),.UNSPECIFIED.,.T.,.F.,
(4,2,2,2,2,2,2,2,2,2,2,2,2,2,2,2,2,2,4),(0.,0.0468389185222069,0.0936778370444138,
0.144416547052837,0.19515525706126,0.254862689803459,0.314570122545657,
0.363499869744094,0.387964743343313,0.412429616942532,0.436894490541751,
0.461359364140969,0.510289111339407,0.569996544081605,0.629703976823803,
0.680442686832227,0.73118139684065,0.778020315362857,0.824859233885064),
 .UNSPECIFIED.);
#2084=B_SPLINE_CURVE_WITH_KNOTS('',3,(#8140,#8141,#8142,#8143,#8144,#8145,
#8146,#8147,#8148,#8149,#8150,#8151,#8152,#8153,#8154,#8155,#8156),
 .UNSPECIFIED.,.F.,.F.,(4,2,2,2,2,3,2,4),(-0.906892240602544,-0.898343006827564,
-0.855742938419802,-0.788597900121454,-0.52030921006406,0.,0.247457701973016,
0.30878865196811),.UNSPECIFIED.);
#2085=B_SPLINE_CURVE_WITH_KNOTS('',3,(#8159,#8160,#8161,#8162,#8163,#8164,
#8165,#8166,#8167,#8168,#8169,#8170,#8171,#8172,#8173,#8174,#8175,#8176),
 .UNSPECIFIED.,.F.,.F.,(4,2,2,2,2,2,2,2,4),(2.51269126748761,2.55307672217176,
2.61786170845636,2.68264669474096,2.81221666731015,2.90200451048063,2.9917923536511,
3.12369460275851,3.16803876618119),.UNSPECIFIED.);
#2086=B_SPLINE_CURVE_WITH_KNOTS('',3,(#8219,#8220,#8221,#8222),
 .UNSPECIFIED.,.F.,.F.,(4,4),(0.,0.000304858067606957),.UNSPECIFIED.);
#2087=B_SPLINE_CURVE_WITH_KNOTS('',3,(#8225,#8226,#8227,#8228,#8229,#8230,
#8231,#8232,#8233,#8234),.UNSPECIFIED.,.F.,.F.,(4,2,2,2,4),(0.139420909659893,
0.147188738143435,0.294377476286869,0.497594377270821,0.700811278254773),
 .UNSPECIFIED.);
#2088=B_SPLINE_CURVE_WITH_KNOTS('',3,(#8239,#8240,#8241,#8242,#8243,#8244,
#8245,#8246,#8247,#8248,#8249,#8250,#8251,#8252,#8253,#8254,#8255,#8256,
#8257,#8258,#8259,#8260,#8261,#8262,#8263,#8264,#8265,#8266,#8267,#8268,
#8269,#8270,#8271,#8272,#8273,#8274,#8275,#8276),.UNSPECIFIED.,.T.,.F.,
(4,2,2,2,2,2,2,2,2,2,2,2,2,2,2,2,2,2,4),(0.,0.0244648736675224,0.0489297473350448,
0.0978594946700896,0.157566928110633,0.217274361551177,0.268013071813471,
0.318751782075766,0.365590700574344,0.412429619072922,0.4592685375715,0.506107456070078,
0.556846166332373,0.607584876594668,0.667292310035211,0.726999743475754,
0.775929490810799,0.800394364478322,0.824859238145844),.UNSPECIFIED.);
#2089=B_SPLINE_CURVE_WITH_KNOTS('',3,(#8296,#8297,#8298,#8299,#8300,#8301,
#8302,#8303,#8304,#8305,#8306,#8307,#8308,#8309,#8310,#8311,#8312,#8313,
#8314,#8315,#8316,#8317,#8318,#8319,#8320,#8321,#8322,#8323,#8324,#8325,
#8326,#8327,#8328,#8329,#8330,#8331,#8332,#8333,#8334,#8335,#8336,#8337,
#8338,#8339,#8340,#8341,#8342,#8343,#8344,#8345,#8346,#8347,#8348,#8349,
#8350,#8351,#8352,#8353,#8354,#8355,#8356,#8357,#8358,#8359),
 .UNSPECIFIED.,.F.,.F.,(4,3,3,3,3,3,3,3,3,3,3,3,3,3,3,3,3,3,3,3,3,4),(-0.629442139265491,
-0.593036906557403,-0.555475937218091,-0.517495168470454,-0.479447354962033,
-0.473295777188676,-0.434237808982423,-0.39611893832277,-0.356591421343217,
-0.319518492184553,-0.317063904363663,-0.279107074194908,-0.269228855856595,
-0.231761192028254,-0.193851209430309,-0.160717086744464,-0.123180457884096,
-0.0852278811626078,-0.0475054629639746,-0.0106161133194694,0.,0.0011860321576391),
 .UNSPECIFIED.);
#2090=B_SPLINE_CURVE_WITH_KNOTS('',3,(#8441,#8442,#8443,#8444),
 .UNSPECIFIED.,.F.,.F.,(4,4),(0.185304856542415,0.197550510908178),
 .UNSPECIFIED.);
#2091=B_SPLINE_CURVE_WITH_KNOTS('',3,(#8445,#8446,#8447,#8448,#8449),
 .UNSPECIFIED.,.F.,.F.,(4,1,4),(-0.474185310762708,-0.347297242110973,0.),
 .UNSPECIFIED.);
#2092=B_SPLINE_CURVE_WITH_KNOTS('',3,(#8455,#8456,#8457,#8458,#8459),
 .UNSPECIFIED.,.F.,.F.,(4,1,4),(0.,0.285714285714286,0.547637207189848),
 .UNSPECIFIED.);
#2093=B_SPLINE_CURVE_WITH_KNOTS('',3,(#8460,#8461,#8462,#8463,#8464,#8465,
#8466,#8467,#8468,#8469,#8470,#8471,#8472,#8473,#8474,#8475,#8476,#8477,
#8478),.UNSPECIFIED.,.F.,.F.,(4,3,3,3,3,3,4),(0.,0.0339005074448016,0.0862250535323598,
0.0997412720715685,0.147367045103089,0.184287454821494,0.268870381852627),
 .UNSPECIFIED.);
#2094=B_SPLINE_CURVE_WITH_KNOTS('',3,(#8519,#8520,#8521,#8522),
 .UNSPECIFIED.,.F.,.F.,(4,4),(-0.5,-0.268561608657129),.UNSPECIFIED.);
#2095=B_SPLINE_CURVE_WITH_KNOTS('',3,(#8595,#8596,#8597,#8598,#8599,#8600,
#8601,#8602,#8603,#8604,#8605,#8606,#8607,#8608,#8609,#8610,#8611,#8612,
#8613,#8614,#8615,#8616),.UNSPECIFIED.,.F.,.F.,(4,3,3,3,3,3,3,4),(0.0125230071831595,
0.0926894078207716,0.143766350414215,0.172855808458384,0.235781084943666,
0.25759911981738,0.282337224650735,0.303349565126761),.UNSPECIFIED.);
#2096=B_SPLINE_CURVE_WITH_KNOTS('',3,(#8618,#8619,#8620,#8621),
 .UNSPECIFIED.,.F.,.F.,(4,4),(-1.28143839134291,-1.05),.UNSPECIFIED.);
#2097=B_SPLINE_CURVE_WITH_KNOTS('',3,(#8623,#8624,#8625,#8626),
 .UNSPECIFIED.,.F.,.F.,(4,4),(-0.0619570440934038,-0.0499838234473164),
 .UNSPECIFIED.);
#2098=B_SPLINE_CURVE_WITH_KNOTS('',3,(#8628,#8629,#8630,#8631),
 .UNSPECIFIED.,.F.,.F.,(4,4),(-1.05,-0.0499999999999987),.UNSPECIFIED.);
#2099=B_SPLINE_CURVE_WITH_KNOTS('',3,(#8632,#8633,#8634,#8635),
 .UNSPECIFIED.,.F.,.F.,(4,4),(-0.0119762240086171,0.),.UNSPECIFIED.);
#2100=B_SPLINE_CURVE_WITH_KNOTS('',3,(#8670,#8671,#8672,#8673,#8674,#8675,
#8676,#8677,#8678,#8679,#8680,#8681,#8682,#8683,#8684,#8685,#8686,#8687,
#8688,#8689,#8690,#8691,#8692,#8693,#8694,#8695,#8696,#8697,#8698,#8699,
#8700,#8701,#8702,#8703,#8704,#8705,#8706,#8707,#8708,#8709,#8710,#8711,
#8712,#8713,#8714,#8715,#8716,#8717,#8718,#8719,#8720,#8721,#8722,#8723,
#8724,#8725,#8726,#8727,#8728,#8729,#8730,#8731,#8732,#8733,#8734,#8735,
#8736),.UNSPECIFIED.,.F.,.F.,(4,3,3,3,3,3,3,3,3,3,3,3,3,3,3,3,3,3,3,3,3,
3,4),(0.,0.0363983829569985,0.0739519224783597,0.111926232437454,0.149970757810319,
0.156083785895434,0.195136577616802,0.233253755568459,0.272774354174682,
0.309856800357102,0.312294952780905,0.350257268895979,0.360236445496574,
0.397703753265576,0.435614613236188,0.468677489625083,0.506434926824301,
0.544180053484048,0.548959722804097,0.586753731185934,0.624043795598022,
0.629233182323638,0.630350697154769),.UNSPECIFIED.);
#2101=B_SPLINE_CURVE_WITH_KNOTS('',3,(#8788,#8789,#8790,#8791,#8792),
 .UNSPECIFIED.,.F.,.F.,(4,1,4),(-0.547637207189847,-0.285714285714286,0.),
 .UNSPECIFIED.);
#2102=B_SPLINE_CURVE_WITH_KNOTS('',3,(#8797,#8798,#8799,#8800,#8801,#8802),
 .UNSPECIFIED.,.F.,.F.,(4,1,1,4),(0.,0.234546586140851,0.469093172281703,
0.484728729728902),.UNSPECIFIED.);
#2103=B_SPLINE_CURVE_WITH_KNOTS('',3,(#8803,#8804,#8805,#8806),
 .UNSPECIFIED.,.F.,.F.,(4,4),(0.,0.0123164550531573),.UNSPECIFIED.);
#2104=B_SPLINE_CURVE_WITH_KNOTS('',3,(#8813,#8814,#8815,#8816,#8817,#8818,
#8819,#8820,#8821,#8822),.UNSPECIFIED.,.F.,.F.,(4,2,2,2,4),(0.649578923361828,
0.751112150969617,0.852645378577407,0.952034715258707,1.04846439643141),
 .UNSPECIFIED.);
#2105=B_SPLINE_CURVE_WITH_KNOTS('',3,(#8834,#8835,#8836,#8837,#8838,#8839,
#8840,#8841,#8842,#8843),.UNSPECIFIED.,.F.,.F.,(4,2,2,2,4),(1.65112077327426,
1.74755044650742,1.8469397819462,1.94847300859073,2.05000623523526),
 .UNSPECIFIED.);
#2106=B_SPLINE_CURVE_WITH_KNOTS('',3,(#8857,#8858,#8859,#8860,#8861,#8862,
#8863,#8864,#8865,#8866,#8867,#8868,#8869,#8870,#8871,#8872,#8873,#8874,
#8875,#8876,#8877,#8878,#8879,#8880,#8881,#8882,#8883,#8884,#8885,#8886,
#8887,#8888,#8889,#8890,#8891,#8892,#8893),.UNSPECIFIED.,.F.,.F.,(4,3,3,
3,3,3,3,3,3,3,3,3,4),(5.73216731343732,5.9258283869904,6.11660392680221,
6.30867643986079,6.50671479652693,6.71215680382089,6.93779610800201,7.16568360419501,
7.40462618391691,7.65982878701831,7.96554248846901,8.42623711215786,8.5172712372698),
 .UNSPECIFIED.);
#2107=B_SPLINE_CURVE_WITH_KNOTS('',3,(#9145,#9146,#9147,#9148,#9149,#9150,
#9151,#9152,#9153,#9154,#9155,#9156,#9157,#9158,#9159),.UNSPECIFIED.,.F.,
 .F.,(4,2,2,3,2,2,4),(-0.213324557529294,-0.189557759547368,-0.0947788797736839,
0.,0.0942739249208122,0.188547849841624,0.213293776362568),
 .UNSPECIFIED.);
#2108=B_SPLINE_CURVE_WITH_KNOTS('',3,(#9163,#9164,#9165,#9166,#9167,#9168,
#9169,#9170,#9171,#9172),.UNSPECIFIED.,.F.,.F.,(4,3,3,4),(-0.470121229295429,
-0.316046045470176,-0.236027891607387,-0.0700384993337099),
 .UNSPECIFIED.);
#2109=B_SPLINE_CURVE_WITH_KNOTS('',3,(#9176,#9177,#9178,#9179,#9180,#9181,
#9182,#9183,#9184,#9185,#9186,#9187,#9188,#9189,#9190,#9191,#9192),
 .UNSPECIFIED.,.F.,.F.,(4,2,2,3,2,2,2,4),(-0.262399605768333,-0.189612644488826,
-0.0948063222444129,0.,0.0952143141389105,0.190428628277821,0.284725520420518,
0.318731925604338),.UNSPECIFIED.);
#2110=B_SPLINE_CURVE_WITH_KNOTS('',3,(#9194,#9195,#9196,#9197,#9198,#9199),
 .UNSPECIFIED.,.F.,.F.,(4,2,4),(1.44857425244745,1.56187692974531,1.81514941060749),
 .UNSPECIFIED.);
#2111=B_SPLINE_CURVE_WITH_KNOTS('',3,(#9204,#9205,#9206,#9207,#9208,#9209,
#9210,#9211,#9212,#9213,#9214,#9215,#9216,#9217,#9218),.UNSPECIFIED.,.F.,
 .F.,(4,2,2,3,2,2,4),(-0.211613725398272,-0.189577898824291,-0.0947889494121454,
0.,0.0947889494121454,0.189577898824291,0.215983663928273),
 .UNSPECIFIED.);
#2112=B_SPLINE_CURVE_WITH_KNOTS('',3,(#9220,#9221,#9222,#9223),
 .UNSPECIFIED.,.F.,.F.,(4,4),(1.45681565000282,1.8217359161556),
 .UNSPECIFIED.);
#2113=B_SPLINE_CURVE_WITH_KNOTS('',3,(#9227,#9228,#9229,#9230),
 .UNSPECIFIED.,.F.,.F.,(4,4),(0.943226774288934,1.30719195706829),
 .UNSPECIFIED.);
#2114=B_SPLINE_CURVE_WITH_KNOTS('',3,(#9239,#9240,#9241,#9242),
 .UNSPECIFIED.,.F.,.F.,(4,4),(1.2566731669028,1.31611229762592),
 .UNSPECIFIED.);
#2115=B_SPLINE_CURVE_WITH_KNOTS('',3,(#9287,#9288,#9289,#9290,#9291,#9292,
#9293,#9294,#9295,#9296,#9297,#9298,#9299,#9300,#9301,#9302,#9303,#9304,
#9305,#9306),.UNSPECIFIED.,.F.,.F.,(4,2,2,2,2,2,2,2,2,4),(0.,0.0236971757675366,
0.0473943515350732,0.0947887030701463,0.189577406140293,0.379154812280585,
0.75830962456117,1.0145190882668,1.27072855197243,1.31365329071174),
 .UNSPECIFIED.);
#2116=B_SPLINE_CURVE_WITH_KNOTS('',3,(#9309,#9310,#9311,#9312,#9313,#9314,
#9315,#9316,#9317,#9318),.UNSPECIFIED.,.F.,.F.,(4,2,2,2,4),(3.08191223641723,
3.25814813487613,3.49596763074231,3.8471777242514,4.19838781776049),
 .UNSPECIFIED.);
#2117=B_SPLINE_CURVE_WITH_KNOTS('',3,(#9321,#9322,#9323,#9324,#9325,#9326,
#9327,#9328,#9329,#9330,#9331,#9332,#9333,#9334,#9335,#9336,#9337,#9338,
#9339,#9340,#9341,#9342,#9343,#9344,#9345,#9346,#9347,#9348,#9349,#9350,
#9351,#9352,#9353,#9354,#9355,#9356,#9357,#9358,#9359,#9360,#9361,#9362,
#9363,#9364,#9365,#9366,#9367,#9368,#9369,#9370,#9371,#9372,#9373,#9374,
#9375,#9376,#9377,#9378),.UNSPECIFIED.,.F.,.F.,(4,3,3,3,3,3,3,3,3,3,3,3,
3,3,3,3,3,3,3,4),(0.,0.0618089382104026,0.124635335086366,0.187590764835204,
0.250031062173034,0.291692069827833,0.30745040954056,0.369414151701441,
0.432122847006473,0.494785098052349,0.556729810472305,0.581346554827744,
0.615818107462156,0.677947983938816,0.740394062657911,0.802710376349297,
0.82933546376722,0.891994137332236,0.954173895079193,1.01000410866508),
 .UNSPECIFIED.);
#2118=B_SPLINE_CURVE_WITH_KNOTS('',3,(#9409,#9410,#9411,#9412,#9413,#9414,
#9415,#9416,#9417,#9418,#9419,#9420,#9421,#9422,#9423,#9424,#9425,#9426,
#9427,#9428,#9429,#9430,#9431,#9432,#9433,#9434,#9435,#9436,#9437,#9438,
#9439,#9440,#9441,#9442,#9443,#9444,#9445,#9446,#9447,#9448,#9449,#9450,
#9451,#9452,#9453,#9454,#9455,#9456,#9457,#9458,#9459,#9460,#9461,#9462,
#9463,#9464,#9465,#9466),.UNSPECIFIED.,.F.,.F.,(4,3,3,3,3,3,3,3,3,3,3,3,
3,3,3,3,3,3,3,4),(0.0656618385854617,0.1278050705982,0.190389146723679,
0.220219997862381,0.282596684681549,0.345129092082448,0.407247232185675,
0.441880132481421,0.493187281925088,0.558304239730507,0.621026269074239,
0.683730098058533,0.745821793783781,0.753655113146765,0.803274915051674,
0.868565629249881,0.933856343448089,0.996648616498942,1.05913492330624,
1.11449196902161),.UNSPECIFIED.);
#2119=B_SPLINE_CURVE_WITH_KNOTS('',3,(#9467,#9468,#9469,#9470),
 .UNSPECIFIED.,.F.,.F.,(4,4),(3.83799327550691,4.23923638480106),
 .UNSPECIFIED.);
#2120=B_SPLINE_CURVE_WITH_KNOTS('',3,(#9482,#9483,#9484,#9485,#9486,#9487,
#9488,#9489,#9490,#9491),.UNSPECIFIED.,.F.,.F.,(4,2,2,2,4),(3.28340828275893,
3.53256477173853,3.78172126071812,4.14870668745332,4.51569211418852),
 .UNSPECIFIED.);
#2121=B_SPLINE_CURVE_WITH_KNOTS('',3,(#9499,#9500,#9501,#9502),
 .UNSPECIFIED.,.F.,.F.,(4,4),(3.10641397479841,3.16087178671091),
 .UNSPECIFIED.);
#2122=B_SPLINE_CURVE_WITH_KNOTS('',3,(#9504,#9505,#9506,#9507,#9508,#9509,
#9510,#9511,#9512,#9513),.UNSPECIFIED.,.F.,.F.,(4,2,2,2,4),(0.0765130035390828,
0.379746840969505,0.759493681939009,1.01665150259693,1.27380932325486),
 .UNSPECIFIED.);
#2123=B_SPLINE_CURVE_WITH_KNOTS('',3,(#9535,#9536,#9537,#9538),
 .UNSPECIFIED.,.F.,.F.,(4,4),(3.1195458925086,3.21934954991234),
 .UNSPECIFIED.);
#2124=B_SPLINE_CURVE_WITH_KNOTS('',3,(#9539,#9540,#9541,#9542,#9543,#9544,
#9545,#9546,#9547,#9548),.UNSPECIFIED.,.F.,.F.,(4,2,2,2,4),(0.134817529600918,
0.366985426735195,0.73397085347039,0.983127342449987,1.23228383142958),
 .UNSPECIFIED.);
#2125=B_SPLINE_CURVE_WITH_KNOTS('',3,(#9559,#9560,#9561,#9562),
 .UNSPECIFIED.,.F.,.F.,(4,4),(0.,0.0410447715693871),.UNSPECIFIED.);
#2126=B_SPLINE_CURVE_WITH_KNOTS('',3,(#9567,#9568,#9569,#9570),
 .UNSPECIFIED.,.F.,.F.,(4,4),(2.89097330200744,2.94762890563861),
 .UNSPECIFIED.);
#2127=B_SPLINE_CURVE_WITH_KNOTS('',3,(#9587,#9588,#9589,#9590,#9591,#9592,
#9593,#9594,#9595,#9596,#9597,#9598,#9599,#9600),.UNSPECIFIED.,.F.,.F.,
(4,2,2,2,2,2,4),(0.,0.0959076744698965,0.191815348939793,0.383630697879586,
0.767261395759172,0.988277908652893,1.17855286181693),.UNSPECIFIED.);
#2128=B_SPLINE_CURVE_WITH_KNOTS('',3,(#9603,#9604,#9605,#9606,#9607,#9608),
 .UNSPECIFIED.,.F.,.F.,(4,2,4),(9.31696598474482,9.44655415936366,9.62537576717769),
 .UNSPECIFIED.);
#2129=B_SPLINE_CURVE_WITH_KNOTS('',3,(#9632,#9633,#9634,#9635,#9636,#9637,
#9638,#9639,#9640,#9641,#9642,#9643),.UNSPECIFIED.,.F.,.F.,(4,2,2,2,2,4),
(0.,0.351210093509092,0.702420187018184,0.940239682884368,1.17805917875055,
1.23846421786378),.UNSPECIFIED.);
#2130=B_SPLINE_CURVE_WITH_KNOTS('',3,(#9649,#9650,#9651,#9652,#9653,#9654,
#9655,#9656),.UNSPECIFIED.,.F.,.F.,(4,2,2,4),(0.,0.308941982770676,0.546145706895857,
0.778778664730168),.UNSPECIFIED.);
#2131=B_SPLINE_CURVE_WITH_KNOTS('',3,(#9664,#9665,#9666,#9667,#9668,#9669,
#9670,#9671,#9672,#9673,#9674,#9675),.UNSPECIFIED.,.F.,.F.,(4,2,2,2,2,4),
(0.,0.192036641327028,0.384073282654056,0.768146565308113,0.971921773385422,
1.04170193990194),.UNSPECIFIED.);
#2132=B_SPLINE_CURVE_WITH_KNOTS('',3,(#9699,#9700,#9701,#9702,#9703,#9704,
#9705,#9706,#9707,#9708),.UNSPECIFIED.,.F.,.F.,(4,2,2,2,4),(3.08191223641723,
3.25814813487613,3.49596763074231,3.8471777242514,4.19838781776049),
 .UNSPECIFIED.);
#2133=B_SPLINE_CURVE_WITH_KNOTS('',3,(#9717,#9718,#9719,#9720,#9721,#9722,
#9723,#9724,#9725,#9726),.UNSPECIFIED.,.F.,.F.,(4,2,2,2,4),(3.08191223641723,
3.25814813487613,3.49596763074231,3.8471777242514,4.19838781776049),
 .UNSPECIFIED.);
#2134=B_SPLINE_CURVE_WITH_KNOTS('',3,(#9736,#9737,#9738,#9739),
 .UNSPECIFIED.,.F.,.F.,(4,4),(5.1583065499218,5.56148473295062),
 .UNSPECIFIED.);
#2135=B_SPLINE_CURVE_WITH_KNOTS('',3,(#9765,#9766,#9767,#9768,#9769,#9770,
#9771,#9772,#9773,#9774,#9775,#9776,#9777,#9778,#9779,#9780,#9781,#9782,
#9783,#9784,#9785,#9786,#9787,#9788,#9789,#9790,#9791,#9792,#9793,#9794,
#9795,#9796,#9797,#9798,#9799,#9800,#9801,#9802,#9803,#9804,#9805,#9806,
#9807,#9808,#9809,#9810),.UNSPECIFIED.,.F.,.F.,(4,3,3,3,3,3,3,3,3,3,3,3,
3,3,3,4),(0.,0.0605155933263204,0.124288650650779,0.186804390480261,0.251206106552208,
0.315607822624155,0.377935307106135,0.440255590599207,0.488001086744432,
0.551047877761102,0.587167797840297,0.649317913537342,0.712091800166365,
0.774734878091368,0.836584497742016,0.862508645237281),.UNSPECIFIED.);
#2136=B_SPLINE_CURVE_WITH_KNOTS('',3,(#9828,#9829,#9830,#9831,#9832,#9833),
 .UNSPECIFIED.,.F.,.F.,(4,2,4),(-1.04750621894396,-0.543372273790305,-0.0475062189439572),
 .UNSPECIFIED.);
#2137=B_SPLINE_CURVE_WITH_KNOTS('',3,(#9839,#9840,#9841,#9842,#9843,#9844),
 .UNSPECIFIED.,.F.,.F.,(4,2,4),(-1.03923832863665,-0.543372273790305,-0.0392383286366539),
 .UNSPECIFIED.);
#2138=B_SPLINE_CURVE_WITH_KNOTS('',3,(#9847,#9848,#9849,#9850,#9851,#9852,
#9853),.UNSPECIFIED.,.F.,.F.,(4,3,4),(-0.939637332555399,-0.928611115218562,
-0.922605186925079),.UNSPECIFIED.);
#2139=B_SPLINE_CURVE_WITH_KNOTS('',3,(#9857,#9858,#9859,#9860,#9861,#9862,
#9863),.UNSPECIFIED.,.F.,.F.,(4,3,4),(0.359826306283782,0.375637331982,
0.384249522698696),.UNSPECIFIED.);
#2140=B_SPLINE_CURVE_WITH_KNOTS('',3,(#9871,#9872,#9873,#9874,#9875,#9876),
 .UNSPECIFIED.,.F.,.F.,(4,2,4),(-1.5,-1.,-0.500000000000001),
 .UNSPECIFIED.);
#2141=B_SPLINE_CURVE_WITH_KNOTS('',3,(#9880,#9881,#9882,#9883,#9884,#9885,
#9886,#9887,#9888,#9889),.UNSPECIFIED.,.F.,.F.,(4,2,2,2,4),(2.59200195131582,
2.80625788915486,3.0205138269939,3.33624467212987,3.65197551726584),
 .UNSPECIFIED.);
#2142=B_SPLINE_CURVE_WITH_KNOTS('',3,(#9896,#9897,#9898,#9899,#9900,#9901,
#9902,#9903,#9904,#9905),.UNSPECIFIED.,.F.,.F.,(4,2,2,2,4),(0.,0.315730845135969,
0.631461690271938,0.845717628110978,1.05997356595002),.UNSPECIFIED.);
#2143=B_SPLINE_CURVE_WITH_KNOTS('',3,(#9914,#9915,#9916,#9917,#9918,#9919,
#9920,#9921,#9922,#9923),.UNSPECIFIED.,.F.,.F.,(4,2,2,2,4),(0.,0.315730845135969,
0.631461690271938,0.845717628110978,1.05997356595002),.UNSPECIFIED.);
#2144=B_SPLINE_CURVE_WITH_KNOTS('',3,(#9927,#9928,#9929,#9930,#9931,#9932,
#9933,#9934,#9935,#9936),.UNSPECIFIED.,.F.,.F.,(4,2,2,2,4),(2.59200195131582,
2.80625788915486,3.0205138269939,3.33624467212987,3.65197551726584),
 .UNSPECIFIED.);
#2145=B_SPLINE_CURVE_WITH_KNOTS('',3,(#9941,#9942,#9943,#9944,#9945,#9946,
#9947,#9948,#9949,#9950),.UNSPECIFIED.,.F.,.F.,(4,2,2,2,4),(2.59200195131582,
2.80625788915486,3.0205138269939,3.33624467212987,3.65197551726584),
 .UNSPECIFIED.);
#2146=B_SPLINE_CURVE_WITH_KNOTS('',3,(#9959,#9960,#9961,#9962,#9963,#9964),
 .UNSPECIFIED.,.F.,.F.,(4,2,4),(6.51097776369383,6.56349078467265,6.67760183174391),
 .UNSPECIFIED.);
#2147=B_SPLINE_CURVE_WITH_KNOTS('',3,(#10012,#10013,#10014,#10015,#10016,
#10017,#10018),.UNSPECIFIED.,.F.,.F.,(4,3,4),(-0.606427203380532,-0.588765345282622,
-0.556340135315998),.UNSPECIFIED.);
#2148=B_SPLINE_CURVE_WITH_KNOTS('',3,(#10035,#10036,#10037,#10038,#10039,
#10040),.UNSPECIFIED.,.F.,.F.,(4,2,4),(0.,0.5,1.),.UNSPECIFIED.);
#2149=B_SPLINE_CURVE_WITH_KNOTS('',3,(#10041,#10042,#10043,#10044,#10045,
#10046,#10047),.UNSPECIFIED.,.F.,.F.,(4,3,4),(0.126079953666063,0.136888832680079,
0.156732734131076),.UNSPECIFIED.);
#2150=B_SPLINE_CURVE_WITH_KNOTS('',3,(#10132,#10133,#10134,#10135,#10136,
#10137,#10138,#10139,#10140,#10141,#10142,#10143,#10144,#10145,#10146,#10147,
#10148,#10149,#10150,#10151,#10152,#10153,#10154,#10155,#10156,#10157,#10158,
#10159,#10160,#10161,#10162,#10163,#10164,#10165,#10166,#10167,#10168,#10169,
#10170,#10171),.UNSPECIFIED.,.F.,.F.,(4,3,3,3,3,3,3,3,3,3,3,3,3,4),(2.73241470924741,
3.05692714233382,3.31914996459231,3.54859493406848,3.74935928236014,3.93663895791762,
4.11681941178224,4.28992142824792,4.45657806832691,4.61801735040272,4.77657062045359,
4.93697537490535,5.10052832076213,5.15470972040172),.UNSPECIFIED.);
#2151=B_SPLINE_CURVE_WITH_KNOTS('',3,(#10175,#10176,#10177,#10178,#10179,
#10180,#10181,#10182,#10183,#10184),.UNSPECIFIED.,.F.,.F.,(4,2,2,2,4),(0.803680485769329,
0.819361457745944,0.861442659708813,0.937794486603373,1.02708333124506),
 .UNSPECIFIED.);
#2152=B_SPLINE_CURVE_WITH_KNOTS('',3,(#10193,#10194,#10195,#10196,#10197,
#10198,#10199,#10200,#10201,#10202),.UNSPECIFIED.,.F.,.F.,(4,2,2,2,4),(0.649578917231973,
0.751112141467676,0.852645365703379,0.952034698464979,1.04846435602377),
 .UNSPECIFIED.);
#2153=B_SPLINE_CURVE_WITH_KNOTS('',3,(#10214,#10215,#10216,#10217,#10218,
#10219,#10220,#10221,#10222,#10223),.UNSPECIFIED.,.F.,.F.,(4,2,2,2,4),(1.65112077020739,
1.74755043570573,1.84693976970985,1.94847299490881,2.05000622010777),
 .UNSPECIFIED.);
#2154=B_SPLINE_CURVE_WITH_KNOTS('',3,(#10229,#10230,#10231,#10232,#10233,
#10234,#10235,#10236,#10237,#10238),.UNSPECIFIED.,.F.,.F.,(4,2,2,2,4),(0.58580420053134,
0.680319618599436,0.74133833790504,0.779601346392524,0.803680578939625),
 .UNSPECIFIED.);
#2155=B_SPLINE_CURVE_WITH_KNOTS('',3,(#10249,#10250,#10251,#10252,#10253,
#10254,#10255,#10256,#10257,#10258),.UNSPECIFIED.,.F.,.F.,(4,2,2,2,4),(0.803680758732455,
0.819361787175713,0.861443009459327,0.93779495175408,1.02708359083245),
 .UNSPECIFIED.);
#2156=B_SPLINE_CURVE_WITH_KNOTS('',3,(#10262,#10263,#10264,#10265,#10266,
#10267,#10268,#10269,#10270,#10271),.UNSPECIFIED.,.F.,.F.,(4,2,2,2,4),(0.585804262868186,
0.680319719252544,0.74133843410596,0.779601442100663,0.803680665582321),
 .UNSPECIFIED.);
#2157=VERTEX_POINT('',#7328);
#2158=VERTEX_POINT('',#7329);
#2159=VERTEX_POINT('',#7334);
#2160=VERTEX_POINT('',#7339);
#2161=VERTEX_POINT('',#7348);
#2162=VERTEX_POINT('',#7359);
#2163=VERTEX_POINT('',#7360);
#2164=VERTEX_POINT('',#7371);
#2165=VERTEX_POINT('',#7373);
#2166=VERTEX_POINT('',#7377);
#2167=VERTEX_POINT('',#7380);
#2168=VERTEX_POINT('',#7391);
#2169=VERTEX_POINT('',#7393);
#2170=VERTEX_POINT('',#7395);
#2171=VERTEX_POINT('',#7397);
#2172=VERTEX_POINT('',#7399);
#2173=VERTEX_POINT('',#7401);
#2174=VERTEX_POINT('',#7412);
#2175=VERTEX_POINT('',#7414);
#2176=VERTEX_POINT('',#7425);
#2177=VERTEX_POINT('',#7436);
#2178=VERTEX_POINT('',#7440);
#2179=VERTEX_POINT('',#7442);
#2180=VERTEX_POINT('',#7446);
#2181=VERTEX_POINT('',#7457);
#2182=VERTEX_POINT('',#7461);
#2183=VERTEX_POINT('',#7472);
#2184=VERTEX_POINT('',#7474);
#2185=VERTEX_POINT('',#7476);
#2186=VERTEX_POINT('',#7478);
#2187=VERTEX_POINT('',#7480);
#2188=VERTEX_POINT('',#7482);
#2189=VERTEX_POINT('',#7493);
#2190=VERTEX_POINT('',#7496);
#2191=VERTEX_POINT('',#7498);
#2192=VERTEX_POINT('',#7509);
#2193=VERTEX_POINT('',#7520);
#2194=VERTEX_POINT('',#7537);
#2195=VERTEX_POINT('',#7539);
#2196=VERTEX_POINT('',#7543);
#2197=VERTEX_POINT('',#7545);
#2198=VERTEX_POINT('',#7549);
#2199=VERTEX_POINT('',#7559);
#2200=VERTEX_POINT('',#7561);
#2201=VERTEX_POINT('',#7563);
#2202=VERTEX_POINT('',#7565);
#2203=VERTEX_POINT('',#7567);
#2204=VERTEX_POINT('',#7570);
#2205=VERTEX_POINT('',#7572);
#2206=VERTEX_POINT('',#7574);
#2207=VERTEX_POINT('',#7576);
#2208=VERTEX_POINT('',#7578);
#2209=VERTEX_POINT('',#7581);
#2210=VERTEX_POINT('',#7583);
#2211=VERTEX_POINT('',#7585);
#2212=VERTEX_POINT('',#7587);
#2213=VERTEX_POINT('',#7589);
#2214=VERTEX_POINT('',#7592);
#2215=VERTEX_POINT('',#7598);
#2216=VERTEX_POINT('',#7604);
#2217=VERTEX_POINT('',#7610);
#2218=VERTEX_POINT('',#7616);
#2219=VERTEX_POINT('',#7682);
#2220=VERTEX_POINT('',#7683);
#2221=VERTEX_POINT('',#7685);
#2222=VERTEX_POINT('',#7687);
#2223=VERTEX_POINT('',#7689);
#2224=VERTEX_POINT('',#7691);
#2225=VERTEX_POINT('',#7693);
#2226=VERTEX_POINT('',#7695);
#2227=VERTEX_POINT('',#7697);
#2228=VERTEX_POINT('',#7699);
#2229=VERTEX_POINT('',#7701);
#2230=VERTEX_POINT('',#7705);
#2231=VERTEX_POINT('',#7707);
#2232=VERTEX_POINT('',#7709);
#2233=VERTEX_POINT('',#7711);
#2234=VERTEX_POINT('',#7715);
#2235=VERTEX_POINT('',#7719);
#2236=VERTEX_POINT('',#7723);
#2237=VERTEX_POINT('',#7727);
#2238=VERTEX_POINT('',#7729);
#2239=VERTEX_POINT('',#7731);
#2240=VERTEX_POINT('',#7735);
#2241=VERTEX_POINT('',#7737);
#2242=VERTEX_POINT('',#7741);
#2243=VERTEX_POINT('',#7743);
#2244=VERTEX_POINT('',#7745);
#2245=VERTEX_POINT('',#7747);
#2246=VERTEX_POINT('',#7749);
#2247=VERTEX_POINT('',#7753);
#2248=VERTEX_POINT('',#7755);
#2249=VERTEX_POINT('',#7759);
#2250=VERTEX_POINT('',#7763);
#2251=VERTEX_POINT('',#7765);
#2252=VERTEX_POINT('',#7767);
#2253=VERTEX_POINT('',#7769);
#2254=VERTEX_POINT('',#7771);
#2255=VERTEX_POINT('',#7773);
#2256=VERTEX_POINT('',#7775);
#2257=VERTEX_POINT('',#7779);
#2258=VERTEX_POINT('',#7781);
#2259=VERTEX_POINT('',#7786);
#2260=VERTEX_POINT('',#7787);
#2261=VERTEX_POINT('',#7789);
#2262=VERTEX_POINT('',#7793);
#2263=VERTEX_POINT('',#7794);
#2264=VERTEX_POINT('',#7796);
#2265=VERTEX_POINT('',#7800);
#2266=VERTEX_POINT('',#7802);
#2267=VERTEX_POINT('',#7806);
#2268=VERTEX_POINT('',#7807);
#2269=VERTEX_POINT('',#7809);
#2270=VERTEX_POINT('',#7813);
#2271=VERTEX_POINT('',#7815);
#2272=VERTEX_POINT('',#7818);
#2273=VERTEX_POINT('',#7823);
#2274=VERTEX_POINT('',#7825);
#2275=VERTEX_POINT('',#7827);
#2276=VERTEX_POINT('',#7829);
#2277=VERTEX_POINT('',#7831);
#2278=VERTEX_POINT('',#7833);
#2279=VERTEX_POINT('',#7835);
#2280=VERTEX_POINT('',#7837);
#2281=VERTEX_POINT('',#7841);
#2282=VERTEX_POINT('',#7843);
#2283=VERTEX_POINT('',#7845);
#2284=VERTEX_POINT('',#7847);
#2285=VERTEX_POINT('',#7849);
#2286=VERTEX_POINT('',#7851);
#2287=VERTEX_POINT('',#7858);
#2288=VERTEX_POINT('',#7860);
#2289=VERTEX_POINT('',#7864);
#2290=VERTEX_POINT('',#7868);
#2291=VERTEX_POINT('',#7871);
#2292=VERTEX_POINT('',#7873);
#2293=VERTEX_POINT('',#7875);
#2294=VERTEX_POINT('',#7877);
#2295=VERTEX_POINT('',#7879);
#2296=VERTEX_POINT('',#7898);
#2297=VERTEX_POINT('',#7902);
#2298=VERTEX_POINT('',#7911);
#2299=VERTEX_POINT('',#7912);
#2300=VERTEX_POINT('',#7914);
#2301=VERTEX_POINT('',#7930);
#2302=VERTEX_POINT('',#7935);
#2303=VERTEX_POINT('',#7940);
#2304=VERTEX_POINT('',#7941);
#2305=VERTEX_POINT('',#7943);
#2306=VERTEX_POINT('',#7945);
#2307=VERTEX_POINT('',#7963);
#2308=VERTEX_POINT('',#7965);
#2309=VERTEX_POINT('',#7967);
#2310=VERTEX_POINT('',#7988);
#2311=VERTEX_POINT('',#7990);
#2312=VERTEX_POINT('',#7992);
#2313=VERTEX_POINT('',#7994);
#2314=VERTEX_POINT('',#7996);
#2315=VERTEX_POINT('',#7998);
#2316=VERTEX_POINT('',#8000);
#2317=VERTEX_POINT('',#8002);
#2318=VERTEX_POINT('',#8004);
#2319=VERTEX_POINT('',#8006);
#2320=VERTEX_POINT('',#8008);
#2321=VERTEX_POINT('',#8010);
#2322=VERTEX_POINT('',#8012);
#2323=VERTEX_POINT('',#8014);
#2324=VERTEX_POINT('',#8018);
#2325=VERTEX_POINT('',#8020);
#2326=VERTEX_POINT('',#8022);
#2327=VERTEX_POINT('',#8026);
#2328=VERTEX_POINT('',#8027);
#2329=VERTEX_POINT('',#8030);
#2330=VERTEX_POINT('',#8042);
#2331=VERTEX_POINT('',#8082);
#2332=VERTEX_POINT('',#8084);
#2333=VERTEX_POINT('',#8086);
#2334=VERTEX_POINT('',#8088);
#2335=VERTEX_POINT('',#8090);
#2336=VERTEX_POINT('',#8092);
#2337=VERTEX_POINT('',#8094);
#2338=VERTEX_POINT('',#8098);
#2339=VERTEX_POINT('',#8100);
#2340=VERTEX_POINT('',#8104);
#2341=VERTEX_POINT('',#8106);
#2342=VERTEX_POINT('',#8108);
#2343=VERTEX_POINT('',#8110);
#2344=VERTEX_POINT('',#8112);
#2345=VERTEX_POINT('',#8114);
#2346=VERTEX_POINT('',#8116);
#2347=VERTEX_POINT('',#8118);
#2348=VERTEX_POINT('',#8120);
#2349=VERTEX_POINT('',#8122);
#2350=VERTEX_POINT('',#8124);
#2351=VERTEX_POINT('',#8126);
#2352=VERTEX_POINT('',#8130);
#2353=VERTEX_POINT('',#8134);
#2354=VERTEX_POINT('',#8138);
#2355=VERTEX_POINT('',#8139);
#2356=VERTEX_POINT('',#8158);
#2357=VERTEX_POINT('',#8177);
#2358=VERTEX_POINT('',#8179);
#2359=VERTEX_POINT('',#8183);
#2360=VERTEX_POINT('',#8185);
#2361=VERTEX_POINT('',#8187);
#2362=VERTEX_POINT('',#8189);
#2363=VERTEX_POINT('',#8193);
#2364=VERTEX_POINT('',#8195);
#2365=VERTEX_POINT('',#8197);
#2366=VERTEX_POINT('',#8199);
#2367=VERTEX_POINT('',#8201);
#2368=VERTEX_POINT('',#8203);
#2369=VERTEX_POINT('',#8205);
#2370=VERTEX_POINT('',#8207);
#2371=VERTEX_POINT('',#8209);
#2372=VERTEX_POINT('',#8211);
#2373=VERTEX_POINT('',#8213);
#2374=VERTEX_POINT('',#8215);
#2375=VERTEX_POINT('',#8217);
#2376=VERTEX_POINT('',#8224);
#2377=VERTEX_POINT('',#8235);
#2378=VERTEX_POINT('',#8238);
#2379=VERTEX_POINT('',#8278);
#2380=VERTEX_POINT('',#8280);
#2381=VERTEX_POINT('',#8284);
#2382=VERTEX_POINT('',#8288);
#2383=VERTEX_POINT('',#8290);
#2384=VERTEX_POINT('',#8294);
#2385=VERTEX_POINT('',#8361);
#2386=VERTEX_POINT('',#8362);
#2387=VERTEX_POINT('',#8388);
#2388=VERTEX_POINT('',#8390);
#2389=VERTEX_POINT('',#8394);
#2390=VERTEX_POINT('',#8439);
#2391=VERTEX_POINT('',#8440);
#2392=VERTEX_POINT('',#8450);
#2393=VERTEX_POINT('',#8452);
#2394=VERTEX_POINT('',#8454);
#2395=VERTEX_POINT('',#8480);
#2396=VERTEX_POINT('',#8483);
#2397=VERTEX_POINT('',#8485);
#2398=VERTEX_POINT('',#8490);
#2399=VERTEX_POINT('',#8492);
#2400=VERTEX_POINT('',#8494);
#2401=VERTEX_POINT('',#8498);
#2402=VERTEX_POINT('',#8502);
#2403=VERTEX_POINT('',#8504);
#2404=VERTEX_POINT('',#8508);
#2405=VERTEX_POINT('',#8512);
#2406=VERTEX_POINT('',#8514);
#2407=VERTEX_POINT('',#8518);
#2408=VERTEX_POINT('',#8574);
#2409=VERTEX_POINT('',#8583);
#2410=VERTEX_POINT('',#8585);
#2411=VERTEX_POINT('',#8594);
#2412=VERTEX_POINT('',#8617);
#2413=VERTEX_POINT('',#8622);
#2414=VERTEX_POINT('',#8627);
#2415=VERTEX_POINT('',#8637);
#2416=VERTEX_POINT('',#8638);
#2417=VERTEX_POINT('',#8641);
#2418=VERTEX_POINT('',#8645);
#2419=VERTEX_POINT('',#8668);
#2420=VERTEX_POINT('',#8738);
#2421=VERTEX_POINT('',#8787);
#2422=VERTEX_POINT('',#8793);
#2423=VERTEX_POINT('',#8796);
#2424=VERTEX_POINT('',#8808);
#2425=VERTEX_POINT('',#8810);
#2426=VERTEX_POINT('',#8812);
#2427=VERTEX_POINT('',#8823);
#2428=VERTEX_POINT('',#8825);
#2429=VERTEX_POINT('',#8827);
#2430=VERTEX_POINT('',#8829);
#2431=VERTEX_POINT('',#8831);
#2432=VERTEX_POINT('',#8833);
#2433=VERTEX_POINT('',#8844);
#2434=VERTEX_POINT('',#8846);
#2435=VERTEX_POINT('',#8848);
#2436=VERTEX_POINT('',#8895);
#2437=VERTEX_POINT('',#8897);
#2438=VERTEX_POINT('',#8899);
#2439=VERTEX_POINT('',#8901);
#2440=VERTEX_POINT('',#8905);
#2441=VERTEX_POINT('',#8907);
#2442=VERTEX_POINT('',#8909);
#2443=VERTEX_POINT('',#8911);
#2444=VERTEX_POINT('',#8913);
#2445=VERTEX_POINT('',#8915);
#2446=VERTEX_POINT('',#8917);
#2447=VERTEX_POINT('',#8919);
#2448=VERTEX_POINT('',#8921);
#2449=VERTEX_POINT('',#8923);
#2450=VERTEX_POINT('',#8930);
#2451=VERTEX_POINT('',#8940);
#2452=VERTEX_POINT('',#8942);
#2453=VERTEX_POINT('',#8949);
#2454=VERTEX_POINT('',#8954);
#2455=VERTEX_POINT('',#8958);
#2456=VERTEX_POINT('',#8959);
#2457=VERTEX_POINT('',#8961);
#2458=VERTEX_POINT('',#8965);
#2459=VERTEX_POINT('',#8967);
#2460=VERTEX_POINT('',#8971);
#2461=VERTEX_POINT('',#8975);
#2462=VERTEX_POINT('',#8977);
#2463=VERTEX_POINT('',#8980);
#2464=VERTEX_POINT('',#8984);
#2465=VERTEX_POINT('',#8987);
#2466=VERTEX_POINT('',#8989);
#2467=VERTEX_POINT('',#8991);
#2468=VERTEX_POINT('',#8993);
#2469=VERTEX_POINT('',#8998);
#2470=VERTEX_POINT('',#9000);
#2471=VERTEX_POINT('',#9002);
#2472=VERTEX_POINT('',#9004);
#2473=VERTEX_POINT('',#9008);
#2474=VERTEX_POINT('',#9010);
#2475=VERTEX_POINT('',#9014);
#2476=VERTEX_POINT('',#9018);
#2477=VERTEX_POINT('',#9021);
#2478=VERTEX_POINT('',#9023);
#2479=VERTEX_POINT('',#9038);
#2480=VERTEX_POINT('',#9046);
#2481=VERTEX_POINT('',#9059);
#2482=VERTEX_POINT('',#9060);
#2483=VERTEX_POINT('',#9062);
#2484=VERTEX_POINT('',#9064);
#2485=VERTEX_POINT('',#9068);
#2486=VERTEX_POINT('',#9069);
#2487=VERTEX_POINT('',#9071);
#2488=VERTEX_POINT('',#9073);
#2489=VERTEX_POINT('',#9077);
#2490=VERTEX_POINT('',#9078);
#2491=VERTEX_POINT('',#9080);
#2492=VERTEX_POINT('',#9082);
#2493=VERTEX_POINT('',#9086);
#2494=VERTEX_POINT('',#9088);
#2495=VERTEX_POINT('',#9090);
#2496=VERTEX_POINT('',#9092);
#2497=VERTEX_POINT('',#9096);
#2498=VERTEX_POINT('',#9098);
#2499=VERTEX_POINT('',#9100);
#2500=VERTEX_POINT('',#9102);
#2501=VERTEX_POINT('',#9106);
#2502=VERTEX_POINT('',#9108);
#2503=VERTEX_POINT('',#9110);
#2504=VERTEX_POINT('',#9112);
#2505=VERTEX_POINT('',#9116);
#2506=VERTEX_POINT('',#9117);
#2507=VERTEX_POINT('',#9119);
#2508=VERTEX_POINT('',#9121);
#2509=VERTEX_POINT('',#9125);
#2510=VERTEX_POINT('',#9127);
#2511=VERTEX_POINT('',#9129);
#2512=VERTEX_POINT('',#9131);
#2513=VERTEX_POINT('',#9133);
#2514=VERTEX_POINT('',#9135);
#2515=VERTEX_POINT('',#9139);
#2516=VERTEX_POINT('',#9143);
#2517=VERTEX_POINT('',#9144);
#2518=VERTEX_POINT('',#9160);
#2519=VERTEX_POINT('',#9162);
#2520=VERTEX_POINT('',#9173);
#2521=VERTEX_POINT('',#9175);
#2522=VERTEX_POINT('',#9193);
#2523=VERTEX_POINT('',#9202);
#2524=VERTEX_POINT('',#9203);
#2525=VERTEX_POINT('',#9219);
#2526=VERTEX_POINT('',#9224);
#2527=VERTEX_POINT('',#9226);
#2528=VERTEX_POINT('',#9233);
#2529=VERTEX_POINT('',#9234);
#2530=VERTEX_POINT('',#9236);
#2531=VERTEX_POINT('',#9238);
#2532=VERTEX_POINT('',#9243);
#2533=VERTEX_POINT('',#9247);
#2534=VERTEX_POINT('',#9249);
#2535=VERTEX_POINT('',#9251);
#2536=VERTEX_POINT('',#9253);
#2537=VERTEX_POINT('',#9255);
#2538=VERTEX_POINT('',#9259);
#2539=VERTEX_POINT('',#9263);
#2540=VERTEX_POINT('',#9267);
#2541=VERTEX_POINT('',#9269);
#2542=VERTEX_POINT('',#9272);
#2543=VERTEX_POINT('',#9276);
#2544=VERTEX_POINT('',#9278);
#2545=VERTEX_POINT('',#9280);
#2546=VERTEX_POINT('',#9282);
#2547=VERTEX_POINT('',#9286);
#2548=VERTEX_POINT('',#9307);
#2549=VERTEX_POINT('',#9320);
#2550=VERTEX_POINT('',#9379);
#2551=VERTEX_POINT('',#9381);
#2552=VERTEX_POINT('',#9408);
#2553=VERTEX_POINT('',#9472);
#2554=VERTEX_POINT('',#9474);
#2555=VERTEX_POINT('',#9478);
#2556=VERTEX_POINT('',#9479);
#2557=VERTEX_POINT('',#9481);
#2558=VERTEX_POINT('',#9492);
#2559=VERTEX_POINT('',#9496);
#2560=VERTEX_POINT('',#9498);
#2561=VERTEX_POINT('',#9503);
#2562=VERTEX_POINT('',#9516);
#2563=VERTEX_POINT('',#9519);
#2564=VERTEX_POINT('',#9521);
#2565=VERTEX_POINT('',#9525);
#2566=VERTEX_POINT('',#9530);
#2567=VERTEX_POINT('',#9532);
#2568=VERTEX_POINT('',#9534);
#2569=VERTEX_POINT('',#9550);
#2570=VERTEX_POINT('',#9554);
#2571=VERTEX_POINT('',#9558);
#2572=VERTEX_POINT('',#9563);
#2573=VERTEX_POINT('',#9565);
#2574=VERTEX_POINT('',#9573);
#2575=VERTEX_POINT('',#9575);
#2576=VERTEX_POINT('',#9577);
#2577=VERTEX_POINT('',#9579);
#2578=VERTEX_POINT('',#9581);
#2579=VERTEX_POINT('',#9583);
#2580=VERTEX_POINT('',#9614);
#2581=VERTEX_POINT('',#9616);
#2582=VERTEX_POINT('',#9619);
#2583=VERTEX_POINT('',#9621);
#2584=VERTEX_POINT('',#9624);
#2585=VERTEX_POINT('',#9629);
#2586=VERTEX_POINT('',#9631);
#2587=VERTEX_POINT('',#9646);
#2588=VERTEX_POINT('',#9648);
#2589=VERTEX_POINT('',#9657);
#2590=VERTEX_POINT('',#9661);
#2591=VERTEX_POINT('',#9677);
#2592=VERTEX_POINT('',#9681);
#2593=VERTEX_POINT('',#9683);
#2594=VERTEX_POINT('',#9687);
#2595=VERTEX_POINT('',#9689);
#2596=VERTEX_POINT('',#9697);
#2597=VERTEX_POINT('',#9713);
#2598=VERTEX_POINT('',#9715);
#2599=VERTEX_POINT('',#9732);
#2600=VERTEX_POINT('',#9735);
#2601=VERTEX_POINT('',#9740);
#2602=VERTEX_POINT('',#9763);
#2603=VERTEX_POINT('',#9816);
#2604=VERTEX_POINT('',#9817);
#2605=VERTEX_POINT('',#9819);
#2606=VERTEX_POINT('',#9821);
#2607=VERTEX_POINT('',#9825);
#2608=VERTEX_POINT('',#9827);
#2609=VERTEX_POINT('',#9836);
#2610=VERTEX_POINT('',#9838);
#2611=VERTEX_POINT('',#9854);
#2612=VERTEX_POINT('',#9856);
#2613=VERTEX_POINT('',#9870);
#2614=VERTEX_POINT('',#9891);
#2615=VERTEX_POINT('',#9895);
#2616=VERTEX_POINT('',#9911);
#2617=VERTEX_POINT('',#9913);
#2618=VERTEX_POINT('',#10034);
#2619=VERTEX_POINT('',#10051);
#2620=VERTEX_POINT('',#10121);
#2621=VERTEX_POINT('',#10123);
#2622=VERTEX_POINT('',#10173);
#2623=VERTEX_POINT('',#10174);
#2624=VERTEX_POINT('',#10185);
#2625=VERTEX_POINT('',#10187);
#2626=VERTEX_POINT('',#10192);
#2627=VERTEX_POINT('',#10203);
#2628=VERTEX_POINT('',#10205);
#2629=VERTEX_POINT('',#10207);
#2630=VERTEX_POINT('',#10209);
#2631=VERTEX_POINT('',#10211);
#2632=VERTEX_POINT('',#10213);
#2633=VERTEX_POINT('',#10224);
#2634=VERTEX_POINT('',#10228);
#2635=VERTEX_POINT('',#10239);
#2636=VERTEX_POINT('',#10243);
#2637=VERTEX_POINT('',#10245);
#2638=VERTEX_POINT('',#10261);
#2639=VERTEX_POINT('',#10272);
#2640=VERTEX_POINT('',#10289);
#2641=VERTEX_POINT('',#10291);
#2642=VERTEX_POINT('',#10295);
#2643=VERTEX_POINT('',#10297);
#2644=VERTEX_POINT('',#10301);
#2645=VERTEX_POINT('',#10303);
#2646=VERTEX_POINT('',#10305);
#2647=VERTEX_POINT('',#10307);
#2648=VERTEX_POINT('',#10309);
#2649=VERTEX_POINT('',#10312);
#2650=VERTEX_POINT('',#10314);
#2651=VERTEX_POINT('',#10316);
#2652=VERTEX_POINT('',#10318);
#2653=VERTEX_POINT('',#10320);
#2654=VERTEX_POINT('',#10323);
#2655=VERTEX_POINT('',#10325);
#2656=VERTEX_POINT('',#10327);
#2657=VERTEX_POINT('',#10329);
#2658=VERTEX_POINT('',#10331);
#2659=VERTEX_POINT('',#10334);
#2660=VERTEX_POINT('',#10340);
#2661=VERTEX_POINT('',#10346);
#2662=VERTEX_POINT('',#10352);
#2663=VERTEX_POINT('',#10358);
#2664=EDGE_CURVE('',#2157,#2158,#2068,.T.);
#2665=EDGE_CURVE('',#2158,#2159,#2069,.T.);
#2666=EDGE_CURVE('',#2160,#2159,#2060,.T.);
#2667=EDGE_CURVE('',#2160,#2161,#1202,.T.);
#2668=EDGE_CURVE('',#2157,#2161,#2061,.T.);
#2669=EDGE_CURVE('',#2162,#2163,#2070,.T.);
#2670=EDGE_CURVE('',#2163,#2164,#1203,.T.);
#2671=EDGE_CURVE('',#2164,#2165,#282,.T.);
#2672=EDGE_CURVE('',#2165,#2162,#1204,.T.);
#2673=EDGE_CURVE('',#2166,#2157,#1205,.T.);
#2674=EDGE_CURVE('',#2161,#2164,#1206,.T.);
#2675=EDGE_CURVE('',#2163,#2167,#2071,.F.);
#2676=EDGE_CURVE('',#2167,#2168,#1207,.T.);
#2677=EDGE_CURVE('',#2168,#2169,#283,.T.);
#2678=EDGE_CURVE('',#2169,#2170,#1208,.T.);
#2679=EDGE_CURVE('',#2170,#2171,#284,.T.);
#2680=EDGE_CURVE('',#2171,#2172,#1209,.T.);
#2681=EDGE_CURVE('',#2173,#2172,#2072,.T.);
#2682=EDGE_CURVE('',#2174,#2173,#1210,.T.);
#2683=EDGE_CURVE('',#2174,#2175,#1211,.T.);
#2684=EDGE_CURVE('',#2175,#2166,#2062,.T.);
#2685=EDGE_CURVE('',#2176,#2173,#2073,.F.);
#2686=EDGE_CURVE('',#2176,#2177,#1212,.T.);
#2687=EDGE_CURVE('',#2177,#2174,#285,.T.);
#2688=EDGE_CURVE('',#2178,#2176,#286,.T.);
#2689=EDGE_CURVE('',#2179,#2178,#1213,.T.);
#2690=EDGE_CURVE('',#2177,#2179,#287,.T.);
#2691=EDGE_CURVE('',#2178,#2180,#2074,.T.);
#2692=EDGE_CURVE('',#2180,#2181,#1214,.T.);
#2693=EDGE_CURVE('',#2181,#2179,#288,.T.);
#2694=EDGE_CURVE('',#2180,#2182,#2075,.F.);
#2695=EDGE_CURVE('',#2183,#2182,#1215,.T.);
#2696=EDGE_CURVE('',#2183,#2184,#289,.T.);
#2697=EDGE_CURVE('',#2184,#2185,#1216,.T.);
#2698=EDGE_CURVE('',#2185,#2186,#290,.T.);
#2699=EDGE_CURVE('',#2186,#2187,#1217,.T.);
#2700=EDGE_CURVE('',#2188,#2187,#2076,.T.);
#2701=EDGE_CURVE('',#2189,#2188,#1218,.T.);
#2702=EDGE_CURVE('',#2160,#2189,#1219,.T.);
#2703=EDGE_CURVE('',#2159,#2190,#1220,.T.);
#2704=EDGE_CURVE('',#2191,#2190,#2063,.T.);
#2705=EDGE_CURVE('',#2181,#2191,#1221,.T.);
#2706=EDGE_CURVE('',#2192,#2188,#2077,.F.);
#2707=EDGE_CURVE('',#2192,#2193,#1222,.T.);
#2708=EDGE_CURVE('',#2193,#2189,#291,.T.);
#2709=EDGE_CURVE('',#2193,#2165,#292,.T.);
#2710=EDGE_CURVE('',#2162,#2192,#293,.T.);
#2711=EDGE_CURVE('',#2176,#2178,#294,.T.);
#2712=EDGE_CURVE('',#2172,#2182,#295,.T.);
#2713=EDGE_CURVE('',#2183,#2171,#1223,.T.);
#2714=EDGE_CURVE('',#2192,#2162,#296,.T.);
#2715=EDGE_CURVE('',#2187,#2167,#297,.T.);
#2716=EDGE_CURVE('',#2186,#2168,#1224,.T.);
#2717=EDGE_CURVE('',#2194,#2194,#298,.T.);
#2718=EDGE_CURVE('',#2194,#2195,#1225,.T.);
#2719=EDGE_CURVE('',#2195,#2195,#299,.T.);
#2720=EDGE_CURVE('',#2196,#2196,#300,.T.);
#2721=EDGE_CURVE('',#2196,#2197,#1226,.T.);
#2722=EDGE_CURVE('',#2197,#2197,#301,.T.);
#2723=EDGE_CURVE('',#2190,#2198,#2078,.T.);
#2724=EDGE_CURVE('',#2198,#2166,#2079,.T.);
#2725=EDGE_CURVE('',#2199,#2199,#302,.T.);
#2726=EDGE_CURVE('',#2200,#2200,#303,.T.);
#2727=EDGE_CURVE('',#2201,#2201,#304,.T.);
#2728=EDGE_CURVE('',#2202,#2202,#305,.T.);
#2729=EDGE_CURVE('',#2203,#2203,#306,.T.);
#2730=EDGE_CURVE('',#2204,#2204,#307,.T.);
#2731=EDGE_CURVE('',#2205,#2205,#308,.T.);
#2732=EDGE_CURVE('',#2206,#2206,#309,.T.);
#2733=EDGE_CURVE('',#2207,#2207,#310,.T.);
#2734=EDGE_CURVE('',#2208,#2208,#311,.T.);
#2735=EDGE_CURVE('',#2209,#2209,#312,.T.);
#2736=EDGE_CURVE('',#2210,#2210,#313,.T.);
#2737=EDGE_CURVE('',#2211,#2211,#314,.T.);
#2738=EDGE_CURVE('',#2212,#2212,#315,.T.);
#2739=EDGE_CURVE('',#2213,#2213,#316,.T.);
#2740=EDGE_CURVE('',#2214,#2214,#317,.T.);
#2741=EDGE_CURVE('',#2214,#2207,#1227,.T.);
#2742=EDGE_CURVE('',#2200,#2213,#1228,.T.);
#2743=EDGE_CURVE('',#2215,#2215,#318,.T.);
#2744=EDGE_CURVE('',#2215,#2206,#1229,.T.);
#2745=EDGE_CURVE('',#2203,#2212,#1230,.T.);
#2746=EDGE_CURVE('',#2216,#2216,#319,.T.);
#2747=EDGE_CURVE('',#2216,#2208,#1231,.T.);
#2748=EDGE_CURVE('',#2199,#2211,#1232,.T.);
#2749=EDGE_CURVE('',#2217,#2217,#320,.T.);
#2750=EDGE_CURVE('',#2217,#2205,#1233,.T.);
#2751=EDGE_CURVE('',#2201,#2210,#1234,.T.);
#2752=EDGE_CURVE('',#2218,#2218,#321,.T.);
#2753=EDGE_CURVE('',#2218,#2204,#1235,.T.);
#2754=EDGE_CURVE('',#2202,#2209,#1236,.T.);
#2755=EDGE_CURVE('',#2191,#2175,#1237,.T.);
#2756=EDGE_CURVE('',#2184,#2170,#1238,.T.);
#2757=EDGE_CURVE('',#2185,#2169,#1239,.T.);
#2758=EDGE_CURVE('',#2219,#2220,#322,.T.);
#2759=EDGE_CURVE('',#2221,#2219,#1240,.T.);
#2760=EDGE_CURVE('',#2222,#2221,#323,.T.);
#2761=EDGE_CURVE('',#2223,#2222,#1241,.T.);
#2762=EDGE_CURVE('',#2224,#2223,#324,.T.);
#2763=EDGE_CURVE('',#2225,#2224,#1242,.T.);
#2764=EDGE_CURVE('',#2226,#2225,#325,.T.);
#2765=EDGE_CURVE('',#2227,#2226,#1243,.T.);
#2766=EDGE_CURVE('',#2228,#2227,#1244,.T.);
#2767=EDGE_CURVE('',#2229,#2228,#1245,.T.);
#2768=EDGE_CURVE('',#2220,#2229,#1246,.T.);
#2769=EDGE_CURVE('',#2230,#2224,#1247,.T.);
#2770=EDGE_CURVE('',#2230,#2231,#1248,.T.);
#2771=EDGE_CURVE('',#2231,#2232,#1249,.T.);
#2772=EDGE_CURVE('',#2233,#2232,#1250,.T.);
#2773=EDGE_CURVE('',#2233,#2225,#1251,.T.);
#2774=EDGE_CURVE('',#2223,#2234,#1252,.T.);
#2775=EDGE_CURVE('',#2234,#2230,#326,.T.);
#2776=EDGE_CURVE('',#2222,#2235,#1253,.T.);
#2777=EDGE_CURVE('',#2235,#2234,#1254,.T.);
#2778=EDGE_CURVE('',#2236,#2221,#1255,.T.);
#2779=EDGE_CURVE('',#2236,#2235,#327,.T.);
#2780=EDGE_CURVE('',#2237,#2219,#1256,.T.);
#2781=EDGE_CURVE('',#2238,#2237,#1257,.T.);
#2782=EDGE_CURVE('',#2239,#2238,#1258,.T.);
#2783=EDGE_CURVE('',#2239,#2236,#1259,.T.);
#2784=EDGE_CURVE('',#2240,#2220,#1260,.T.);
#2785=EDGE_CURVE('',#2241,#2240,#328,.T.);
#2786=EDGE_CURVE('',#2237,#2241,#27,.T.);
#2787=EDGE_CURVE('',#2231,#2242,#329,.T.);
#2788=EDGE_CURVE('',#2243,#2239,#330,.T.);
#2789=EDGE_CURVE('',#2244,#2243,#1261,.T.);
#2790=EDGE_CURVE('',#2245,#2244,#1262,.T.);
#2791=EDGE_CURVE('',#2246,#2245,#1263,.T.);
#2792=EDGE_CURVE('',#2242,#2246,#1264,.T.);
#2793=EDGE_CURVE('',#2247,#2242,#1265,.T.);
#2794=EDGE_CURVE('',#2248,#2247,#331,.T.);
#2795=EDGE_CURVE('',#2232,#2248,#28,.T.);
#2796=EDGE_CURVE('',#2229,#2249,#1266,.T.);
#2797=EDGE_CURVE('',#2249,#2240,#1267,.T.);
#2798=EDGE_CURVE('',#2226,#2250,#1268,.T.);
#2799=EDGE_CURVE('',#2250,#2251,#1269,.T.);
#2800=EDGE_CURVE('',#2251,#2252,#1270,.T.);
#2801=EDGE_CURVE('',#2252,#2253,#1271,.T.);
#2802=EDGE_CURVE('',#2253,#2254,#1272,.T.);
#2803=EDGE_CURVE('',#2254,#2255,#1273,.T.);
#2804=EDGE_CURVE('',#2255,#2256,#1274,.T.);
#2805=EDGE_CURVE('',#2256,#2247,#1275,.T.);
#2806=EDGE_CURVE('',#2227,#2246,#1276,.T.);
#2807=EDGE_CURVE('',#2257,#2257,#332,.T.);
#2808=EDGE_CURVE('',#2258,#2258,#333,.T.);
#2809=EDGE_CURVE('',#2228,#2245,#1277,.T.);
#2810=EDGE_CURVE('',#2259,#2260,#334,.T.);
#2811=EDGE_CURVE('',#2261,#2260,#1278,.T.);
#2812=EDGE_CURVE('',#2259,#2261,#29,.T.);
#2813=EDGE_CURVE('',#2262,#2263,#335,.T.);
#2814=EDGE_CURVE('',#2263,#2264,#1279,.T.);
#2815=EDGE_CURVE('',#2262,#2264,#30,.T.);
#2816=EDGE_CURVE('',#2263,#2265,#336,.T.);
#2817=EDGE_CURVE('',#2265,#2266,#1280,.T.);
#2818=EDGE_CURVE('',#2264,#2266,#31,.T.);
#2819=EDGE_CURVE('',#2267,#2268,#1281,.T.);
#2820=EDGE_CURVE('',#2269,#2268,#1282,.T.);
#2821=EDGE_CURVE('',#2233,#2269,#1283,.T.);
#2822=EDGE_CURVE('',#2232,#2266,#1284,.T.);
#2823=EDGE_CURVE('',#2265,#2270,#1285,.T.);
#2824=EDGE_CURVE('',#2270,#2271,#1286,.T.);
#2825=EDGE_CURVE('',#2271,#2238,#1287,.T.);
#2826=EDGE_CURVE('',#2272,#2237,#1288,.T.);
#2827=EDGE_CURVE('',#2272,#2267,#1289,.T.);
#2828=EDGE_CURVE('',#2248,#2262,#1290,.T.);
#2829=EDGE_CURVE('',#2256,#2273,#1291,.T.);
#2830=EDGE_CURVE('',#2273,#2274,#1292,.T.);
#2831=EDGE_CURVE('',#2275,#2274,#1293,.T.);
#2832=EDGE_CURVE('',#2275,#2276,#1294,.T.);
#2833=EDGE_CURVE('',#2277,#2276,#1295,.T.);
#2834=EDGE_CURVE('',#2277,#2278,#337,.T.);
#2835=EDGE_CURVE('',#2279,#2278,#1296,.T.);
#2836=EDGE_CURVE('',#2280,#2279,#338,.T.);
#2837=EDGE_CURVE('',#2270,#2280,#339,.T.);
#2838=EDGE_CURVE('',#2281,#2274,#1297,.T.);
#2839=EDGE_CURVE('',#2282,#2281,#1298,.T.);
#2840=EDGE_CURVE('',#2283,#2282,#1299,.T.);
#2841=EDGE_CURVE('',#2284,#2283,#1300,.T.);
#2842=EDGE_CURVE('',#2285,#2284,#1301,.T.);
#2843=EDGE_CURVE('',#2285,#2286,#1302,.T.);
#2844=EDGE_CURVE('',#2275,#2286,#1303,.T.);
#2845=EDGE_CURVE('',#2276,#2244,#1304,.T.);
#2846=EDGE_CURVE('',#2286,#2249,#1305,.T.);
#2847=EDGE_CURVE('',#2283,#2287,#1306,.T.);
#2848=EDGE_CURVE('',#2288,#2287,#1307,.T.);
#2849=EDGE_CURVE('',#2284,#2288,#1308,.T.);
#2850=EDGE_CURVE('',#2289,#2282,#1309,.T.);
#2851=EDGE_CURVE('',#2287,#2289,#1310,.T.);
#2852=EDGE_CURVE('',#2288,#2290,#1311,.T.);
#2853=EDGE_CURVE('',#2290,#2281,#1312,.T.);
#2854=EDGE_CURVE('',#2291,#2273,#1313,.T.);
#2855=EDGE_CURVE('',#2292,#2291,#1314,.T.);
#2856=EDGE_CURVE('',#2293,#2292,#1315,.T.);
#2857=EDGE_CURVE('',#2294,#2293,#1316,.T.);
#2858=EDGE_CURVE('',#2295,#2294,#1317,.T.);
#2859=EDGE_CURVE('',#2285,#2295,#1318,.T.);
#2860=EDGE_CURVE('',#2290,#2289,#1319,.T.);
#2861=EDGE_CURVE('',#2243,#2277,#1320,.T.);
#2862=EDGE_CURVE('',#2253,#2293,#1321,.T.);
#2863=EDGE_CURVE('',#2254,#2292,#1322,.T.);
#2864=EDGE_CURVE('',#2294,#2252,#1323,.T.);
#2865=EDGE_CURVE('',#2255,#2291,#1324,.T.);
#2866=EDGE_CURVE('',#2251,#2295,#1325,.T.);
#2867=EDGE_CURVE('',#2278,#2238,#32,.T.);
#2868=EDGE_CURVE('',#2296,#2233,#33,.T.);
#2869=EDGE_CURVE('',#2250,#2296,#340,.T.);
#2870=EDGE_CURVE('',#2280,#2297,#1326,.T.);
#2871=EDGE_CURVE('',#2271,#2297,#34,.T.);
#2872=EDGE_CURVE('',#2260,#2267,#341,.T.);
#2873=EDGE_CURVE('',#2261,#2272,#35,.T.);
#2874=EDGE_CURVE('',#2297,#2279,#36,.T.);
#2875=EDGE_CURVE('',#2298,#2299,#342,.T.);
#2876=EDGE_CURVE('',#2300,#2299,#37,.T.);
#2877=EDGE_CURVE('',#2300,#2298,#1327,.T.);
#2878=EDGE_CURVE('',#2268,#2298,#343,.T.);
#2879=EDGE_CURVE('',#2269,#2300,#38,.T.);
#2880=EDGE_CURVE('',#2296,#2299,#1328,.T.);
#2881=EDGE_CURVE('',#2259,#2241,#1329,.T.);
#2882=EDGE_CURVE('',#2257,#2301,#1330,.T.);
#2883=EDGE_CURVE('',#2301,#2301,#344,.T.);
#2884=EDGE_CURVE('',#2258,#2302,#1331,.T.);
#2885=EDGE_CURVE('',#2302,#2302,#345,.T.);
#2886=EDGE_CURVE('',#2303,#2304,#39,.F.);
#2887=EDGE_CURVE('',#2304,#2305,#1332,.T.);
#2888=EDGE_CURVE('',#2305,#2306,#2080,.F.);
#2889=EDGE_CURVE('',#2307,#2306,#40,.T.);
#2890=EDGE_CURVE('',#2307,#2308,#1333,.T.);
#2891=EDGE_CURVE('',#2308,#2309,#41,.T.);
#2892=EDGE_CURVE('',#2303,#2309,#2081,.T.);
#2893=EDGE_CURVE('',#2309,#2310,#1334,.T.);
#2894=EDGE_CURVE('',#2308,#2311,#1335,.T.);
#2895=EDGE_CURVE('',#2311,#2312,#1336,.T.);
#2896=EDGE_CURVE('',#2313,#2312,#346,.T.);
#2897=EDGE_CURVE('',#2314,#2313,#1337,.T.);
#2898=EDGE_CURVE('',#2315,#2314,#1338,.T.);
#2899=EDGE_CURVE('',#2316,#2315,#1339,.T.);
#2900=EDGE_CURVE('',#2317,#2316,#1340,.T.);
#2901=EDGE_CURVE('',#2318,#2317,#347,.T.);
#2902=EDGE_CURVE('',#2319,#2318,#1341,.T.);
#2903=EDGE_CURVE('',#2320,#2319,#348,.T.);
#2904=EDGE_CURVE('',#2321,#2320,#1342,.T.);
#2905=EDGE_CURVE('',#2322,#2321,#349,.T.);
#2906=EDGE_CURVE('',#2323,#2322,#1343,.T.);
#2907=EDGE_CURVE('',#2310,#2323,#350,.T.);
#2908=EDGE_CURVE('',#2324,#2307,#1344,.T.);
#2909=EDGE_CURVE('',#2325,#2324,#1345,.T.);
#2910=EDGE_CURVE('',#2326,#2325,#1346,.T.);
#2911=EDGE_CURVE('',#2311,#2326,#42,.T.);
#2912=EDGE_CURVE('',#2327,#2328,#351,.T.);
#2913=EDGE_CURVE('',#2328,#2303,#1347,.T.);
#2914=EDGE_CURVE('',#2310,#2329,#2082,.T.);
#2915=EDGE_CURVE('',#2329,#2327,#1348,.T.);
#2916=EDGE_CURVE('',#2330,#2330,#2083,.T.);
#2917=EDGE_CURVE('',#2328,#2331,#1349,.T.);
#2918=EDGE_CURVE('',#2331,#2332,#1350,.T.);
#2919=EDGE_CURVE('',#2332,#2333,#1351,.T.);
#2920=EDGE_CURVE('',#2333,#2334,#1352,.T.);
#2921=EDGE_CURVE('',#2334,#2335,#1353,.T.);
#2922=EDGE_CURVE('',#2336,#2335,#1354,.T.);
#2923=EDGE_CURVE('',#2336,#2337,#43,.T.);
#2924=EDGE_CURVE('',#2304,#2337,#1355,.T.);
#2925=EDGE_CURVE('',#2327,#2338,#1356,.T.);
#2926=EDGE_CURVE('',#2338,#2339,#1357,.T.);
#2927=EDGE_CURVE('',#2339,#2331,#1358,.T.);
#2928=EDGE_CURVE('',#2329,#2340,#352,.T.);
#2929=EDGE_CURVE('',#2340,#2341,#1359,.T.);
#2930=EDGE_CURVE('',#2342,#2341,#353,.T.);
#2931=EDGE_CURVE('',#2343,#2342,#354,.T.);
#2932=EDGE_CURVE('',#2344,#2343,#1360,.T.);
#2933=EDGE_CURVE('',#2345,#2344,#355,.T.);
#2934=EDGE_CURVE('',#2346,#2345,#356,.T.);
#2935=EDGE_CURVE('',#2346,#2347,#1361,.T.);
#2936=EDGE_CURVE('',#2347,#2348,#357,.T.);
#2937=EDGE_CURVE('',#2349,#2348,#1362,.T.);
#2938=EDGE_CURVE('',#2350,#2349,#1363,.T.);
#2939=EDGE_CURVE('',#2351,#2350,#1364,.T.);
#2940=EDGE_CURVE('',#2351,#2338,#1365,.T.);
#2941=EDGE_CURVE('',#2352,#2323,#1366,.T.);
#2942=EDGE_CURVE('',#2340,#2352,#44,.T.);
#2943=EDGE_CURVE('',#2330,#2353,#1367,.T.);
#2944=EDGE_CURVE('',#2353,#2353,#358,.T.);
#2945=EDGE_CURVE('',#2354,#2355,#2084,.T.);
#2946=EDGE_CURVE('',#2354,#2337,#1368,.T.);
#2947=EDGE_CURVE('',#2336,#2356,#2085,.F.);
#2948=EDGE_CURVE('',#2356,#2357,#45,.T.);
#2949=EDGE_CURVE('',#2357,#2358,#1369,.T.);
#2950=EDGE_CURVE('',#2358,#2355,#46,.F.);
#2951=EDGE_CURVE('',#2359,#2357,#1370,.T.);
#2952=EDGE_CURVE('',#2360,#2359,#47,.T.);
#2953=EDGE_CURVE('',#2361,#2360,#1371,.T.);
#2954=EDGE_CURVE('',#2362,#2361,#1372,.T.);
#2955=EDGE_CURVE('',#2362,#2358,#1373,.T.);
#2956=EDGE_CURVE('',#2356,#2363,#1374,.T.);
#2957=EDGE_CURVE('',#2364,#2363,#359,.T.);
#2958=EDGE_CURVE('',#2365,#2364,#1375,.T.);
#2959=EDGE_CURVE('',#2366,#2365,#360,.T.);
#2960=EDGE_CURVE('',#2367,#2366,#1376,.T.);
#2961=EDGE_CURVE('',#2368,#2367,#361,.T.);
#2962=EDGE_CURVE('',#2369,#2368,#1377,.T.);
#2963=EDGE_CURVE('',#2370,#2369,#362,.T.);
#2964=EDGE_CURVE('',#2371,#2370,#1378,.T.);
#2965=EDGE_CURVE('',#2372,#2371,#1379,.T.);
#2966=EDGE_CURVE('',#2373,#2372,#1380,.T.);
#2967=EDGE_CURVE('',#2374,#2373,#1381,.T.);
#2968=EDGE_CURVE('',#2375,#2374,#363,.T.);
#2969=EDGE_CURVE('',#2359,#2375,#2086,.T.);
#2970=EDGE_CURVE('',#2376,#2363,#2087,.T.);
#2971=EDGE_CURVE('',#2335,#2377,#364,.T.);
#2972=EDGE_CURVE('',#2377,#2376,#1382,.T.);
#2973=EDGE_CURVE('',#2378,#2378,#2088,.T.);
#2974=EDGE_CURVE('',#2334,#2379,#1383,.T.);
#2975=EDGE_CURVE('',#2379,#2380,#1384,.T.);
#2976=EDGE_CURVE('',#2377,#2380,#1385,.T.);
#2977=EDGE_CURVE('',#2378,#2381,#1386,.T.);
#2978=EDGE_CURVE('',#2381,#2381,#365,.T.);
#2979=EDGE_CURVE('',#2313,#2382,#366,.T.);
#2980=EDGE_CURVE('',#2382,#2383,#1387,.T.);
#2981=EDGE_CURVE('',#2383,#2314,#48,.T.);
#2982=EDGE_CURVE('',#2384,#2382,#367,.T.);
#2983=EDGE_CURVE('',#2312,#2384,#2089,.T.);
#2984=EDGE_CURVE('',#2385,#2386,#1388,.T.);
#2985=EDGE_CURVE('',#2386,#2326,#368,.T.);
#2986=EDGE_CURVE('',#2325,#2385,#49,.T.);
#2987=EDGE_CURVE('',#2386,#2384,#50,.T.);
#2988=EDGE_CURVE('',#2324,#2387,#369,.T.);
#2989=EDGE_CURVE('',#2387,#2388,#1389,.T.);
#2990=EDGE_CURVE('',#2388,#2385,#51,.T.);
#2991=EDGE_CURVE('',#2383,#2389,#1390,.T.);
#2992=EDGE_CURVE('',#2389,#2315,#52,.T.);
#2993=EDGE_CURVE('',#2390,#2391,#2090,.T.);
#2994=EDGE_CURVE('',#2391,#2387,#2091,.T.);
#2995=EDGE_CURVE('',#2392,#2324,#1391,.T.);
#2996=EDGE_CURVE('',#2393,#2392,#1392,.T.);
#2997=EDGE_CURVE('',#2393,#2394,#2092,.T.);
#2998=EDGE_CURVE('',#2394,#2390,#2093,.T.);
#2999=EDGE_CURVE('',#2389,#2395,#1393,.T.);
#3000=EDGE_CURVE('',#2372,#2395,#53,.T.);
#3001=EDGE_CURVE('',#2396,#2371,#1394,.T.);
#3002=EDGE_CURVE('',#2397,#2396,#1395,.T.);
#3003=EDGE_CURVE('',#2397,#2350,#1396,.T.);
#3004=EDGE_CURVE('',#2316,#2349,#1397,.T.);
#3005=EDGE_CURVE('',#2383,#2398,#1398,.T.);
#3006=EDGE_CURVE('',#2398,#2399,#1399,.T.);
#3007=EDGE_CURVE('',#2399,#2400,#1400,.T.);
#3008=EDGE_CURVE('',#2395,#2400,#1401,.T.);
#3009=EDGE_CURVE('',#2382,#2401,#1402,.T.);
#3010=EDGE_CURVE('',#2401,#2398,#1403,.T.);
#3011=EDGE_CURVE('',#2386,#2402,#1404,.T.);
#3012=EDGE_CURVE('',#2402,#2403,#54,.T.);
#3013=EDGE_CURVE('',#2403,#2401,#370,.T.);
#3014=EDGE_CURVE('',#2388,#2404,#1405,.T.);
#3015=EDGE_CURVE('',#2404,#2402,#1406,.T.);
#3016=EDGE_CURVE('',#2405,#2391,#1407,.T.);
#3017=EDGE_CURVE('',#2405,#2406,#1408,.T.);
#3018=EDGE_CURVE('',#2406,#2404,#1409,.T.);
#3019=EDGE_CURVE('',#2407,#2390,#2094,.T.);
#3020=EDGE_CURVE('',#2407,#2405,#1410,.T.);
#3021=EDGE_CURVE('',#2408,#2394,#2064,.T.);
#3022=EDGE_CURVE('',#2409,#2408,#1411,.T.);
#3023=EDGE_CURVE('',#2409,#2410,#2065,.T.);
#3024=EDGE_CURVE('',#2411,#2410,#2095,.T.);
#3025=EDGE_CURVE('',#2411,#2412,#2096,.T.);
#3026=EDGE_CURVE('',#2412,#2413,#2097,.T.);
#3027=EDGE_CURVE('',#2413,#2414,#2098,.T.);
#3028=EDGE_CURVE('',#2414,#2407,#2099,.T.);
#3029=EDGE_CURVE('',#2415,#2416,#1412,.T.);
#3030=EDGE_CURVE('',#2416,#2362,#371,.T.);
#3031=EDGE_CURVE('',#2361,#2417,#55,.T.);
#3032=EDGE_CURVE('',#2417,#2415,#56,.T.);
#3033=EDGE_CURVE('',#2360,#2418,#372,.T.);
#3034=EDGE_CURVE('',#2418,#2417,#1413,.T.);
#3035=EDGE_CURVE('',#2419,#2418,#57,.T.);
#3036=EDGE_CURVE('',#2375,#2419,#2100,.T.);
#3037=EDGE_CURVE('',#2400,#2420,#1414,.T.);
#3038=EDGE_CURVE('',#2420,#2374,#373,.T.);
#3039=EDGE_CURVE('',#2373,#2400,#58,.T.);
#3040=EDGE_CURVE('',#2420,#2419,#374,.T.);
#3041=EDGE_CURVE('',#2410,#2421,#2101,.T.);
#3042=EDGE_CURVE('',#2421,#2422,#1415,.T.);
#3043=EDGE_CURVE('',#2422,#2362,#1416,.T.);
#3044=EDGE_CURVE('',#2416,#2423,#2102,.T.);
#3045=EDGE_CURVE('',#2423,#2411,#2103,.T.);
#3046=EDGE_CURVE('',#2424,#2409,#1417,.T.);
#3047=EDGE_CURVE('',#2425,#2424,#1418,.T.);
#3048=EDGE_CURVE('',#2425,#2426,#2104,.F.);
#3049=EDGE_CURVE('',#2427,#2426,#1419,.T.);
#3050=EDGE_CURVE('',#2427,#2428,#375,.T.);
#3051=EDGE_CURVE('',#2428,#2429,#1420,.T.);
#3052=EDGE_CURVE('',#2429,#2430,#376,.T.);
#3053=EDGE_CURVE('',#2430,#2431,#1421,.T.);
#3054=EDGE_CURVE('',#2432,#2431,#2105,.T.);
#3055=EDGE_CURVE('',#2433,#2432,#1422,.T.);
#3056=EDGE_CURVE('',#2434,#2433,#1423,.T.);
#3057=EDGE_CURVE('',#2434,#2435,#2066,.T.);
#3058=EDGE_CURVE('',#2355,#2435,#2106,.T.);
#3059=EDGE_CURVE('',#2436,#2399,#377,.T.);
#3060=EDGE_CURVE('',#2399,#2437,#1424,.T.);
#3061=EDGE_CURVE('',#2438,#2437,#378,.T.);
#3062=EDGE_CURVE('',#2439,#2438,#1425,.T.);
#3063=EDGE_CURVE('',#2439,#2436,#1426,.T.);
#3064=EDGE_CURVE('',#2440,#2439,#1427,.T.);
#3065=EDGE_CURVE('',#2441,#2440,#1428,.T.);
#3066=EDGE_CURVE('',#2442,#2441,#1429,.T.);
#3067=EDGE_CURVE('',#2443,#2442,#1430,.T.);
#3068=EDGE_CURVE('',#2444,#2443,#1431,.T.);
#3069=EDGE_CURVE('',#2445,#2444,#1432,.T.);
#3070=EDGE_CURVE('',#2446,#2445,#1433,.T.);
#3071=EDGE_CURVE('',#2447,#2446,#1434,.T.);
#3072=EDGE_CURVE('',#2448,#2447,#1435,.T.);
#3073=EDGE_CURVE('',#2449,#2448,#379,.T.);
#3074=EDGE_CURVE('',#2436,#2449,#1436,.T.);
#3075=EDGE_CURVE('',#2449,#2420,#1437,.T.);
#3076=EDGE_CURVE('',#2365,#2322,#1438,.T.);
#3077=EDGE_CURVE('',#2364,#2450,#1439,.T.);
#3078=EDGE_CURVE('',#2352,#2450,#1440,.T.);
#3079=EDGE_CURVE('',#2321,#2366,#1441,.T.);
#3080=EDGE_CURVE('',#2320,#2367,#1442,.T.);
#3081=EDGE_CURVE('',#2368,#2319,#1443,.T.);
#3082=EDGE_CURVE('',#2451,#2318,#1444,.T.);
#3083=EDGE_CURVE('',#2452,#2451,#1445,.T.);
#3084=EDGE_CURVE('',#2369,#2452,#1446,.T.);
#3085=EDGE_CURVE('',#2348,#2317,#1447,.T.);
#3086=EDGE_CURVE('',#2451,#2347,#59,.T.);
#3087=EDGE_CURVE('',#2453,#2376,#380,.T.);
#3088=EDGE_CURVE('',#2450,#2453,#60,.T.);
#3089=EDGE_CURVE('',#2454,#2345,#1448,.T.);
#3090=EDGE_CURVE('',#2346,#2454,#61,.T.);
#3091=EDGE_CURVE('',#2455,#2456,#381,.T.);
#3092=EDGE_CURVE('',#2456,#2457,#1449,.T.);
#3093=EDGE_CURVE('',#2455,#2457,#62,.T.);
#3094=EDGE_CURVE('',#2456,#2458,#382,.T.);
#3095=EDGE_CURVE('',#2458,#2459,#1450,.T.);
#3096=EDGE_CURVE('',#2457,#2459,#63,.T.);
#3097=EDGE_CURVE('',#2460,#2343,#1451,.T.);
#3098=EDGE_CURVE('',#2352,#2460,#1452,.T.);
#3099=EDGE_CURVE('',#2450,#2459,#1453,.T.);
#3100=EDGE_CURVE('',#2458,#2461,#1454,.T.);
#3101=EDGE_CURVE('',#2461,#2462,#1455,.T.);
#3102=EDGE_CURVE('',#2462,#2452,#1456,.T.);
#3103=EDGE_CURVE('',#2463,#2451,#1457,.T.);
#3104=EDGE_CURVE('',#2463,#2344,#1458,.T.);
#3105=EDGE_CURVE('',#2380,#2464,#1459,.T.);
#3106=EDGE_CURVE('',#2397,#2464,#1460,.T.);
#3107=EDGE_CURVE('',#2465,#2396,#1461,.T.);
#3108=EDGE_CURVE('',#2465,#2466,#383,.T.);
#3109=EDGE_CURVE('',#2467,#2466,#1462,.T.);
#3110=EDGE_CURVE('',#2468,#2467,#384,.T.);
#3111=EDGE_CURVE('',#2461,#2468,#385,.T.);
#3112=EDGE_CURVE('',#2453,#2455,#1463,.T.);
#3113=EDGE_CURVE('',#2469,#2464,#1464,.T.);
#3114=EDGE_CURVE('',#2470,#2469,#1465,.T.);
#3115=EDGE_CURVE('',#2471,#2470,#1466,.T.);
#3116=EDGE_CURVE('',#2472,#2471,#1467,.T.);
#3117=EDGE_CURVE('',#2351,#2472,#1468,.T.);
#3118=EDGE_CURVE('',#2471,#2473,#1469,.T.);
#3119=EDGE_CURVE('',#2474,#2473,#1470,.T.);
#3120=EDGE_CURVE('',#2472,#2474,#1471,.T.);
#3121=EDGE_CURVE('',#2475,#2470,#1472,.T.);
#3122=EDGE_CURVE('',#2473,#2475,#1473,.T.);
#3123=EDGE_CURVE('',#2474,#2476,#1474,.T.);
#3124=EDGE_CURVE('',#2476,#2469,#1475,.T.);
#3125=EDGE_CURVE('',#2477,#2379,#1476,.T.);
#3126=EDGE_CURVE('',#2478,#2477,#1477,.T.);
#3127=EDGE_CURVE('',#2339,#2478,#1478,.T.);
#3128=EDGE_CURVE('',#2476,#2475,#1479,.T.);
#3129=EDGE_CURVE('',#2370,#2465,#1480,.T.);
#3130=EDGE_CURVE('',#2332,#2478,#1481,.T.);
#3131=EDGE_CURVE('',#2333,#2477,#1482,.T.);
#3132=EDGE_CURVE('',#2466,#2452,#64,.T.);
#3133=EDGE_CURVE('',#2468,#2479,#1483,.T.);
#3134=EDGE_CURVE('',#2462,#2479,#65,.T.);
#3135=EDGE_CURVE('',#2454,#2463,#66,.T.);
#3136=EDGE_CURVE('',#2479,#2467,#67,.T.);
#3137=EDGE_CURVE('',#2480,#2341,#68,.T.);
#3138=EDGE_CURVE('',#2480,#2342,#1484,.T.);
#3139=EDGE_CURVE('',#2460,#2480,#69,.T.);
#3140=EDGE_CURVE('',#2481,#2482,#1485,.T.);
#3141=EDGE_CURVE('',#2483,#2481,#386,.T.);
#3142=EDGE_CURVE('',#2484,#2483,#1486,.T.);
#3143=EDGE_CURVE('',#2482,#2484,#387,.T.);
#3144=EDGE_CURVE('',#2485,#2486,#1487,.T.);
#3145=EDGE_CURVE('',#2487,#2485,#388,.T.);
#3146=EDGE_CURVE('',#2488,#2487,#1488,.T.);
#3147=EDGE_CURVE('',#2486,#2488,#389,.T.);
#3148=EDGE_CURVE('',#2489,#2490,#390,.T.);
#3149=EDGE_CURVE('',#2491,#2489,#1489,.T.);
#3150=EDGE_CURVE('',#2492,#2491,#391,.T.);
#3151=EDGE_CURVE('',#2490,#2492,#1490,.T.);
#3152=EDGE_CURVE('',#2493,#2488,#392,.T.);
#3153=EDGE_CURVE('',#2494,#2493,#1491,.T.);
#3154=EDGE_CURVE('',#2495,#2494,#1492,.T.);
#3155=EDGE_CURVE('',#2496,#2495,#1493,.T.);
#3156=EDGE_CURVE('',#2486,#2496,#393,.T.);
#3157=EDGE_CURVE('',#2497,#2491,#394,.T.);
#3158=EDGE_CURVE('',#2498,#2497,#1494,.T.);
#3159=EDGE_CURVE('',#2499,#2498,#1495,.T.);
#3160=EDGE_CURVE('',#2500,#2499,#1496,.T.);
#3161=EDGE_CURVE('',#2492,#2500,#395,.T.);
#3162=EDGE_CURVE('',#2501,#2481,#396,.T.);
#3163=EDGE_CURVE('',#2502,#2501,#1497,.T.);
#3164=EDGE_CURVE('',#2503,#2502,#1498,.T.);
#3165=EDGE_CURVE('',#2504,#2503,#1499,.T.);
#3166=EDGE_CURVE('',#2483,#2504,#397,.T.);
#3167=EDGE_CURVE('',#2505,#2506,#1500,.T.);
#3168=EDGE_CURVE('',#2507,#2505,#398,.T.);
#3169=EDGE_CURVE('',#2508,#2507,#1501,.T.);
#3170=EDGE_CURVE('',#2506,#2508,#399,.T.);
#3171=EDGE_CURVE('',#2508,#2509,#1502,.T.);
#3172=EDGE_CURVE('',#2510,#2509,#400,.T.);
#3173=EDGE_CURVE('',#2511,#2510,#1503,.T.);
#3174=EDGE_CURVE('',#2512,#2511,#1504,.T.);
#3175=EDGE_CURVE('',#2513,#2512,#1505,.T.);
#3176=EDGE_CURVE('',#2514,#2513,#401,.T.);
#3177=EDGE_CURVE('',#2514,#2506,#1506,.T.);
#3178=EDGE_CURVE('',#2515,#2507,#1507,.T.);
#3179=EDGE_CURVE('',#2509,#2515,#1508,.T.);
#3180=EDGE_CURVE('',#2516,#2517,#2107,.T.);
#3181=EDGE_CURVE('',#2518,#2516,#402,.T.);
#3182=EDGE_CURVE('',#2519,#2518,#2108,.T.);
#3183=EDGE_CURVE('',#2520,#2519,#403,.T.);
#3184=EDGE_CURVE('',#2521,#2520,#2109,.T.);
#3185=EDGE_CURVE('',#2522,#2521,#2110,.T.);
#3186=EDGE_CURVE('',#2517,#2522,#404,.T.);
#3187=EDGE_CURVE('',#2523,#2524,#2111,.T.);
#3188=EDGE_CURVE('',#2525,#2523,#2112,.T.);
#3189=EDGE_CURVE('',#2526,#2525,#405,.T.);
#3190=EDGE_CURVE('',#2527,#2526,#2113,.T.);
#3191=EDGE_CURVE('',#2524,#2527,#406,.T.);
#3192=EDGE_CURVE('',#2528,#2529,#1509,.T.);
#3193=EDGE_CURVE('',#2530,#2528,#407,.T.);
#3194=EDGE_CURVE('',#2531,#2530,#2114,.T.);
#3195=EDGE_CURVE('',#2532,#2531,#1510,.T.);
#3196=EDGE_CURVE('',#2529,#2532,#408,.T.);
#3197=EDGE_CURVE('',#2533,#2528,#1511,.T.);
#3198=EDGE_CURVE('',#2534,#2533,#70,.T.);
#3199=EDGE_CURVE('',#2535,#2534,#1512,.T.);
#3200=EDGE_CURVE('',#2536,#2535,#1513,.T.);
#3201=EDGE_CURVE('',#2537,#2536,#1514,.T.);
#3202=EDGE_CURVE('',#2530,#2537,#71,.T.);
#3203=EDGE_CURVE('',#2538,#2531,#1515,.T.);
#3204=EDGE_CURVE('',#2538,#2532,#1516,.T.);
#3205=EDGE_CURVE('',#2529,#2539,#1517,.T.);
#3206=EDGE_CURVE('',#2533,#2539,#1518,.T.);
#3207=EDGE_CURVE('',#2540,#2538,#72,.T.);
#3208=EDGE_CURVE('',#2540,#2541,#1519,.T.);
#3209=EDGE_CURVE('',#2541,#2512,#73,.T.);
#3210=EDGE_CURVE('',#2511,#2542,#1520,.F.);
#3211=EDGE_CURVE('',#2542,#2539,#74,.F.);
#3212=EDGE_CURVE('',#2543,#2525,#75,.T.);
#3213=EDGE_CURVE('',#2544,#2543,#1521,.T.);
#3214=EDGE_CURVE('',#2545,#2544,#1522,.T.);
#3215=EDGE_CURVE('',#2546,#2545,#1523,.T.);
#3216=EDGE_CURVE('',#2526,#2546,#76,.T.);
#3217=EDGE_CURVE('',#2547,#2523,#2115,.T.);
#3218=EDGE_CURVE('',#2547,#2548,#1524,.T.);
#3219=EDGE_CURVE('',#2543,#2548,#2116,.T.);
#3220=EDGE_CURVE('',#2549,#2519,#2117,.T.);
#3221=EDGE_CURVE('',#2550,#2549,#1525,.T.);
#3222=EDGE_CURVE('',#2551,#2550,#1526,.T.);
#3223=EDGE_CURVE('',#2520,#2551,#1527,.T.);
#3224=EDGE_CURVE('',#2552,#2518,#2118,.F.);
#3225=EDGE_CURVE('',#2552,#2549,#2119,.T.);
#3226=EDGE_CURVE('',#2553,#2516,#1528,.T.);
#3227=EDGE_CURVE('',#2554,#2553,#1529,.T.);
#3228=EDGE_CURVE('',#2552,#2554,#1530,.T.);
#3229=EDGE_CURVE('',#2555,#2556,#1531,.T.);
#3230=EDGE_CURVE('',#2556,#2557,#2120,.T.);
#3231=EDGE_CURVE('',#2557,#2558,#1532,.T.);
#3232=EDGE_CURVE('',#2558,#2555,#77,.T.);
#3233=EDGE_CURVE('',#2558,#2559,#1533,.T.);
#3234=EDGE_CURVE('',#2559,#2560,#2121,.T.);
#3235=EDGE_CURVE('',#2561,#2560,#2122,.F.);
#3236=EDGE_CURVE('',#2561,#2555,#1534,.T.);
#3237=EDGE_CURVE('',#2505,#2562,#1535,.T.);
#3238=EDGE_CURVE('',#2556,#2562,#409,.T.);
#3239=EDGE_CURVE('',#2563,#2555,#1536,.T.);
#3240=EDGE_CURVE('',#2564,#2563,#1537,.T.);
#3241=EDGE_CURVE('',#2515,#2564,#410,.T.);
#3242=EDGE_CURVE('',#2565,#2485,#411,.T.);
#3243=EDGE_CURVE('',#2563,#2565,#1538,.T.);
#3244=EDGE_CURVE('',#2487,#2561,#412,.T.);
#3245=EDGE_CURVE('',#2566,#2541,#78,.T.);
#3246=EDGE_CURVE('',#2566,#2567,#1539,.T.);
#3247=EDGE_CURVE('',#2567,#2568,#2123,.T.);
#3248=EDGE_CURVE('',#2513,#2568,#2124,.F.);
#3249=EDGE_CURVE('',#2569,#2566,#1540,.T.);
#3250=EDGE_CURVE('',#2567,#2569,#413,.T.);
#3251=EDGE_CURVE('',#2570,#2557,#1541,.T.);
#3252=EDGE_CURVE('',#2559,#2570,#414,.T.);
#3253=EDGE_CURVE('',#2571,#2540,#2125,.T.);
#3254=EDGE_CURVE('',#2571,#2572,#1542,.T.);
#3255=EDGE_CURVE('',#2572,#2573,#415,.T.);
#3256=EDGE_CURVE('',#2573,#2569,#2126,.T.);
#3257=EDGE_CURVE('',#2548,#2571,#1543,.T.);
#3258=EDGE_CURVE('',#2574,#2547,#1544,.T.);
#3259=EDGE_CURVE('',#2575,#2574,#1545,.T.);
#3260=EDGE_CURVE('',#2576,#2575,#1546,.T.);
#3261=EDGE_CURVE('',#2576,#2577,#1547,.T.);
#3262=EDGE_CURVE('',#2578,#2577,#1548,.F.);
#3263=EDGE_CURVE('',#2579,#2578,#1549,.T.);
#3264=EDGE_CURVE('',#2572,#2579,#1550,.T.);
#3265=EDGE_CURVE('',#2548,#2537,#2127,.T.);
#3266=EDGE_CURVE('',#2562,#2514,#1551,.T.);
#3267=EDGE_CURVE('',#2568,#2570,#2128,.T.);
#3268=EDGE_CURVE('',#2564,#2510,#1552,.T.);
#3269=EDGE_CURVE('',#2496,#2565,#1553,.T.);
#3270=EDGE_CURVE('',#2495,#2580,#1554,.F.);
#3271=EDGE_CURVE('',#2580,#2581,#1555,.T.);
#3272=EDGE_CURVE('',#2500,#2581,#1556,.T.);
#3273=EDGE_CURVE('',#2499,#2582,#1557,.F.);
#3274=EDGE_CURVE('',#2582,#2583,#1558,.T.);
#3275=EDGE_CURVE('',#2504,#2583,#1559,.T.);
#3276=EDGE_CURVE('',#2503,#2584,#1560,.F.);
#3277=EDGE_CURVE('',#2584,#2398,#1561,.F.);
#3278=EDGE_CURVE('',#2542,#2403,#1562,.F.);
#3279=EDGE_CURVE('',#2576,#2585,#416,.T.);
#3280=EDGE_CURVE('',#2575,#2586,#2129,.T.);
#3281=EDGE_CURVE('',#2586,#2585,#1563,.T.);
#3282=EDGE_CURVE('',#2587,#2586,#79,.T.);
#3283=EDGE_CURVE('',#2588,#2587,#2130,.T.);
#3284=EDGE_CURVE('',#2589,#2588,#1564,.T.);
#3285=EDGE_CURVE('',#2585,#2589,#1565,.T.);
#3286=EDGE_CURVE('',#2590,#2551,#417,.T.);
#3287=EDGE_CURVE('',#2574,#2590,#1566,.T.);
#3288=EDGE_CURVE('',#2574,#2521,#2131,.T.);
#3289=EDGE_CURVE('',#2591,#2536,#418,.T.);
#3290=EDGE_CURVE('',#2548,#2591,#1567,.T.);
#3291=EDGE_CURVE('',#2524,#2592,#1568,.T.);
#3292=EDGE_CURVE('',#2593,#2592,#419,.T.);
#3293=EDGE_CURVE('',#2547,#2593,#1569,.T.);
#3294=EDGE_CURVE('',#2594,#2527,#80,.T.);
#3295=EDGE_CURVE('',#2595,#2594,#1570,.T.);
#3296=EDGE_CURVE('',#2592,#2595,#1571,.T.);
#3297=EDGE_CURVE('',#2544,#2591,#420,.T.);
#3298=EDGE_CURVE('',#2545,#2535,#1572,.T.);
#3299=EDGE_CURVE('',#2517,#2596,#1573,.T.);
#3300=EDGE_CURVE('',#2596,#2547,#2132,.T.);
#3301=EDGE_CURVE('',#2553,#2593,#421,.T.);
#3302=EDGE_CURVE('',#2554,#2595,#1574,.T.);
#3303=EDGE_CURVE('',#2597,#2590,#422,.T.);
#3304=EDGE_CURVE('',#2597,#2598,#1575,.T.);
#3305=EDGE_CURVE('',#2598,#2574,#2133,.T.);
#3306=EDGE_CURVE('',#2542,#2534,#1576,.T.);
#3307=EDGE_CURVE('',#2546,#2594,#1577,.T.);
#3308=EDGE_CURVE('',#2599,#2406,#1578,.T.);
#3309=EDGE_CURVE('',#2599,#2589,#1579,.T.);
#3310=EDGE_CURVE('',#2600,#2588,#2134,.T.);
#3311=EDGE_CURVE('',#2600,#2601,#1580,.T.);
#3312=EDGE_CURVE('',#2601,#2550,#1581,.T.);
#3313=EDGE_CURVE('',#2602,#2587,#1582,.T.);
#3314=EDGE_CURVE('',#2600,#2602,#2135,.F.);
#3315=EDGE_CURVE('',#2598,#2602,#81,.T.);
#3316=EDGE_CURVE('',#2596,#2522,#82,.T.);
#3317=EDGE_CURVE('',#2603,#2604,#1583,.T.);
#3318=EDGE_CURVE('',#2605,#2603,#1584,.T.);
#3319=EDGE_CURVE('',#2606,#2605,#1585,.T.);
#3320=EDGE_CURVE('',#2606,#2604,#1586,.T.);
#3321=EDGE_CURVE('',#2607,#2413,#1587,.T.);
#3322=EDGE_CURVE('',#2608,#2607,#2136,.T.);
#3323=EDGE_CURVE('',#2608,#2414,#1588,.T.);
#3324=EDGE_CURVE('',#2604,#2609,#423,.T.);
#3325=EDGE_CURVE('',#2610,#2609,#2137,.T.);
#3326=EDGE_CURVE('',#2610,#2603,#424,.F.);
#3327=EDGE_CURVE('',#2609,#2608,#2138,.T.);
#3328=EDGE_CURVE('',#2611,#2606,#425,.T.);
#3329=EDGE_CURVE('',#2612,#2611,#2139,.F.);
#3330=EDGE_CURVE('',#2612,#2599,#1589,.T.);
#3331=EDGE_CURVE('',#2601,#2597,#1590,.T.);
#3332=EDGE_CURVE('',#2612,#2613,#2140,.T.);
#3333=EDGE_CURVE('',#2577,#2613,#1591,.T.);
#3334=EDGE_CURVE('',#2494,#2446,#426,.T.);
#3335=EDGE_CURVE('',#2493,#2447,#2141,.T.);
#3336=EDGE_CURVE('',#2445,#2614,#427,.T.);
#3337=EDGE_CURVE('',#2614,#2580,#1592,.T.);
#3338=EDGE_CURVE('',#2444,#2615,#2142,.T.);
#3339=EDGE_CURVE('',#2615,#2614,#1593,.T.);
#3340=EDGE_CURVE('',#2581,#2490,#428,.T.);
#3341=EDGE_CURVE('',#2489,#2615,#429,.T.);
#3342=EDGE_CURVE('',#2441,#2616,#430,.T.);
#3343=EDGE_CURVE('',#2440,#2617,#2143,.T.);
#3344=EDGE_CURVE('',#2617,#2616,#1594,.T.);
#3345=EDGE_CURVE('',#2498,#2442,#431,.T.);
#3346=EDGE_CURVE('',#2497,#2443,#2144,.T.);
#3347=EDGE_CURVE('',#2616,#2582,#1595,.T.);
#3348=EDGE_CURVE('',#2502,#2438,#432,.T.);
#3349=EDGE_CURVE('',#2501,#2439,#2145,.T.);
#3350=EDGE_CURVE('',#2583,#2484,#433,.T.);
#3351=EDGE_CURVE('',#2482,#2617,#434,.T.);
#3352=EDGE_CURVE('',#2560,#2448,#2146,.T.);
#3353=EDGE_CURVE('',#2584,#2437,#1596,.F.);
#3354=EDGE_CURVE('',#2610,#2607,#2147,.F.);
#3355=EDGE_CURVE('',#2618,#2611,#2148,.T.);
#3356=EDGE_CURVE('',#2618,#2613,#2149,.F.);
#3357=EDGE_CURVE('',#2605,#2618,#435,.F.);
#3358=EDGE_CURVE('',#2619,#2412,#1597,.T.);
#3359=EDGE_CURVE('',#2578,#2619,#1598,.T.);
#3360=EDGE_CURVE('',#2579,#2415,#1599,.T.);
#3361=EDGE_CURVE('',#2423,#2619,#1600,.T.);
#3362=EDGE_CURVE('',#2305,#2354,#1601,.T.);
#3363=EDGE_CURVE('',#2573,#2418,#1602,.T.);
#3364=EDGE_CURVE('',#2434,#2620,#1603,.T.);
#3365=EDGE_CURVE('',#2621,#2620,#2067,.T.);
#3366=EDGE_CURVE('',#2306,#2621,#2150,.F.);
#3367=EDGE_CURVE('',#2622,#2623,#2151,.T.);
#3368=EDGE_CURVE('',#2623,#2624,#1604,.T.);
#3369=EDGE_CURVE('',#2624,#2625,#436,.T.);
#3370=EDGE_CURVE('',#2625,#2622,#1605,.T.);
#3371=EDGE_CURVE('',#2620,#2624,#1606,.T.);
#3372=EDGE_CURVE('',#2623,#2626,#2152,.F.);
#3373=EDGE_CURVE('',#2626,#2627,#1607,.T.);
#3374=EDGE_CURVE('',#2627,#2628,#437,.T.);
#3375=EDGE_CURVE('',#2628,#2629,#1608,.T.);
#3376=EDGE_CURVE('',#2629,#2630,#438,.T.);
#3377=EDGE_CURVE('',#2630,#2631,#1609,.T.);
#3378=EDGE_CURVE('',#2632,#2631,#2153,.T.);
#3379=EDGE_CURVE('',#2633,#2632,#1610,.T.);
#3380=EDGE_CURVE('',#2633,#2408,#1611,.T.);
#3381=EDGE_CURVE('',#2634,#2632,#2154,.F.);
#3382=EDGE_CURVE('',#2634,#2635,#1612,.T.);
#3383=EDGE_CURVE('',#2635,#2633,#439,.T.);
#3384=EDGE_CURVE('',#2636,#2634,#440,.T.);
#3385=EDGE_CURVE('',#2637,#2636,#1613,.T.);
#3386=EDGE_CURVE('',#2635,#2637,#441,.T.);
#3387=EDGE_CURVE('',#2636,#2425,#2155,.T.);
#3388=EDGE_CURVE('',#2424,#2637,#442,.T.);
#3389=EDGE_CURVE('',#2638,#2432,#2156,.F.);
#3390=EDGE_CURVE('',#2638,#2639,#1614,.T.);
#3391=EDGE_CURVE('',#2639,#2433,#443,.T.);
#3392=EDGE_CURVE('',#2639,#2625,#444,.T.);
#3393=EDGE_CURVE('',#2622,#2638,#445,.T.);
#3394=EDGE_CURVE('',#2634,#2636,#446,.T.);
#3395=EDGE_CURVE('',#2631,#2426,#447,.T.);
#3396=EDGE_CURVE('',#2427,#2630,#1615,.T.);
#3397=EDGE_CURVE('',#2638,#2622,#448,.T.);
#3398=EDGE_CURVE('',#2431,#2626,#449,.T.);
#3399=EDGE_CURVE('',#2430,#2627,#1616,.T.);
#3400=EDGE_CURVE('',#2640,#2640,#450,.T.);
#3401=EDGE_CURVE('',#2640,#2641,#1617,.T.);
#3402=EDGE_CURVE('',#2641,#2641,#451,.T.);
#3403=EDGE_CURVE('',#2642,#2642,#452,.T.);
#3404=EDGE_CURVE('',#2642,#2643,#1618,.T.);
#3405=EDGE_CURVE('',#2643,#2643,#453,.T.);
#3406=EDGE_CURVE('',#2644,#2644,#454,.T.);
#3407=EDGE_CURVE('',#2645,#2645,#455,.T.);
#3408=EDGE_CURVE('',#2646,#2646,#456,.T.);
#3409=EDGE_CURVE('',#2647,#2647,#457,.T.);
#3410=EDGE_CURVE('',#2648,#2648,#458,.T.);
#3411=EDGE_CURVE('',#2649,#2649,#459,.T.);
#3412=EDGE_CURVE('',#2650,#2650,#460,.T.);
#3413=EDGE_CURVE('',#2651,#2651,#461,.T.);
#3414=EDGE_CURVE('',#2652,#2652,#462,.T.);
#3415=EDGE_CURVE('',#2653,#2653,#463,.T.);
#3416=EDGE_CURVE('',#2654,#2654,#464,.T.);
#3417=EDGE_CURVE('',#2655,#2655,#465,.T.);
#3418=EDGE_CURVE('',#2656,#2656,#466,.T.);
#3419=EDGE_CURVE('',#2657,#2657,#467,.T.);
#3420=EDGE_CURVE('',#2658,#2658,#468,.T.);
#3421=EDGE_CURVE('',#2659,#2659,#469,.T.);
#3422=EDGE_CURVE('',#2659,#2652,#1619,.T.);
#3423=EDGE_CURVE('',#2645,#2658,#1620,.T.);
#3424=EDGE_CURVE('',#2660,#2660,#470,.T.);
#3425=EDGE_CURVE('',#2660,#2651,#1621,.T.);
#3426=EDGE_CURVE('',#2648,#2657,#1622,.T.);
#3427=EDGE_CURVE('',#2661,#2661,#471,.T.);
#3428=EDGE_CURVE('',#2661,#2653,#1623,.T.);
#3429=EDGE_CURVE('',#2644,#2656,#1624,.T.);
#3430=EDGE_CURVE('',#2662,#2662,#472,.T.);
#3431=EDGE_CURVE('',#2662,#2650,#1625,.T.);
#3432=EDGE_CURVE('',#2646,#2655,#1626,.T.);
#3433=EDGE_CURVE('',#2663,#2663,#473,.T.);
#3434=EDGE_CURVE('',#2663,#2649,#1627,.T.);
#3435=EDGE_CURVE('',#2647,#2654,#1628,.T.);
#3436=EDGE_CURVE('',#2428,#2629,#1629,.T.);
#3437=EDGE_CURVE('',#2429,#2628,#1630,.T.);
#3438=ORIENTED_EDGE('',*,*,#2664,.T.);
#3439=ORIENTED_EDGE('',*,*,#2665,.T.);
#3440=ORIENTED_EDGE('',*,*,#2666,.F.);
#3441=ORIENTED_EDGE('',*,*,#2667,.T.);
#3442=ORIENTED_EDGE('',*,*,#2668,.F.);
#3443=ORIENTED_EDGE('',*,*,#2669,.T.);
#3444=ORIENTED_EDGE('',*,*,#2670,.T.);
#3445=ORIENTED_EDGE('',*,*,#2671,.T.);
#3446=ORIENTED_EDGE('',*,*,#2672,.T.);
#3447=ORIENTED_EDGE('',*,*,#2673,.T.);
#3448=ORIENTED_EDGE('',*,*,#2668,.T.);
#3449=ORIENTED_EDGE('',*,*,#2674,.T.);
#3450=ORIENTED_EDGE('',*,*,#2670,.F.);
#3451=ORIENTED_EDGE('',*,*,#2675,.T.);
#3452=ORIENTED_EDGE('',*,*,#2676,.T.);
#3453=ORIENTED_EDGE('',*,*,#2677,.T.);
#3454=ORIENTED_EDGE('',*,*,#2678,.T.);
#3455=ORIENTED_EDGE('',*,*,#2679,.T.);
#3456=ORIENTED_EDGE('',*,*,#2680,.T.);
#3457=ORIENTED_EDGE('',*,*,#2681,.F.);
#3458=ORIENTED_EDGE('',*,*,#2682,.F.);
#3459=ORIENTED_EDGE('',*,*,#2683,.T.);
#3460=ORIENTED_EDGE('',*,*,#2684,.T.);
#3461=ORIENTED_EDGE('',*,*,#2685,.F.);
#3462=ORIENTED_EDGE('',*,*,#2686,.T.);
#3463=ORIENTED_EDGE('',*,*,#2687,.T.);
#3464=ORIENTED_EDGE('',*,*,#2682,.T.);
#3465=ORIENTED_EDGE('',*,*,#2686,.F.);
#3466=ORIENTED_EDGE('',*,*,#2688,.F.);
#3467=ORIENTED_EDGE('',*,*,#2689,.F.);
#3468=ORIENTED_EDGE('',*,*,#2690,.F.);
#3469=ORIENTED_EDGE('',*,*,#2691,.T.);
#3470=ORIENTED_EDGE('',*,*,#2692,.T.);
#3471=ORIENTED_EDGE('',*,*,#2693,.T.);
#3472=ORIENTED_EDGE('',*,*,#2689,.T.);
#3473=ORIENTED_EDGE('',*,*,#2692,.F.);
#3474=ORIENTED_EDGE('',*,*,#2694,.T.);
#3475=ORIENTED_EDGE('',*,*,#2695,.F.);
#3476=ORIENTED_EDGE('',*,*,#2696,.T.);
#3477=ORIENTED_EDGE('',*,*,#2697,.T.);
#3478=ORIENTED_EDGE('',*,*,#2698,.T.);
#3479=ORIENTED_EDGE('',*,*,#2699,.T.);
#3480=ORIENTED_EDGE('',*,*,#2700,.F.);
#3481=ORIENTED_EDGE('',*,*,#2701,.F.);
#3482=ORIENTED_EDGE('',*,*,#2702,.F.);
#3483=ORIENTED_EDGE('',*,*,#2666,.T.);
#3484=ORIENTED_EDGE('',*,*,#2703,.T.);
#3485=ORIENTED_EDGE('',*,*,#2704,.F.);
#3486=ORIENTED_EDGE('',*,*,#2705,.F.);
#3487=ORIENTED_EDGE('',*,*,#2706,.F.);
#3488=ORIENTED_EDGE('',*,*,#2707,.T.);
#3489=ORIENTED_EDGE('',*,*,#2708,.T.);
#3490=ORIENTED_EDGE('',*,*,#2701,.T.);
#3491=ORIENTED_EDGE('',*,*,#2672,.F.);
#3492=ORIENTED_EDGE('',*,*,#2709,.F.);
#3493=ORIENTED_EDGE('',*,*,#2707,.F.);
#3494=ORIENTED_EDGE('',*,*,#2710,.F.);
#3495=ORIENTED_EDGE('',*,*,#2711,.F.);
#3496=ORIENTED_EDGE('',*,*,#2685,.T.);
#3497=ORIENTED_EDGE('',*,*,#2681,.T.);
#3498=ORIENTED_EDGE('',*,*,#2712,.T.);
#3499=ORIENTED_EDGE('',*,*,#2694,.F.);
#3500=ORIENTED_EDGE('',*,*,#2691,.F.);
#3501=ORIENTED_EDGE('',*,*,#2712,.F.);
#3502=ORIENTED_EDGE('',*,*,#2680,.F.);
#3503=ORIENTED_EDGE('',*,*,#2713,.F.);
#3504=ORIENTED_EDGE('',*,*,#2695,.T.);
#3505=ORIENTED_EDGE('',*,*,#2714,.F.);
#3506=ORIENTED_EDGE('',*,*,#2706,.T.);
#3507=ORIENTED_EDGE('',*,*,#2700,.T.);
#3508=ORIENTED_EDGE('',*,*,#2715,.T.);
#3509=ORIENTED_EDGE('',*,*,#2675,.F.);
#3510=ORIENTED_EDGE('',*,*,#2669,.F.);
#3511=ORIENTED_EDGE('',*,*,#2715,.F.);
#3512=ORIENTED_EDGE('',*,*,#2699,.F.);
#3513=ORIENTED_EDGE('',*,*,#2716,.T.);
#3514=ORIENTED_EDGE('',*,*,#2676,.F.);
#3515=ORIENTED_EDGE('',*,*,#2717,.F.);
#3516=ORIENTED_EDGE('',*,*,#2718,.T.);
#3517=ORIENTED_EDGE('',*,*,#2719,.F.);
#3518=ORIENTED_EDGE('',*,*,#2718,.F.);
#3519=ORIENTED_EDGE('',*,*,#2720,.F.);
#3520=ORIENTED_EDGE('',*,*,#2721,.T.);
#3521=ORIENTED_EDGE('',*,*,#2722,.T.);
#3522=ORIENTED_EDGE('',*,*,#2721,.F.);
#3523=ORIENTED_EDGE('',*,*,#2723,.F.);
#3524=ORIENTED_EDGE('',*,*,#2703,.F.);
#3525=ORIENTED_EDGE('',*,*,#2665,.F.);
#3526=ORIENTED_EDGE('',*,*,#2664,.F.);
#3527=ORIENTED_EDGE('',*,*,#2673,.F.);
#3528=ORIENTED_EDGE('',*,*,#2724,.F.);
#3529=ORIENTED_EDGE('',*,*,#2722,.F.);
#3530=ORIENTED_EDGE('',*,*,#2725,.F.);
#3531=ORIENTED_EDGE('',*,*,#2726,.F.);
#3532=ORIENTED_EDGE('',*,*,#2727,.F.);
#3533=ORIENTED_EDGE('',*,*,#2728,.F.);
#3534=ORIENTED_EDGE('',*,*,#2729,.F.);
#3535=ORIENTED_EDGE('',*,*,#2719,.T.);
#3536=ORIENTED_EDGE('',*,*,#2730,.F.);
#3537=ORIENTED_EDGE('',*,*,#2731,.F.);
#3538=ORIENTED_EDGE('',*,*,#2732,.F.);
#3539=ORIENTED_EDGE('',*,*,#2733,.F.);
#3540=ORIENTED_EDGE('',*,*,#2734,.F.);
#3541=ORIENTED_EDGE('',*,*,#2711,.T.);
#3542=ORIENTED_EDGE('',*,*,#2688,.T.);
#3543=ORIENTED_EDGE('',*,*,#2735,.T.);
#3544=ORIENTED_EDGE('',*,*,#2736,.T.);
#3545=ORIENTED_EDGE('',*,*,#2737,.T.);
#3546=ORIENTED_EDGE('',*,*,#2738,.T.);
#3547=ORIENTED_EDGE('',*,*,#2739,.T.);
#3548=ORIENTED_EDGE('',*,*,#2740,.F.);
#3549=ORIENTED_EDGE('',*,*,#2741,.T.);
#3550=ORIENTED_EDGE('',*,*,#2733,.T.);
#3551=ORIENTED_EDGE('',*,*,#2741,.F.);
#3552=ORIENTED_EDGE('',*,*,#2726,.T.);
#3553=ORIENTED_EDGE('',*,*,#2742,.T.);
#3554=ORIENTED_EDGE('',*,*,#2739,.F.);
#3555=ORIENTED_EDGE('',*,*,#2742,.F.);
#3556=ORIENTED_EDGE('',*,*,#2743,.F.);
#3557=ORIENTED_EDGE('',*,*,#2744,.T.);
#3558=ORIENTED_EDGE('',*,*,#2732,.T.);
#3559=ORIENTED_EDGE('',*,*,#2744,.F.);
#3560=ORIENTED_EDGE('',*,*,#2729,.T.);
#3561=ORIENTED_EDGE('',*,*,#2745,.T.);
#3562=ORIENTED_EDGE('',*,*,#2738,.F.);
#3563=ORIENTED_EDGE('',*,*,#2745,.F.);
#3564=ORIENTED_EDGE('',*,*,#2746,.F.);
#3565=ORIENTED_EDGE('',*,*,#2747,.T.);
#3566=ORIENTED_EDGE('',*,*,#2734,.T.);
#3567=ORIENTED_EDGE('',*,*,#2747,.F.);
#3568=ORIENTED_EDGE('',*,*,#2725,.T.);
#3569=ORIENTED_EDGE('',*,*,#2748,.T.);
#3570=ORIENTED_EDGE('',*,*,#2737,.F.);
#3571=ORIENTED_EDGE('',*,*,#2748,.F.);
#3572=ORIENTED_EDGE('',*,*,#2749,.F.);
#3573=ORIENTED_EDGE('',*,*,#2750,.T.);
#3574=ORIENTED_EDGE('',*,*,#2731,.T.);
#3575=ORIENTED_EDGE('',*,*,#2750,.F.);
#3576=ORIENTED_EDGE('',*,*,#2727,.T.);
#3577=ORIENTED_EDGE('',*,*,#2751,.T.);
#3578=ORIENTED_EDGE('',*,*,#2736,.F.);
#3579=ORIENTED_EDGE('',*,*,#2751,.F.);
#3580=ORIENTED_EDGE('',*,*,#2752,.F.);
#3581=ORIENTED_EDGE('',*,*,#2753,.T.);
#3582=ORIENTED_EDGE('',*,*,#2730,.T.);
#3583=ORIENTED_EDGE('',*,*,#2753,.F.);
#3584=ORIENTED_EDGE('',*,*,#2728,.T.);
#3585=ORIENTED_EDGE('',*,*,#2754,.T.);
#3586=ORIENTED_EDGE('',*,*,#2735,.F.);
#3587=ORIENTED_EDGE('',*,*,#2754,.F.);
#3588=ORIENTED_EDGE('',*,*,#2714,.T.);
#3589=ORIENTED_EDGE('',*,*,#2710,.T.);
#3590=ORIENTED_EDGE('',*,*,#2752,.T.);
#3591=ORIENTED_EDGE('',*,*,#2749,.T.);
#3592=ORIENTED_EDGE('',*,*,#2746,.T.);
#3593=ORIENTED_EDGE('',*,*,#2743,.T.);
#3594=ORIENTED_EDGE('',*,*,#2740,.T.);
#3595=ORIENTED_EDGE('',*,*,#2705,.T.);
#3596=ORIENTED_EDGE('',*,*,#2755,.T.);
#3597=ORIENTED_EDGE('',*,*,#2683,.F.);
#3598=ORIENTED_EDGE('',*,*,#2687,.F.);
#3599=ORIENTED_EDGE('',*,*,#2690,.T.);
#3600=ORIENTED_EDGE('',*,*,#2693,.F.);
#3601=ORIENTED_EDGE('',*,*,#2720,.T.);
#3602=ORIENTED_EDGE('',*,*,#2696,.F.);
#3603=ORIENTED_EDGE('',*,*,#2713,.T.);
#3604=ORIENTED_EDGE('',*,*,#2679,.F.);
#3605=ORIENTED_EDGE('',*,*,#2756,.F.);
#3606=ORIENTED_EDGE('',*,*,#2697,.F.);
#3607=ORIENTED_EDGE('',*,*,#2756,.T.);
#3608=ORIENTED_EDGE('',*,*,#2678,.F.);
#3609=ORIENTED_EDGE('',*,*,#2757,.F.);
#3610=ORIENTED_EDGE('',*,*,#2698,.F.);
#3611=ORIENTED_EDGE('',*,*,#2757,.T.);
#3612=ORIENTED_EDGE('',*,*,#2677,.F.);
#3613=ORIENTED_EDGE('',*,*,#2716,.F.);
#3614=ORIENTED_EDGE('',*,*,#2674,.F.);
#3615=ORIENTED_EDGE('',*,*,#2667,.F.);
#3616=ORIENTED_EDGE('',*,*,#2702,.T.);
#3617=ORIENTED_EDGE('',*,*,#2708,.F.);
#3618=ORIENTED_EDGE('',*,*,#2709,.T.);
#3619=ORIENTED_EDGE('',*,*,#2671,.F.);
#3620=ORIENTED_EDGE('',*,*,#2717,.T.);
#3621=ORIENTED_EDGE('',*,*,#2724,.T.);
#3622=ORIENTED_EDGE('',*,*,#2684,.F.);
#3623=ORIENTED_EDGE('',*,*,#2755,.F.);
#3624=ORIENTED_EDGE('',*,*,#2704,.T.);
#3625=ORIENTED_EDGE('',*,*,#2723,.T.);
#3626=ORIENTED_EDGE('',*,*,#2758,.F.);
#3627=ORIENTED_EDGE('',*,*,#2759,.F.);
#3628=ORIENTED_EDGE('',*,*,#2760,.F.);
#3629=ORIENTED_EDGE('',*,*,#2761,.F.);
#3630=ORIENTED_EDGE('',*,*,#2762,.F.);
#3631=ORIENTED_EDGE('',*,*,#2763,.F.);
#3632=ORIENTED_EDGE('',*,*,#2764,.F.);
#3633=ORIENTED_EDGE('',*,*,#2765,.F.);
#3634=ORIENTED_EDGE('',*,*,#2766,.F.);
#3635=ORIENTED_EDGE('',*,*,#2767,.F.);
#3636=ORIENTED_EDGE('',*,*,#2768,.F.);
#3637=ORIENTED_EDGE('',*,*,#2763,.T.);
#3638=ORIENTED_EDGE('',*,*,#2769,.F.);
#3639=ORIENTED_EDGE('',*,*,#2770,.T.);
#3640=ORIENTED_EDGE('',*,*,#2771,.T.);
#3641=ORIENTED_EDGE('',*,*,#2772,.F.);
#3642=ORIENTED_EDGE('',*,*,#2773,.T.);
#3643=ORIENTED_EDGE('',*,*,#2762,.T.);
#3644=ORIENTED_EDGE('',*,*,#2774,.T.);
#3645=ORIENTED_EDGE('',*,*,#2775,.T.);
#3646=ORIENTED_EDGE('',*,*,#2769,.T.);
#3647=ORIENTED_EDGE('',*,*,#2761,.T.);
#3648=ORIENTED_EDGE('',*,*,#2776,.T.);
#3649=ORIENTED_EDGE('',*,*,#2777,.T.);
#3650=ORIENTED_EDGE('',*,*,#2774,.F.);
#3651=ORIENTED_EDGE('',*,*,#2760,.T.);
#3652=ORIENTED_EDGE('',*,*,#2778,.F.);
#3653=ORIENTED_EDGE('',*,*,#2779,.T.);
#3654=ORIENTED_EDGE('',*,*,#2776,.F.);
#3655=ORIENTED_EDGE('',*,*,#2759,.T.);
#3656=ORIENTED_EDGE('',*,*,#2780,.F.);
#3657=ORIENTED_EDGE('',*,*,#2781,.F.);
#3658=ORIENTED_EDGE('',*,*,#2782,.F.);
#3659=ORIENTED_EDGE('',*,*,#2783,.T.);
#3660=ORIENTED_EDGE('',*,*,#2778,.T.);
#3661=ORIENTED_EDGE('',*,*,#2758,.T.);
#3662=ORIENTED_EDGE('',*,*,#2784,.F.);
#3663=ORIENTED_EDGE('',*,*,#2785,.F.);
#3664=ORIENTED_EDGE('',*,*,#2786,.F.);
#3665=ORIENTED_EDGE('',*,*,#2780,.T.);
#3666=ORIENTED_EDGE('',*,*,#2787,.F.);
#3667=ORIENTED_EDGE('',*,*,#2770,.F.);
#3668=ORIENTED_EDGE('',*,*,#2775,.F.);
#3669=ORIENTED_EDGE('',*,*,#2777,.F.);
#3670=ORIENTED_EDGE('',*,*,#2779,.F.);
#3671=ORIENTED_EDGE('',*,*,#2783,.F.);
#3672=ORIENTED_EDGE('',*,*,#2788,.F.);
#3673=ORIENTED_EDGE('',*,*,#2789,.F.);
#3674=ORIENTED_EDGE('',*,*,#2790,.F.);
#3675=ORIENTED_EDGE('',*,*,#2791,.F.);
#3676=ORIENTED_EDGE('',*,*,#2792,.F.);
#3677=ORIENTED_EDGE('',*,*,#2787,.T.);
#3678=ORIENTED_EDGE('',*,*,#2793,.F.);
#3679=ORIENTED_EDGE('',*,*,#2794,.F.);
#3680=ORIENTED_EDGE('',*,*,#2795,.F.);
#3681=ORIENTED_EDGE('',*,*,#2771,.F.);
#3682=ORIENTED_EDGE('',*,*,#2768,.T.);
#3683=ORIENTED_EDGE('',*,*,#2796,.T.);
#3684=ORIENTED_EDGE('',*,*,#2797,.T.);
#3685=ORIENTED_EDGE('',*,*,#2784,.T.);
#3686=ORIENTED_EDGE('',*,*,#2765,.T.);
#3687=ORIENTED_EDGE('',*,*,#2798,.T.);
#3688=ORIENTED_EDGE('',*,*,#2799,.T.);
#3689=ORIENTED_EDGE('',*,*,#2800,.T.);
#3690=ORIENTED_EDGE('',*,*,#2801,.T.);
#3691=ORIENTED_EDGE('',*,*,#2802,.T.);
#3692=ORIENTED_EDGE('',*,*,#2803,.T.);
#3693=ORIENTED_EDGE('',*,*,#2804,.T.);
#3694=ORIENTED_EDGE('',*,*,#2805,.T.);
#3695=ORIENTED_EDGE('',*,*,#2793,.T.);
#3696=ORIENTED_EDGE('',*,*,#2792,.T.);
#3697=ORIENTED_EDGE('',*,*,#2806,.F.);
#3698=ORIENTED_EDGE('',*,*,#2807,.T.);
#3699=ORIENTED_EDGE('',*,*,#2808,.T.);
#3700=ORIENTED_EDGE('',*,*,#2766,.T.);
#3701=ORIENTED_EDGE('',*,*,#2806,.T.);
#3702=ORIENTED_EDGE('',*,*,#2791,.T.);
#3703=ORIENTED_EDGE('',*,*,#2809,.F.);
#3704=ORIENTED_EDGE('',*,*,#2810,.T.);
#3705=ORIENTED_EDGE('',*,*,#2811,.F.);
#3706=ORIENTED_EDGE('',*,*,#2812,.F.);
#3707=ORIENTED_EDGE('',*,*,#2813,.T.);
#3708=ORIENTED_EDGE('',*,*,#2814,.T.);
#3709=ORIENTED_EDGE('',*,*,#2815,.F.);
#3710=ORIENTED_EDGE('',*,*,#2816,.T.);
#3711=ORIENTED_EDGE('',*,*,#2817,.T.);
#3712=ORIENTED_EDGE('',*,*,#2818,.F.);
#3713=ORIENTED_EDGE('',*,*,#2814,.F.);
#3714=ORIENTED_EDGE('',*,*,#2819,.T.);
#3715=ORIENTED_EDGE('',*,*,#2820,.F.);
#3716=ORIENTED_EDGE('',*,*,#2821,.F.);
#3717=ORIENTED_EDGE('',*,*,#2772,.T.);
#3718=ORIENTED_EDGE('',*,*,#2822,.T.);
#3719=ORIENTED_EDGE('',*,*,#2817,.F.);
#3720=ORIENTED_EDGE('',*,*,#2823,.T.);
#3721=ORIENTED_EDGE('',*,*,#2824,.T.);
#3722=ORIENTED_EDGE('',*,*,#2825,.T.);
#3723=ORIENTED_EDGE('',*,*,#2781,.T.);
#3724=ORIENTED_EDGE('',*,*,#2826,.F.);
#3725=ORIENTED_EDGE('',*,*,#2827,.T.);
#3726=ORIENTED_EDGE('',*,*,#2828,.F.);
#3727=ORIENTED_EDGE('',*,*,#2794,.T.);
#3728=ORIENTED_EDGE('',*,*,#2805,.F.);
#3729=ORIENTED_EDGE('',*,*,#2829,.T.);
#3730=ORIENTED_EDGE('',*,*,#2830,.T.);
#3731=ORIENTED_EDGE('',*,*,#2831,.F.);
#3732=ORIENTED_EDGE('',*,*,#2832,.T.);
#3733=ORIENTED_EDGE('',*,*,#2833,.F.);
#3734=ORIENTED_EDGE('',*,*,#2834,.T.);
#3735=ORIENTED_EDGE('',*,*,#2835,.F.);
#3736=ORIENTED_EDGE('',*,*,#2836,.F.);
#3737=ORIENTED_EDGE('',*,*,#2837,.F.);
#3738=ORIENTED_EDGE('',*,*,#2823,.F.);
#3739=ORIENTED_EDGE('',*,*,#2816,.F.);
#3740=ORIENTED_EDGE('',*,*,#2813,.F.);
#3741=ORIENTED_EDGE('',*,*,#2831,.T.);
#3742=ORIENTED_EDGE('',*,*,#2838,.F.);
#3743=ORIENTED_EDGE('',*,*,#2839,.F.);
#3744=ORIENTED_EDGE('',*,*,#2840,.F.);
#3745=ORIENTED_EDGE('',*,*,#2841,.F.);
#3746=ORIENTED_EDGE('',*,*,#2842,.F.);
#3747=ORIENTED_EDGE('',*,*,#2843,.T.);
#3748=ORIENTED_EDGE('',*,*,#2844,.F.);
#3749=ORIENTED_EDGE('',*,*,#2767,.T.);
#3750=ORIENTED_EDGE('',*,*,#2809,.T.);
#3751=ORIENTED_EDGE('',*,*,#2790,.T.);
#3752=ORIENTED_EDGE('',*,*,#2845,.F.);
#3753=ORIENTED_EDGE('',*,*,#2832,.F.);
#3754=ORIENTED_EDGE('',*,*,#2844,.T.);
#3755=ORIENTED_EDGE('',*,*,#2846,.T.);
#3756=ORIENTED_EDGE('',*,*,#2796,.F.);
#3757=ORIENTED_EDGE('',*,*,#2841,.T.);
#3758=ORIENTED_EDGE('',*,*,#2847,.T.);
#3759=ORIENTED_EDGE('',*,*,#2848,.F.);
#3760=ORIENTED_EDGE('',*,*,#2849,.F.);
#3761=ORIENTED_EDGE('',*,*,#2840,.T.);
#3762=ORIENTED_EDGE('',*,*,#2850,.F.);
#3763=ORIENTED_EDGE('',*,*,#2851,.F.);
#3764=ORIENTED_EDGE('',*,*,#2847,.F.);
#3765=ORIENTED_EDGE('',*,*,#2842,.T.);
#3766=ORIENTED_EDGE('',*,*,#2849,.T.);
#3767=ORIENTED_EDGE('',*,*,#2852,.T.);
#3768=ORIENTED_EDGE('',*,*,#2853,.T.);
#3769=ORIENTED_EDGE('',*,*,#2838,.T.);
#3770=ORIENTED_EDGE('',*,*,#2830,.F.);
#3771=ORIENTED_EDGE('',*,*,#2854,.F.);
#3772=ORIENTED_EDGE('',*,*,#2855,.F.);
#3773=ORIENTED_EDGE('',*,*,#2856,.F.);
#3774=ORIENTED_EDGE('',*,*,#2857,.F.);
#3775=ORIENTED_EDGE('',*,*,#2858,.F.);
#3776=ORIENTED_EDGE('',*,*,#2859,.F.);
#3777=ORIENTED_EDGE('',*,*,#2839,.T.);
#3778=ORIENTED_EDGE('',*,*,#2853,.F.);
#3779=ORIENTED_EDGE('',*,*,#2860,.T.);
#3780=ORIENTED_EDGE('',*,*,#2850,.T.);
#3781=ORIENTED_EDGE('',*,*,#2789,.T.);
#3782=ORIENTED_EDGE('',*,*,#2861,.T.);
#3783=ORIENTED_EDGE('',*,*,#2833,.T.);
#3784=ORIENTED_EDGE('',*,*,#2845,.T.);
#3785=ORIENTED_EDGE('',*,*,#2802,.F.);
#3786=ORIENTED_EDGE('',*,*,#2862,.T.);
#3787=ORIENTED_EDGE('',*,*,#2856,.T.);
#3788=ORIENTED_EDGE('',*,*,#2863,.F.);
#3789=ORIENTED_EDGE('',*,*,#2801,.F.);
#3790=ORIENTED_EDGE('',*,*,#2864,.F.);
#3791=ORIENTED_EDGE('',*,*,#2857,.T.);
#3792=ORIENTED_EDGE('',*,*,#2862,.F.);
#3793=ORIENTED_EDGE('',*,*,#2803,.F.);
#3794=ORIENTED_EDGE('',*,*,#2863,.T.);
#3795=ORIENTED_EDGE('',*,*,#2855,.T.);
#3796=ORIENTED_EDGE('',*,*,#2865,.F.);
#3797=ORIENTED_EDGE('',*,*,#2864,.T.);
#3798=ORIENTED_EDGE('',*,*,#2800,.F.);
#3799=ORIENTED_EDGE('',*,*,#2866,.T.);
#3800=ORIENTED_EDGE('',*,*,#2858,.T.);
#3801=ORIENTED_EDGE('',*,*,#2788,.T.);
#3802=ORIENTED_EDGE('',*,*,#2782,.T.);
#3803=ORIENTED_EDGE('',*,*,#2867,.F.);
#3804=ORIENTED_EDGE('',*,*,#2834,.F.);
#3805=ORIENTED_EDGE('',*,*,#2861,.F.);
#3806=ORIENTED_EDGE('',*,*,#2764,.T.);
#3807=ORIENTED_EDGE('',*,*,#2773,.F.);
#3808=ORIENTED_EDGE('',*,*,#2868,.F.);
#3809=ORIENTED_EDGE('',*,*,#2869,.F.);
#3810=ORIENTED_EDGE('',*,*,#2798,.F.);
#3811=ORIENTED_EDGE('',*,*,#2837,.T.);
#3812=ORIENTED_EDGE('',*,*,#2870,.T.);
#3813=ORIENTED_EDGE('',*,*,#2871,.F.);
#3814=ORIENTED_EDGE('',*,*,#2824,.F.);
#3815=ORIENTED_EDGE('',*,*,#2872,.T.);
#3816=ORIENTED_EDGE('',*,*,#2827,.F.);
#3817=ORIENTED_EDGE('',*,*,#2873,.F.);
#3818=ORIENTED_EDGE('',*,*,#2811,.T.);
#3819=ORIENTED_EDGE('',*,*,#2836,.T.);
#3820=ORIENTED_EDGE('',*,*,#2874,.F.);
#3821=ORIENTED_EDGE('',*,*,#2870,.F.);
#3822=ORIENTED_EDGE('',*,*,#2875,.T.);
#3823=ORIENTED_EDGE('',*,*,#2876,.F.);
#3824=ORIENTED_EDGE('',*,*,#2877,.T.);
#3825=ORIENTED_EDGE('',*,*,#2878,.T.);
#3826=ORIENTED_EDGE('',*,*,#2877,.F.);
#3827=ORIENTED_EDGE('',*,*,#2879,.F.);
#3828=ORIENTED_EDGE('',*,*,#2820,.T.);
#3829=ORIENTED_EDGE('',*,*,#2795,.T.);
#3830=ORIENTED_EDGE('',*,*,#2828,.T.);
#3831=ORIENTED_EDGE('',*,*,#2815,.T.);
#3832=ORIENTED_EDGE('',*,*,#2818,.T.);
#3833=ORIENTED_EDGE('',*,*,#2822,.F.);
#3834=ORIENTED_EDGE('',*,*,#2867,.T.);
#3835=ORIENTED_EDGE('',*,*,#2825,.F.);
#3836=ORIENTED_EDGE('',*,*,#2871,.T.);
#3837=ORIENTED_EDGE('',*,*,#2874,.T.);
#3838=ORIENTED_EDGE('',*,*,#2835,.T.);
#3839=ORIENTED_EDGE('',*,*,#2868,.T.);
#3840=ORIENTED_EDGE('',*,*,#2821,.T.);
#3841=ORIENTED_EDGE('',*,*,#2879,.T.);
#3842=ORIENTED_EDGE('',*,*,#2876,.T.);
#3843=ORIENTED_EDGE('',*,*,#2880,.F.);
#3844=ORIENTED_EDGE('',*,*,#2786,.T.);
#3845=ORIENTED_EDGE('',*,*,#2881,.F.);
#3846=ORIENTED_EDGE('',*,*,#2812,.T.);
#3847=ORIENTED_EDGE('',*,*,#2873,.T.);
#3848=ORIENTED_EDGE('',*,*,#2826,.T.);
#3849=ORIENTED_EDGE('',*,*,#2859,.T.);
#3850=ORIENTED_EDGE('',*,*,#2866,.F.);
#3851=ORIENTED_EDGE('',*,*,#2799,.F.);
#3852=ORIENTED_EDGE('',*,*,#2869,.T.);
#3853=ORIENTED_EDGE('',*,*,#2880,.T.);
#3854=ORIENTED_EDGE('',*,*,#2875,.F.);
#3855=ORIENTED_EDGE('',*,*,#2878,.F.);
#3856=ORIENTED_EDGE('',*,*,#2819,.F.);
#3857=ORIENTED_EDGE('',*,*,#2872,.F.);
#3858=ORIENTED_EDGE('',*,*,#2810,.F.);
#3859=ORIENTED_EDGE('',*,*,#2881,.T.);
#3860=ORIENTED_EDGE('',*,*,#2785,.T.);
#3861=ORIENTED_EDGE('',*,*,#2797,.F.);
#3862=ORIENTED_EDGE('',*,*,#2846,.F.);
#3863=ORIENTED_EDGE('',*,*,#2843,.F.);
#3864=ORIENTED_EDGE('',*,*,#2852,.F.);
#3865=ORIENTED_EDGE('',*,*,#2848,.T.);
#3866=ORIENTED_EDGE('',*,*,#2851,.T.);
#3867=ORIENTED_EDGE('',*,*,#2860,.F.);
#3868=ORIENTED_EDGE('',*,*,#2865,.T.);
#3869=ORIENTED_EDGE('',*,*,#2854,.T.);
#3870=ORIENTED_EDGE('',*,*,#2829,.F.);
#3871=ORIENTED_EDGE('',*,*,#2804,.F.);
#3872=ORIENTED_EDGE('',*,*,#2807,.F.);
#3873=ORIENTED_EDGE('',*,*,#2882,.T.);
#3874=ORIENTED_EDGE('',*,*,#2883,.T.);
#3875=ORIENTED_EDGE('',*,*,#2882,.F.);
#3876=ORIENTED_EDGE('',*,*,#2883,.F.);
#3877=ORIENTED_EDGE('',*,*,#2808,.F.);
#3878=ORIENTED_EDGE('',*,*,#2884,.T.);
#3879=ORIENTED_EDGE('',*,*,#2885,.T.);
#3880=ORIENTED_EDGE('',*,*,#2884,.F.);
#3881=ORIENTED_EDGE('',*,*,#2885,.F.);
#3882=ORIENTED_EDGE('',*,*,#2886,.T.);
#3883=ORIENTED_EDGE('',*,*,#2887,.T.);
#3884=ORIENTED_EDGE('',*,*,#2888,.T.);
#3885=ORIENTED_EDGE('',*,*,#2889,.F.);
#3886=ORIENTED_EDGE('',*,*,#2890,.T.);
#3887=ORIENTED_EDGE('',*,*,#2891,.T.);
#3888=ORIENTED_EDGE('',*,*,#2892,.F.);
#3889=ORIENTED_EDGE('',*,*,#2893,.F.);
#3890=ORIENTED_EDGE('',*,*,#2891,.F.);
#3891=ORIENTED_EDGE('',*,*,#2894,.T.);
#3892=ORIENTED_EDGE('',*,*,#2895,.T.);
#3893=ORIENTED_EDGE('',*,*,#2896,.F.);
#3894=ORIENTED_EDGE('',*,*,#2897,.F.);
#3895=ORIENTED_EDGE('',*,*,#2898,.F.);
#3896=ORIENTED_EDGE('',*,*,#2899,.F.);
#3897=ORIENTED_EDGE('',*,*,#2900,.F.);
#3898=ORIENTED_EDGE('',*,*,#2901,.F.);
#3899=ORIENTED_EDGE('',*,*,#2902,.F.);
#3900=ORIENTED_EDGE('',*,*,#2903,.F.);
#3901=ORIENTED_EDGE('',*,*,#2904,.F.);
#3902=ORIENTED_EDGE('',*,*,#2905,.F.);
#3903=ORIENTED_EDGE('',*,*,#2906,.F.);
#3904=ORIENTED_EDGE('',*,*,#2907,.F.);
#3905=ORIENTED_EDGE('',*,*,#2890,.F.);
#3906=ORIENTED_EDGE('',*,*,#2908,.F.);
#3907=ORIENTED_EDGE('',*,*,#2909,.F.);
#3908=ORIENTED_EDGE('',*,*,#2910,.F.);
#3909=ORIENTED_EDGE('',*,*,#2911,.F.);
#3910=ORIENTED_EDGE('',*,*,#2894,.F.);
#3911=ORIENTED_EDGE('',*,*,#2912,.T.);
#3912=ORIENTED_EDGE('',*,*,#2913,.T.);
#3913=ORIENTED_EDGE('',*,*,#2892,.T.);
#3914=ORIENTED_EDGE('',*,*,#2893,.T.);
#3915=ORIENTED_EDGE('',*,*,#2914,.T.);
#3916=ORIENTED_EDGE('',*,*,#2915,.T.);
#3917=ORIENTED_EDGE('',*,*,#2916,.T.);
#3918=ORIENTED_EDGE('',*,*,#2913,.F.);
#3919=ORIENTED_EDGE('',*,*,#2917,.T.);
#3920=ORIENTED_EDGE('',*,*,#2918,.T.);
#3921=ORIENTED_EDGE('',*,*,#2919,.T.);
#3922=ORIENTED_EDGE('',*,*,#2920,.T.);
#3923=ORIENTED_EDGE('',*,*,#2921,.T.);
#3924=ORIENTED_EDGE('',*,*,#2922,.F.);
#3925=ORIENTED_EDGE('',*,*,#2923,.T.);
#3926=ORIENTED_EDGE('',*,*,#2924,.F.);
#3927=ORIENTED_EDGE('',*,*,#2886,.F.);
#3928=ORIENTED_EDGE('',*,*,#2912,.F.);
#3929=ORIENTED_EDGE('',*,*,#2925,.T.);
#3930=ORIENTED_EDGE('',*,*,#2926,.T.);
#3931=ORIENTED_EDGE('',*,*,#2927,.T.);
#3932=ORIENTED_EDGE('',*,*,#2917,.F.);
#3933=ORIENTED_EDGE('',*,*,#2915,.F.);
#3934=ORIENTED_EDGE('',*,*,#2928,.T.);
#3935=ORIENTED_EDGE('',*,*,#2929,.T.);
#3936=ORIENTED_EDGE('',*,*,#2930,.F.);
#3937=ORIENTED_EDGE('',*,*,#2931,.F.);
#3938=ORIENTED_EDGE('',*,*,#2932,.F.);
#3939=ORIENTED_EDGE('',*,*,#2933,.F.);
#3940=ORIENTED_EDGE('',*,*,#2934,.F.);
#3941=ORIENTED_EDGE('',*,*,#2935,.T.);
#3942=ORIENTED_EDGE('',*,*,#2936,.T.);
#3943=ORIENTED_EDGE('',*,*,#2937,.F.);
#3944=ORIENTED_EDGE('',*,*,#2938,.F.);
#3945=ORIENTED_EDGE('',*,*,#2939,.F.);
#3946=ORIENTED_EDGE('',*,*,#2940,.T.);
#3947=ORIENTED_EDGE('',*,*,#2925,.F.);
#3948=ORIENTED_EDGE('',*,*,#2914,.F.);
#3949=ORIENTED_EDGE('',*,*,#2907,.T.);
#3950=ORIENTED_EDGE('',*,*,#2941,.F.);
#3951=ORIENTED_EDGE('',*,*,#2942,.F.);
#3952=ORIENTED_EDGE('',*,*,#2928,.F.);
#3953=ORIENTED_EDGE('',*,*,#2916,.F.);
#3954=ORIENTED_EDGE('',*,*,#2943,.T.);
#3955=ORIENTED_EDGE('',*,*,#2944,.T.);
#3956=ORIENTED_EDGE('',*,*,#2943,.F.);
#3957=ORIENTED_EDGE('',*,*,#2945,.F.);
#3958=ORIENTED_EDGE('',*,*,#2946,.T.);
#3959=ORIENTED_EDGE('',*,*,#2923,.F.);
#3960=ORIENTED_EDGE('',*,*,#2947,.T.);
#3961=ORIENTED_EDGE('',*,*,#2948,.T.);
#3962=ORIENTED_EDGE('',*,*,#2949,.T.);
#3963=ORIENTED_EDGE('',*,*,#2950,.T.);
#3964=ORIENTED_EDGE('',*,*,#2949,.F.);
#3965=ORIENTED_EDGE('',*,*,#2951,.F.);
#3966=ORIENTED_EDGE('',*,*,#2952,.F.);
#3967=ORIENTED_EDGE('',*,*,#2953,.F.);
#3968=ORIENTED_EDGE('',*,*,#2954,.F.);
#3969=ORIENTED_EDGE('',*,*,#2955,.T.);
#3970=ORIENTED_EDGE('',*,*,#2948,.F.);
#3971=ORIENTED_EDGE('',*,*,#2956,.T.);
#3972=ORIENTED_EDGE('',*,*,#2957,.F.);
#3973=ORIENTED_EDGE('',*,*,#2958,.F.);
#3974=ORIENTED_EDGE('',*,*,#2959,.F.);
#3975=ORIENTED_EDGE('',*,*,#2960,.F.);
#3976=ORIENTED_EDGE('',*,*,#2961,.F.);
#3977=ORIENTED_EDGE('',*,*,#2962,.F.);
#3978=ORIENTED_EDGE('',*,*,#2963,.F.);
#3979=ORIENTED_EDGE('',*,*,#2964,.F.);
#3980=ORIENTED_EDGE('',*,*,#2965,.F.);
#3981=ORIENTED_EDGE('',*,*,#2966,.F.);
#3982=ORIENTED_EDGE('',*,*,#2967,.F.);
#3983=ORIENTED_EDGE('',*,*,#2968,.F.);
#3984=ORIENTED_EDGE('',*,*,#2969,.F.);
#3985=ORIENTED_EDGE('',*,*,#2951,.T.);
#3986=ORIENTED_EDGE('',*,*,#2970,.T.);
#3987=ORIENTED_EDGE('',*,*,#2956,.F.);
#3988=ORIENTED_EDGE('',*,*,#2947,.F.);
#3989=ORIENTED_EDGE('',*,*,#2922,.T.);
#3990=ORIENTED_EDGE('',*,*,#2971,.T.);
#3991=ORIENTED_EDGE('',*,*,#2972,.T.);
#3992=ORIENTED_EDGE('',*,*,#2973,.T.);
#3993=ORIENTED_EDGE('',*,*,#2971,.F.);
#3994=ORIENTED_EDGE('',*,*,#2921,.F.);
#3995=ORIENTED_EDGE('',*,*,#2974,.T.);
#3996=ORIENTED_EDGE('',*,*,#2975,.T.);
#3997=ORIENTED_EDGE('',*,*,#2976,.F.);
#3998=ORIENTED_EDGE('',*,*,#2973,.F.);
#3999=ORIENTED_EDGE('',*,*,#2977,.T.);
#4000=ORIENTED_EDGE('',*,*,#2978,.T.);
#4001=ORIENTED_EDGE('',*,*,#2977,.F.);
#4002=ORIENTED_EDGE('',*,*,#2897,.T.);
#4003=ORIENTED_EDGE('',*,*,#2979,.T.);
#4004=ORIENTED_EDGE('',*,*,#2980,.T.);
#4005=ORIENTED_EDGE('',*,*,#2981,.T.);
#4006=ORIENTED_EDGE('',*,*,#2982,.T.);
#4007=ORIENTED_EDGE('',*,*,#2979,.F.);
#4008=ORIENTED_EDGE('',*,*,#2896,.T.);
#4009=ORIENTED_EDGE('',*,*,#2983,.T.);
#4010=ORIENTED_EDGE('',*,*,#2984,.T.);
#4011=ORIENTED_EDGE('',*,*,#2985,.T.);
#4012=ORIENTED_EDGE('',*,*,#2910,.T.);
#4013=ORIENTED_EDGE('',*,*,#2986,.T.);
#4014=ORIENTED_EDGE('',*,*,#2911,.T.);
#4015=ORIENTED_EDGE('',*,*,#2985,.F.);
#4016=ORIENTED_EDGE('',*,*,#2987,.T.);
#4017=ORIENTED_EDGE('',*,*,#2983,.F.);
#4018=ORIENTED_EDGE('',*,*,#2895,.F.);
#4019=ORIENTED_EDGE('',*,*,#2909,.T.);
#4020=ORIENTED_EDGE('',*,*,#2988,.T.);
#4021=ORIENTED_EDGE('',*,*,#2989,.T.);
#4022=ORIENTED_EDGE('',*,*,#2990,.T.);
#4023=ORIENTED_EDGE('',*,*,#2986,.F.);
#4024=ORIENTED_EDGE('',*,*,#2991,.T.);
#4025=ORIENTED_EDGE('',*,*,#2992,.T.);
#4026=ORIENTED_EDGE('',*,*,#2898,.T.);
#4027=ORIENTED_EDGE('',*,*,#2981,.F.);
#4028=ORIENTED_EDGE('',*,*,#2993,.T.);
#4029=ORIENTED_EDGE('',*,*,#2994,.T.);
#4030=ORIENTED_EDGE('',*,*,#2988,.F.);
#4031=ORIENTED_EDGE('',*,*,#2995,.F.);
#4032=ORIENTED_EDGE('',*,*,#2996,.F.);
#4033=ORIENTED_EDGE('',*,*,#2997,.T.);
#4034=ORIENTED_EDGE('',*,*,#2998,.T.);
#4035=ORIENTED_EDGE('',*,*,#2992,.F.);
#4036=ORIENTED_EDGE('',*,*,#2999,.T.);
#4037=ORIENTED_EDGE('',*,*,#3000,.F.);
#4038=ORIENTED_EDGE('',*,*,#2965,.T.);
#4039=ORIENTED_EDGE('',*,*,#3001,.F.);
#4040=ORIENTED_EDGE('',*,*,#3002,.F.);
#4041=ORIENTED_EDGE('',*,*,#3003,.T.);
#4042=ORIENTED_EDGE('',*,*,#2938,.T.);
#4043=ORIENTED_EDGE('',*,*,#3004,.F.);
#4044=ORIENTED_EDGE('',*,*,#2899,.T.);
#4045=ORIENTED_EDGE('',*,*,#2991,.F.);
#4046=ORIENTED_EDGE('',*,*,#3005,.T.);
#4047=ORIENTED_EDGE('',*,*,#3006,.T.);
#4048=ORIENTED_EDGE('',*,*,#3007,.T.);
#4049=ORIENTED_EDGE('',*,*,#3008,.F.);
#4050=ORIENTED_EDGE('',*,*,#2999,.F.);
#4051=ORIENTED_EDGE('',*,*,#2980,.F.);
#4052=ORIENTED_EDGE('',*,*,#3009,.T.);
#4053=ORIENTED_EDGE('',*,*,#3010,.T.);
#4054=ORIENTED_EDGE('',*,*,#3005,.F.);
#4055=ORIENTED_EDGE('',*,*,#2982,.F.);
#4056=ORIENTED_EDGE('',*,*,#2987,.F.);
#4057=ORIENTED_EDGE('',*,*,#3011,.T.);
#4058=ORIENTED_EDGE('',*,*,#3012,.T.);
#4059=ORIENTED_EDGE('',*,*,#3013,.T.);
#4060=ORIENTED_EDGE('',*,*,#3009,.F.);
#4061=ORIENTED_EDGE('',*,*,#2984,.F.);
#4062=ORIENTED_EDGE('',*,*,#2990,.F.);
#4063=ORIENTED_EDGE('',*,*,#3014,.T.);
#4064=ORIENTED_EDGE('',*,*,#3015,.T.);
#4065=ORIENTED_EDGE('',*,*,#3011,.F.);
#4066=ORIENTED_EDGE('',*,*,#2989,.F.);
#4067=ORIENTED_EDGE('',*,*,#2994,.F.);
#4068=ORIENTED_EDGE('',*,*,#3016,.F.);
#4069=ORIENTED_EDGE('',*,*,#3017,.T.);
#4070=ORIENTED_EDGE('',*,*,#3018,.T.);
#4071=ORIENTED_EDGE('',*,*,#3014,.F.);
#4072=ORIENTED_EDGE('',*,*,#2993,.F.);
#4073=ORIENTED_EDGE('',*,*,#3019,.F.);
#4074=ORIENTED_EDGE('',*,*,#3020,.T.);
#4075=ORIENTED_EDGE('',*,*,#3016,.T.);
#4076=ORIENTED_EDGE('',*,*,#2998,.F.);
#4077=ORIENTED_EDGE('',*,*,#3021,.F.);
#4078=ORIENTED_EDGE('',*,*,#3022,.F.);
#4079=ORIENTED_EDGE('',*,*,#3023,.T.);
#4080=ORIENTED_EDGE('',*,*,#3024,.F.);
#4081=ORIENTED_EDGE('',*,*,#3025,.T.);
#4082=ORIENTED_EDGE('',*,*,#3026,.T.);
#4083=ORIENTED_EDGE('',*,*,#3027,.T.);
#4084=ORIENTED_EDGE('',*,*,#3028,.T.);
#4085=ORIENTED_EDGE('',*,*,#3019,.T.);
#4086=ORIENTED_EDGE('',*,*,#3029,.T.);
#4087=ORIENTED_EDGE('',*,*,#3030,.T.);
#4088=ORIENTED_EDGE('',*,*,#2954,.T.);
#4089=ORIENTED_EDGE('',*,*,#3031,.T.);
#4090=ORIENTED_EDGE('',*,*,#3032,.T.);
#4091=ORIENTED_EDGE('',*,*,#2953,.T.);
#4092=ORIENTED_EDGE('',*,*,#3033,.T.);
#4093=ORIENTED_EDGE('',*,*,#3034,.T.);
#4094=ORIENTED_EDGE('',*,*,#3031,.F.);
#4095=ORIENTED_EDGE('',*,*,#3035,.T.);
#4096=ORIENTED_EDGE('',*,*,#3033,.F.);
#4097=ORIENTED_EDGE('',*,*,#2952,.T.);
#4098=ORIENTED_EDGE('',*,*,#2969,.T.);
#4099=ORIENTED_EDGE('',*,*,#3036,.T.);
#4100=ORIENTED_EDGE('',*,*,#3037,.T.);
#4101=ORIENTED_EDGE('',*,*,#3038,.T.);
#4102=ORIENTED_EDGE('',*,*,#2967,.T.);
#4103=ORIENTED_EDGE('',*,*,#3039,.T.);
#4104=ORIENTED_EDGE('',*,*,#2968,.T.);
#4105=ORIENTED_EDGE('',*,*,#3038,.F.);
#4106=ORIENTED_EDGE('',*,*,#3040,.T.);
#4107=ORIENTED_EDGE('',*,*,#3036,.F.);
#4108=ORIENTED_EDGE('',*,*,#2966,.T.);
#4109=ORIENTED_EDGE('',*,*,#3000,.T.);
#4110=ORIENTED_EDGE('',*,*,#3008,.T.);
#4111=ORIENTED_EDGE('',*,*,#3039,.F.);
#4112=ORIENTED_EDGE('',*,*,#3041,.T.);
#4113=ORIENTED_EDGE('',*,*,#3042,.T.);
#4114=ORIENTED_EDGE('',*,*,#3043,.T.);
#4115=ORIENTED_EDGE('',*,*,#3030,.F.);
#4116=ORIENTED_EDGE('',*,*,#3044,.T.);
#4117=ORIENTED_EDGE('',*,*,#3045,.T.);
#4118=ORIENTED_EDGE('',*,*,#3024,.T.);
#4119=ORIENTED_EDGE('',*,*,#3041,.F.);
#4120=ORIENTED_EDGE('',*,*,#3023,.F.);
#4121=ORIENTED_EDGE('',*,*,#3046,.F.);
#4122=ORIENTED_EDGE('',*,*,#3047,.F.);
#4123=ORIENTED_EDGE('',*,*,#3048,.T.);
#4124=ORIENTED_EDGE('',*,*,#3049,.F.);
#4125=ORIENTED_EDGE('',*,*,#3050,.T.);
#4126=ORIENTED_EDGE('',*,*,#3051,.T.);
#4127=ORIENTED_EDGE('',*,*,#3052,.T.);
#4128=ORIENTED_EDGE('',*,*,#3053,.T.);
#4129=ORIENTED_EDGE('',*,*,#3054,.F.);
#4130=ORIENTED_EDGE('',*,*,#3055,.F.);
#4131=ORIENTED_EDGE('',*,*,#3056,.F.);
#4132=ORIENTED_EDGE('',*,*,#3057,.T.);
#4133=ORIENTED_EDGE('',*,*,#3058,.F.);
#4134=ORIENTED_EDGE('',*,*,#2950,.F.);
#4135=ORIENTED_EDGE('',*,*,#2955,.F.);
#4136=ORIENTED_EDGE('',*,*,#3043,.F.);
#4137=ORIENTED_EDGE('',*,*,#3042,.F.);
#4138=ORIENTED_EDGE('',*,*,#3059,.T.);
#4139=ORIENTED_EDGE('',*,*,#3060,.T.);
#4140=ORIENTED_EDGE('',*,*,#3061,.F.);
#4141=ORIENTED_EDGE('',*,*,#3062,.F.);
#4142=ORIENTED_EDGE('',*,*,#3063,.T.);
#4143=ORIENTED_EDGE('',*,*,#3063,.F.);
#4144=ORIENTED_EDGE('',*,*,#3064,.F.);
#4145=ORIENTED_EDGE('',*,*,#3065,.F.);
#4146=ORIENTED_EDGE('',*,*,#3066,.F.);
#4147=ORIENTED_EDGE('',*,*,#3067,.F.);
#4148=ORIENTED_EDGE('',*,*,#3068,.F.);
#4149=ORIENTED_EDGE('',*,*,#3069,.F.);
#4150=ORIENTED_EDGE('',*,*,#3070,.F.);
#4151=ORIENTED_EDGE('',*,*,#3071,.F.);
#4152=ORIENTED_EDGE('',*,*,#3072,.F.);
#4153=ORIENTED_EDGE('',*,*,#3073,.F.);
#4154=ORIENTED_EDGE('',*,*,#3074,.F.);
#4155=ORIENTED_EDGE('',*,*,#3037,.F.);
#4156=ORIENTED_EDGE('',*,*,#3007,.F.);
#4157=ORIENTED_EDGE('',*,*,#3059,.F.);
#4158=ORIENTED_EDGE('',*,*,#3074,.T.);
#4159=ORIENTED_EDGE('',*,*,#3075,.T.);
#4160=ORIENTED_EDGE('',*,*,#2906,.T.);
#4161=ORIENTED_EDGE('',*,*,#3076,.F.);
#4162=ORIENTED_EDGE('',*,*,#2958,.T.);
#4163=ORIENTED_EDGE('',*,*,#3077,.T.);
#4164=ORIENTED_EDGE('',*,*,#3078,.F.);
#4165=ORIENTED_EDGE('',*,*,#2941,.T.);
#4166=ORIENTED_EDGE('',*,*,#2905,.T.);
#4167=ORIENTED_EDGE('',*,*,#3079,.T.);
#4168=ORIENTED_EDGE('',*,*,#2959,.T.);
#4169=ORIENTED_EDGE('',*,*,#3076,.T.);
#4170=ORIENTED_EDGE('',*,*,#2904,.T.);
#4171=ORIENTED_EDGE('',*,*,#3080,.T.);
#4172=ORIENTED_EDGE('',*,*,#2960,.T.);
#4173=ORIENTED_EDGE('',*,*,#3079,.F.);
#4174=ORIENTED_EDGE('',*,*,#2903,.T.);
#4175=ORIENTED_EDGE('',*,*,#3081,.F.);
#4176=ORIENTED_EDGE('',*,*,#2961,.T.);
#4177=ORIENTED_EDGE('',*,*,#3080,.F.);
#4178=ORIENTED_EDGE('',*,*,#2902,.T.);
#4179=ORIENTED_EDGE('',*,*,#3082,.F.);
#4180=ORIENTED_EDGE('',*,*,#3083,.F.);
#4181=ORIENTED_EDGE('',*,*,#3084,.F.);
#4182=ORIENTED_EDGE('',*,*,#2962,.T.);
#4183=ORIENTED_EDGE('',*,*,#3081,.T.);
#4184=ORIENTED_EDGE('',*,*,#2901,.T.);
#4185=ORIENTED_EDGE('',*,*,#3085,.F.);
#4186=ORIENTED_EDGE('',*,*,#2936,.F.);
#4187=ORIENTED_EDGE('',*,*,#3086,.F.);
#4188=ORIENTED_EDGE('',*,*,#3082,.T.);
#4189=ORIENTED_EDGE('',*,*,#2970,.F.);
#4190=ORIENTED_EDGE('',*,*,#3087,.F.);
#4191=ORIENTED_EDGE('',*,*,#3088,.F.);
#4192=ORIENTED_EDGE('',*,*,#3077,.F.);
#4193=ORIENTED_EDGE('',*,*,#2957,.T.);
#4194=ORIENTED_EDGE('',*,*,#2900,.T.);
#4195=ORIENTED_EDGE('',*,*,#3004,.T.);
#4196=ORIENTED_EDGE('',*,*,#2937,.T.);
#4197=ORIENTED_EDGE('',*,*,#3085,.T.);
#4198=ORIENTED_EDGE('',*,*,#2934,.T.);
#4199=ORIENTED_EDGE('',*,*,#3089,.F.);
#4200=ORIENTED_EDGE('',*,*,#3090,.F.);
#4201=ORIENTED_EDGE('',*,*,#3091,.T.);
#4202=ORIENTED_EDGE('',*,*,#3092,.T.);
#4203=ORIENTED_EDGE('',*,*,#3093,.F.);
#4204=ORIENTED_EDGE('',*,*,#3094,.T.);
#4205=ORIENTED_EDGE('',*,*,#3095,.T.);
#4206=ORIENTED_EDGE('',*,*,#3096,.F.);
#4207=ORIENTED_EDGE('',*,*,#3092,.F.);
#4208=ORIENTED_EDGE('',*,*,#2932,.T.);
#4209=ORIENTED_EDGE('',*,*,#3097,.F.);
#4210=ORIENTED_EDGE('',*,*,#3098,.F.);
#4211=ORIENTED_EDGE('',*,*,#3078,.T.);
#4212=ORIENTED_EDGE('',*,*,#3099,.T.);
#4213=ORIENTED_EDGE('',*,*,#3095,.F.);
#4214=ORIENTED_EDGE('',*,*,#3100,.T.);
#4215=ORIENTED_EDGE('',*,*,#3101,.T.);
#4216=ORIENTED_EDGE('',*,*,#3102,.T.);
#4217=ORIENTED_EDGE('',*,*,#3083,.T.);
#4218=ORIENTED_EDGE('',*,*,#3103,.F.);
#4219=ORIENTED_EDGE('',*,*,#3104,.T.);
#4220=ORIENTED_EDGE('',*,*,#2972,.F.);
#4221=ORIENTED_EDGE('',*,*,#2976,.T.);
#4222=ORIENTED_EDGE('',*,*,#3105,.T.);
#4223=ORIENTED_EDGE('',*,*,#3106,.F.);
#4224=ORIENTED_EDGE('',*,*,#3002,.T.);
#4225=ORIENTED_EDGE('',*,*,#3107,.F.);
#4226=ORIENTED_EDGE('',*,*,#3108,.T.);
#4227=ORIENTED_EDGE('',*,*,#3109,.F.);
#4228=ORIENTED_EDGE('',*,*,#3110,.F.);
#4229=ORIENTED_EDGE('',*,*,#3111,.F.);
#4230=ORIENTED_EDGE('',*,*,#3100,.F.);
#4231=ORIENTED_EDGE('',*,*,#3094,.F.);
#4232=ORIENTED_EDGE('',*,*,#3091,.F.);
#4233=ORIENTED_EDGE('',*,*,#3112,.F.);
#4234=ORIENTED_EDGE('',*,*,#3087,.T.);
#4235=ORIENTED_EDGE('',*,*,#3106,.T.);
#4236=ORIENTED_EDGE('',*,*,#3113,.F.);
#4237=ORIENTED_EDGE('',*,*,#3114,.F.);
#4238=ORIENTED_EDGE('',*,*,#3115,.F.);
#4239=ORIENTED_EDGE('',*,*,#3116,.F.);
#4240=ORIENTED_EDGE('',*,*,#3117,.F.);
#4241=ORIENTED_EDGE('',*,*,#2939,.T.);
#4242=ORIENTED_EDGE('',*,*,#3003,.F.);
#4243=ORIENTED_EDGE('',*,*,#3116,.T.);
#4244=ORIENTED_EDGE('',*,*,#3118,.T.);
#4245=ORIENTED_EDGE('',*,*,#3119,.F.);
#4246=ORIENTED_EDGE('',*,*,#3120,.F.);
#4247=ORIENTED_EDGE('',*,*,#3115,.T.);
#4248=ORIENTED_EDGE('',*,*,#3121,.F.);
#4249=ORIENTED_EDGE('',*,*,#3122,.F.);
#4250=ORIENTED_EDGE('',*,*,#3118,.F.);
#4251=ORIENTED_EDGE('',*,*,#3117,.T.);
#4252=ORIENTED_EDGE('',*,*,#3120,.T.);
#4253=ORIENTED_EDGE('',*,*,#3123,.T.);
#4254=ORIENTED_EDGE('',*,*,#3124,.T.);
#4255=ORIENTED_EDGE('',*,*,#3113,.T.);
#4256=ORIENTED_EDGE('',*,*,#3105,.F.);
#4257=ORIENTED_EDGE('',*,*,#2975,.F.);
#4258=ORIENTED_EDGE('',*,*,#3125,.F.);
#4259=ORIENTED_EDGE('',*,*,#3126,.F.);
#4260=ORIENTED_EDGE('',*,*,#3127,.F.);
#4261=ORIENTED_EDGE('',*,*,#2926,.F.);
#4262=ORIENTED_EDGE('',*,*,#2940,.F.);
#4263=ORIENTED_EDGE('',*,*,#3114,.T.);
#4264=ORIENTED_EDGE('',*,*,#3124,.F.);
#4265=ORIENTED_EDGE('',*,*,#3128,.T.);
#4266=ORIENTED_EDGE('',*,*,#3121,.T.);
#4267=ORIENTED_EDGE('',*,*,#2964,.T.);
#4268=ORIENTED_EDGE('',*,*,#3129,.T.);
#4269=ORIENTED_EDGE('',*,*,#3107,.T.);
#4270=ORIENTED_EDGE('',*,*,#3001,.T.);
#4271=ORIENTED_EDGE('',*,*,#2919,.F.);
#4272=ORIENTED_EDGE('',*,*,#3130,.T.);
#4273=ORIENTED_EDGE('',*,*,#3126,.T.);
#4274=ORIENTED_EDGE('',*,*,#3131,.F.);
#4275=ORIENTED_EDGE('',*,*,#2918,.F.);
#4276=ORIENTED_EDGE('',*,*,#2927,.F.);
#4277=ORIENTED_EDGE('',*,*,#3127,.T.);
#4278=ORIENTED_EDGE('',*,*,#3130,.F.);
#4279=ORIENTED_EDGE('',*,*,#2920,.F.);
#4280=ORIENTED_EDGE('',*,*,#3131,.T.);
#4281=ORIENTED_EDGE('',*,*,#3125,.T.);
#4282=ORIENTED_EDGE('',*,*,#2974,.F.);
#4283=ORIENTED_EDGE('',*,*,#2963,.T.);
#4284=ORIENTED_EDGE('',*,*,#3084,.T.);
#4285=ORIENTED_EDGE('',*,*,#3132,.F.);
#4286=ORIENTED_EDGE('',*,*,#3108,.F.);
#4287=ORIENTED_EDGE('',*,*,#3129,.F.);
#4288=ORIENTED_EDGE('',*,*,#3111,.T.);
#4289=ORIENTED_EDGE('',*,*,#3133,.T.);
#4290=ORIENTED_EDGE('',*,*,#3134,.F.);
#4291=ORIENTED_EDGE('',*,*,#3101,.F.);
#4292=ORIENTED_EDGE('',*,*,#2933,.T.);
#4293=ORIENTED_EDGE('',*,*,#3104,.F.);
#4294=ORIENTED_EDGE('',*,*,#3135,.F.);
#4295=ORIENTED_EDGE('',*,*,#3089,.T.);
#4296=ORIENTED_EDGE('',*,*,#3110,.T.);
#4297=ORIENTED_EDGE('',*,*,#3136,.F.);
#4298=ORIENTED_EDGE('',*,*,#3133,.F.);
#4299=ORIENTED_EDGE('',*,*,#2930,.T.);
#4300=ORIENTED_EDGE('',*,*,#3137,.F.);
#4301=ORIENTED_EDGE('',*,*,#3138,.T.);
#4302=ORIENTED_EDGE('',*,*,#2931,.T.);
#4303=ORIENTED_EDGE('',*,*,#3138,.F.);
#4304=ORIENTED_EDGE('',*,*,#3139,.F.);
#4305=ORIENTED_EDGE('',*,*,#3097,.T.);
#4306=ORIENTED_EDGE('',*,*,#3088,.T.);
#4307=ORIENTED_EDGE('',*,*,#3112,.T.);
#4308=ORIENTED_EDGE('',*,*,#3093,.T.);
#4309=ORIENTED_EDGE('',*,*,#3096,.T.);
#4310=ORIENTED_EDGE('',*,*,#3099,.F.);
#4311=ORIENTED_EDGE('',*,*,#3132,.T.);
#4312=ORIENTED_EDGE('',*,*,#3102,.F.);
#4313=ORIENTED_EDGE('',*,*,#3134,.T.);
#4314=ORIENTED_EDGE('',*,*,#3136,.T.);
#4315=ORIENTED_EDGE('',*,*,#3109,.T.);
#4316=ORIENTED_EDGE('',*,*,#2942,.T.);
#4317=ORIENTED_EDGE('',*,*,#3098,.T.);
#4318=ORIENTED_EDGE('',*,*,#3139,.T.);
#4319=ORIENTED_EDGE('',*,*,#3137,.T.);
#4320=ORIENTED_EDGE('',*,*,#2929,.F.);
#4321=ORIENTED_EDGE('',*,*,#3086,.T.);
#4322=ORIENTED_EDGE('',*,*,#2935,.F.);
#4323=ORIENTED_EDGE('',*,*,#3090,.T.);
#4324=ORIENTED_EDGE('',*,*,#3135,.T.);
#4325=ORIENTED_EDGE('',*,*,#3103,.T.);
#4326=ORIENTED_EDGE('',*,*,#3123,.F.);
#4327=ORIENTED_EDGE('',*,*,#3119,.T.);
#4328=ORIENTED_EDGE('',*,*,#3122,.T.);
#4329=ORIENTED_EDGE('',*,*,#3128,.F.);
#4330=ORIENTED_EDGE('',*,*,#2978,.F.);
#4331=ORIENTED_EDGE('',*,*,#2944,.F.);
#4332=ORIENTED_EDGE('',*,*,#3140,.F.);
#4333=ORIENTED_EDGE('',*,*,#3141,.F.);
#4334=ORIENTED_EDGE('',*,*,#3142,.F.);
#4335=ORIENTED_EDGE('',*,*,#3143,.F.);
#4336=ORIENTED_EDGE('',*,*,#3144,.F.);
#4337=ORIENTED_EDGE('',*,*,#3145,.F.);
#4338=ORIENTED_EDGE('',*,*,#3146,.F.);
#4339=ORIENTED_EDGE('',*,*,#3147,.F.);
#4340=ORIENTED_EDGE('',*,*,#3148,.F.);
#4341=ORIENTED_EDGE('',*,*,#3149,.F.);
#4342=ORIENTED_EDGE('',*,*,#3150,.F.);
#4343=ORIENTED_EDGE('',*,*,#3151,.F.);
#4344=ORIENTED_EDGE('',*,*,#3147,.T.);
#4345=ORIENTED_EDGE('',*,*,#3152,.F.);
#4346=ORIENTED_EDGE('',*,*,#3153,.F.);
#4347=ORIENTED_EDGE('',*,*,#3154,.F.);
#4348=ORIENTED_EDGE('',*,*,#3155,.F.);
#4349=ORIENTED_EDGE('',*,*,#3156,.F.);
#4350=ORIENTED_EDGE('',*,*,#3150,.T.);
#4351=ORIENTED_EDGE('',*,*,#3157,.F.);
#4352=ORIENTED_EDGE('',*,*,#3158,.F.);
#4353=ORIENTED_EDGE('',*,*,#3159,.F.);
#4354=ORIENTED_EDGE('',*,*,#3160,.F.);
#4355=ORIENTED_EDGE('',*,*,#3161,.F.);
#4356=ORIENTED_EDGE('',*,*,#3141,.T.);
#4357=ORIENTED_EDGE('',*,*,#3162,.F.);
#4358=ORIENTED_EDGE('',*,*,#3163,.F.);
#4359=ORIENTED_EDGE('',*,*,#3164,.F.);
#4360=ORIENTED_EDGE('',*,*,#3165,.F.);
#4361=ORIENTED_EDGE('',*,*,#3166,.F.);
#4362=ORIENTED_EDGE('',*,*,#3167,.F.);
#4363=ORIENTED_EDGE('',*,*,#3168,.F.);
#4364=ORIENTED_EDGE('',*,*,#3169,.F.);
#4365=ORIENTED_EDGE('',*,*,#3170,.F.);
#4366=ORIENTED_EDGE('',*,*,#3170,.T.);
#4367=ORIENTED_EDGE('',*,*,#3171,.T.);
#4368=ORIENTED_EDGE('',*,*,#3172,.F.);
#4369=ORIENTED_EDGE('',*,*,#3173,.F.);
#4370=ORIENTED_EDGE('',*,*,#3174,.F.);
#4371=ORIENTED_EDGE('',*,*,#3175,.F.);
#4372=ORIENTED_EDGE('',*,*,#3176,.F.);
#4373=ORIENTED_EDGE('',*,*,#3177,.T.);
#4374=ORIENTED_EDGE('',*,*,#3169,.T.);
#4375=ORIENTED_EDGE('',*,*,#3178,.F.);
#4376=ORIENTED_EDGE('',*,*,#3179,.F.);
#4377=ORIENTED_EDGE('',*,*,#3171,.F.);
#4378=ORIENTED_EDGE('',*,*,#3180,.F.);
#4379=ORIENTED_EDGE('',*,*,#3181,.F.);
#4380=ORIENTED_EDGE('',*,*,#3182,.F.);
#4381=ORIENTED_EDGE('',*,*,#3183,.F.);
#4382=ORIENTED_EDGE('',*,*,#3184,.F.);
#4383=ORIENTED_EDGE('',*,*,#3185,.F.);
#4384=ORIENTED_EDGE('',*,*,#3186,.F.);
#4385=ORIENTED_EDGE('',*,*,#3187,.F.);
#4386=ORIENTED_EDGE('',*,*,#3188,.F.);
#4387=ORIENTED_EDGE('',*,*,#3189,.F.);
#4388=ORIENTED_EDGE('',*,*,#3190,.F.);
#4389=ORIENTED_EDGE('',*,*,#3191,.F.);
#4390=ORIENTED_EDGE('',*,*,#3192,.F.);
#4391=ORIENTED_EDGE('',*,*,#3193,.F.);
#4392=ORIENTED_EDGE('',*,*,#3194,.F.);
#4393=ORIENTED_EDGE('',*,*,#3195,.F.);
#4394=ORIENTED_EDGE('',*,*,#3196,.F.);
#4395=ORIENTED_EDGE('',*,*,#3193,.T.);
#4396=ORIENTED_EDGE('',*,*,#3197,.F.);
#4397=ORIENTED_EDGE('',*,*,#3198,.F.);
#4398=ORIENTED_EDGE('',*,*,#3199,.F.);
#4399=ORIENTED_EDGE('',*,*,#3200,.F.);
#4400=ORIENTED_EDGE('',*,*,#3201,.F.);
#4401=ORIENTED_EDGE('',*,*,#3202,.F.);
#4402=ORIENTED_EDGE('',*,*,#3195,.T.);
#4403=ORIENTED_EDGE('',*,*,#3203,.F.);
#4404=ORIENTED_EDGE('',*,*,#3204,.T.);
#4405=ORIENTED_EDGE('',*,*,#3192,.T.);
#4406=ORIENTED_EDGE('',*,*,#3205,.T.);
#4407=ORIENTED_EDGE('',*,*,#3206,.F.);
#4408=ORIENTED_EDGE('',*,*,#3197,.T.);
#4409=ORIENTED_EDGE('',*,*,#3196,.T.);
#4410=ORIENTED_EDGE('',*,*,#3204,.F.);
#4411=ORIENTED_EDGE('',*,*,#3207,.F.);
#4412=ORIENTED_EDGE('',*,*,#3208,.T.);
#4413=ORIENTED_EDGE('',*,*,#3209,.T.);
#4414=ORIENTED_EDGE('',*,*,#3174,.T.);
#4415=ORIENTED_EDGE('',*,*,#3210,.T.);
#4416=ORIENTED_EDGE('',*,*,#3211,.T.);
#4417=ORIENTED_EDGE('',*,*,#3205,.F.);
#4418=ORIENTED_EDGE('',*,*,#3189,.T.);
#4419=ORIENTED_EDGE('',*,*,#3212,.F.);
#4420=ORIENTED_EDGE('',*,*,#3213,.F.);
#4421=ORIENTED_EDGE('',*,*,#3214,.F.);
#4422=ORIENTED_EDGE('',*,*,#3215,.F.);
#4423=ORIENTED_EDGE('',*,*,#3216,.F.);
#4424=ORIENTED_EDGE('',*,*,#3188,.T.);
#4425=ORIENTED_EDGE('',*,*,#3217,.F.);
#4426=ORIENTED_EDGE('',*,*,#3218,.T.);
#4427=ORIENTED_EDGE('',*,*,#3219,.F.);
#4428=ORIENTED_EDGE('',*,*,#3212,.T.);
#4429=ORIENTED_EDGE('',*,*,#3183,.T.);
#4430=ORIENTED_EDGE('',*,*,#3220,.F.);
#4431=ORIENTED_EDGE('',*,*,#3221,.F.);
#4432=ORIENTED_EDGE('',*,*,#3222,.F.);
#4433=ORIENTED_EDGE('',*,*,#3223,.F.);
#4434=ORIENTED_EDGE('',*,*,#3182,.T.);
#4435=ORIENTED_EDGE('',*,*,#3224,.F.);
#4436=ORIENTED_EDGE('',*,*,#3225,.T.);
#4437=ORIENTED_EDGE('',*,*,#3220,.T.);
#4438=ORIENTED_EDGE('',*,*,#3181,.T.);
#4439=ORIENTED_EDGE('',*,*,#3226,.F.);
#4440=ORIENTED_EDGE('',*,*,#3227,.F.);
#4441=ORIENTED_EDGE('',*,*,#3228,.F.);
#4442=ORIENTED_EDGE('',*,*,#3224,.T.);
#4443=ORIENTED_EDGE('',*,*,#3229,.T.);
#4444=ORIENTED_EDGE('',*,*,#3230,.T.);
#4445=ORIENTED_EDGE('',*,*,#3231,.T.);
#4446=ORIENTED_EDGE('',*,*,#3232,.T.);
#4447=ORIENTED_EDGE('',*,*,#3233,.T.);
#4448=ORIENTED_EDGE('',*,*,#3234,.T.);
#4449=ORIENTED_EDGE('',*,*,#3235,.F.);
#4450=ORIENTED_EDGE('',*,*,#3236,.T.);
#4451=ORIENTED_EDGE('',*,*,#3232,.F.);
#4452=ORIENTED_EDGE('',*,*,#3168,.T.);
#4453=ORIENTED_EDGE('',*,*,#3237,.T.);
#4454=ORIENTED_EDGE('',*,*,#3238,.F.);
#4455=ORIENTED_EDGE('',*,*,#3229,.F.);
#4456=ORIENTED_EDGE('',*,*,#3239,.F.);
#4457=ORIENTED_EDGE('',*,*,#3240,.F.);
#4458=ORIENTED_EDGE('',*,*,#3241,.F.);
#4459=ORIENTED_EDGE('',*,*,#3178,.T.);
#4460=ORIENTED_EDGE('',*,*,#3145,.T.);
#4461=ORIENTED_EDGE('',*,*,#3242,.F.);
#4462=ORIENTED_EDGE('',*,*,#3243,.F.);
#4463=ORIENTED_EDGE('',*,*,#3239,.T.);
#4464=ORIENTED_EDGE('',*,*,#3236,.F.);
#4465=ORIENTED_EDGE('',*,*,#3244,.F.);
#4466=ORIENTED_EDGE('',*,*,#3245,.F.);
#4467=ORIENTED_EDGE('',*,*,#3246,.T.);
#4468=ORIENTED_EDGE('',*,*,#3247,.T.);
#4469=ORIENTED_EDGE('',*,*,#3248,.F.);
#4470=ORIENTED_EDGE('',*,*,#3175,.T.);
#4471=ORIENTED_EDGE('',*,*,#3209,.F.);
#4472=ORIENTED_EDGE('',*,*,#3246,.F.);
#4473=ORIENTED_EDGE('',*,*,#3249,.F.);
#4474=ORIENTED_EDGE('',*,*,#3250,.F.);
#4475=ORIENTED_EDGE('',*,*,#3251,.F.);
#4476=ORIENTED_EDGE('',*,*,#3252,.F.);
#4477=ORIENTED_EDGE('',*,*,#3233,.F.);
#4478=ORIENTED_EDGE('',*,*,#3231,.F.);
#4479=ORIENTED_EDGE('',*,*,#3245,.T.);
#4480=ORIENTED_EDGE('',*,*,#3208,.F.);
#4481=ORIENTED_EDGE('',*,*,#3253,.F.);
#4482=ORIENTED_EDGE('',*,*,#3254,.T.);
#4483=ORIENTED_EDGE('',*,*,#3255,.T.);
#4484=ORIENTED_EDGE('',*,*,#3256,.T.);
#4485=ORIENTED_EDGE('',*,*,#3249,.T.);
#4486=ORIENTED_EDGE('',*,*,#3254,.F.);
#4487=ORIENTED_EDGE('',*,*,#3257,.F.);
#4488=ORIENTED_EDGE('',*,*,#3218,.F.);
#4489=ORIENTED_EDGE('',*,*,#3258,.F.);
#4490=ORIENTED_EDGE('',*,*,#3259,.F.);
#4491=ORIENTED_EDGE('',*,*,#3260,.F.);
#4492=ORIENTED_EDGE('',*,*,#3261,.T.);
#4493=ORIENTED_EDGE('',*,*,#3262,.F.);
#4494=ORIENTED_EDGE('',*,*,#3263,.F.);
#4495=ORIENTED_EDGE('',*,*,#3264,.F.);
#4496=ORIENTED_EDGE('',*,*,#3194,.T.);
#4497=ORIENTED_EDGE('',*,*,#3202,.T.);
#4498=ORIENTED_EDGE('',*,*,#3265,.F.);
#4499=ORIENTED_EDGE('',*,*,#3257,.T.);
#4500=ORIENTED_EDGE('',*,*,#3253,.T.);
#4501=ORIENTED_EDGE('',*,*,#3207,.T.);
#4502=ORIENTED_EDGE('',*,*,#3203,.T.);
#4503=ORIENTED_EDGE('',*,*,#3238,.T.);
#4504=ORIENTED_EDGE('',*,*,#3266,.T.);
#4505=ORIENTED_EDGE('',*,*,#3176,.T.);
#4506=ORIENTED_EDGE('',*,*,#3248,.T.);
#4507=ORIENTED_EDGE('',*,*,#3267,.T.);
#4508=ORIENTED_EDGE('',*,*,#3251,.T.);
#4509=ORIENTED_EDGE('',*,*,#3230,.F.);
#4510=ORIENTED_EDGE('',*,*,#3167,.T.);
#4511=ORIENTED_EDGE('',*,*,#3177,.F.);
#4512=ORIENTED_EDGE('',*,*,#3266,.F.);
#4513=ORIENTED_EDGE('',*,*,#3237,.F.);
#4514=ORIENTED_EDGE('',*,*,#3172,.T.);
#4515=ORIENTED_EDGE('',*,*,#3179,.T.);
#4516=ORIENTED_EDGE('',*,*,#3241,.T.);
#4517=ORIENTED_EDGE('',*,*,#3268,.T.);
#4518=ORIENTED_EDGE('',*,*,#3240,.T.);
#4519=ORIENTED_EDGE('',*,*,#3243,.T.);
#4520=ORIENTED_EDGE('',*,*,#3269,.F.);
#4521=ORIENTED_EDGE('',*,*,#3155,.T.);
#4522=ORIENTED_EDGE('',*,*,#3270,.T.);
#4523=ORIENTED_EDGE('',*,*,#3271,.T.);
#4524=ORIENTED_EDGE('',*,*,#3272,.F.);
#4525=ORIENTED_EDGE('',*,*,#3160,.T.);
#4526=ORIENTED_EDGE('',*,*,#3273,.T.);
#4527=ORIENTED_EDGE('',*,*,#3274,.T.);
#4528=ORIENTED_EDGE('',*,*,#3275,.F.);
#4529=ORIENTED_EDGE('',*,*,#3165,.T.);
#4530=ORIENTED_EDGE('',*,*,#3276,.T.);
#4531=ORIENTED_EDGE('',*,*,#3277,.T.);
#4532=ORIENTED_EDGE('',*,*,#3010,.F.);
#4533=ORIENTED_EDGE('',*,*,#3013,.F.);
#4534=ORIENTED_EDGE('',*,*,#3278,.F.);
#4535=ORIENTED_EDGE('',*,*,#3210,.F.);
#4536=ORIENTED_EDGE('',*,*,#3173,.T.);
#4537=ORIENTED_EDGE('',*,*,#3268,.F.);
#4538=ORIENTED_EDGE('',*,*,#3279,.F.);
#4539=ORIENTED_EDGE('',*,*,#3260,.T.);
#4540=ORIENTED_EDGE('',*,*,#3280,.T.);
#4541=ORIENTED_EDGE('',*,*,#3281,.T.);
#4542=ORIENTED_EDGE('',*,*,#3281,.F.);
#4543=ORIENTED_EDGE('',*,*,#3282,.F.);
#4544=ORIENTED_EDGE('',*,*,#3283,.F.);
#4545=ORIENTED_EDGE('',*,*,#3284,.F.);
#4546=ORIENTED_EDGE('',*,*,#3285,.F.);
#4547=ORIENTED_EDGE('',*,*,#3184,.T.);
#4548=ORIENTED_EDGE('',*,*,#3223,.T.);
#4549=ORIENTED_EDGE('',*,*,#3286,.F.);
#4550=ORIENTED_EDGE('',*,*,#3287,.F.);
#4551=ORIENTED_EDGE('',*,*,#3288,.T.);
#4552=ORIENTED_EDGE('',*,*,#3265,.T.);
#4553=ORIENTED_EDGE('',*,*,#3201,.T.);
#4554=ORIENTED_EDGE('',*,*,#3289,.F.);
#4555=ORIENTED_EDGE('',*,*,#3290,.F.);
#4556=ORIENTED_EDGE('',*,*,#3187,.T.);
#4557=ORIENTED_EDGE('',*,*,#3291,.T.);
#4558=ORIENTED_EDGE('',*,*,#3292,.F.);
#4559=ORIENTED_EDGE('',*,*,#3293,.F.);
#4560=ORIENTED_EDGE('',*,*,#3217,.T.);
#4561=ORIENTED_EDGE('',*,*,#3191,.T.);
#4562=ORIENTED_EDGE('',*,*,#3294,.F.);
#4563=ORIENTED_EDGE('',*,*,#3295,.F.);
#4564=ORIENTED_EDGE('',*,*,#3296,.F.);
#4565=ORIENTED_EDGE('',*,*,#3291,.F.);
#4566=ORIENTED_EDGE('',*,*,#3297,.F.);
#4567=ORIENTED_EDGE('',*,*,#3213,.T.);
#4568=ORIENTED_EDGE('',*,*,#3219,.T.);
#4569=ORIENTED_EDGE('',*,*,#3290,.T.);
#4570=ORIENTED_EDGE('',*,*,#3289,.T.);
#4571=ORIENTED_EDGE('',*,*,#3200,.T.);
#4572=ORIENTED_EDGE('',*,*,#3298,.F.);
#4573=ORIENTED_EDGE('',*,*,#3214,.T.);
#4574=ORIENTED_EDGE('',*,*,#3297,.T.);
#4575=ORIENTED_EDGE('',*,*,#3180,.T.);
#4576=ORIENTED_EDGE('',*,*,#3299,.T.);
#4577=ORIENTED_EDGE('',*,*,#3300,.T.);
#4578=ORIENTED_EDGE('',*,*,#3293,.T.);
#4579=ORIENTED_EDGE('',*,*,#3301,.F.);
#4580=ORIENTED_EDGE('',*,*,#3226,.T.);
#4581=ORIENTED_EDGE('',*,*,#3292,.T.);
#4582=ORIENTED_EDGE('',*,*,#3296,.T.);
#4583=ORIENTED_EDGE('',*,*,#3302,.F.);
#4584=ORIENTED_EDGE('',*,*,#3227,.T.);
#4585=ORIENTED_EDGE('',*,*,#3301,.T.);
#4586=ORIENTED_EDGE('',*,*,#3303,.F.);
#4587=ORIENTED_EDGE('',*,*,#3304,.T.);
#4588=ORIENTED_EDGE('',*,*,#3305,.T.);
#4589=ORIENTED_EDGE('',*,*,#3287,.T.);
#4590=ORIENTED_EDGE('',*,*,#3211,.F.);
#4591=ORIENTED_EDGE('',*,*,#3306,.T.);
#4592=ORIENTED_EDGE('',*,*,#3198,.T.);
#4593=ORIENTED_EDGE('',*,*,#3206,.T.);
#4594=ORIENTED_EDGE('',*,*,#3190,.T.);
#4595=ORIENTED_EDGE('',*,*,#3216,.T.);
#4596=ORIENTED_EDGE('',*,*,#3307,.T.);
#4597=ORIENTED_EDGE('',*,*,#3294,.T.);
#4598=ORIENTED_EDGE('',*,*,#3306,.F.);
#4599=ORIENTED_EDGE('',*,*,#3278,.T.);
#4600=ORIENTED_EDGE('',*,*,#3012,.F.);
#4601=ORIENTED_EDGE('',*,*,#3015,.F.);
#4602=ORIENTED_EDGE('',*,*,#3018,.F.);
#4603=ORIENTED_EDGE('',*,*,#3308,.F.);
#4604=ORIENTED_EDGE('',*,*,#3309,.T.);
#4605=ORIENTED_EDGE('',*,*,#3284,.T.);
#4606=ORIENTED_EDGE('',*,*,#3310,.F.);
#4607=ORIENTED_EDGE('',*,*,#3311,.T.);
#4608=ORIENTED_EDGE('',*,*,#3312,.T.);
#4609=ORIENTED_EDGE('',*,*,#3221,.T.);
#4610=ORIENTED_EDGE('',*,*,#3225,.F.);
#4611=ORIENTED_EDGE('',*,*,#3228,.T.);
#4612=ORIENTED_EDGE('',*,*,#3302,.T.);
#4613=ORIENTED_EDGE('',*,*,#3295,.T.);
#4614=ORIENTED_EDGE('',*,*,#3307,.F.);
#4615=ORIENTED_EDGE('',*,*,#3215,.T.);
#4616=ORIENTED_EDGE('',*,*,#3298,.T.);
#4617=ORIENTED_EDGE('',*,*,#3199,.T.);
#4618=ORIENTED_EDGE('',*,*,#3283,.T.);
#4619=ORIENTED_EDGE('',*,*,#3313,.F.);
#4620=ORIENTED_EDGE('',*,*,#3314,.F.);
#4621=ORIENTED_EDGE('',*,*,#3310,.T.);
#4622=ORIENTED_EDGE('',*,*,#3315,.T.);
#4623=ORIENTED_EDGE('',*,*,#3313,.T.);
#4624=ORIENTED_EDGE('',*,*,#3282,.T.);
#4625=ORIENTED_EDGE('',*,*,#3280,.F.);
#4626=ORIENTED_EDGE('',*,*,#3259,.T.);
#4627=ORIENTED_EDGE('',*,*,#3305,.F.);
#4628=ORIENTED_EDGE('',*,*,#3185,.T.);
#4629=ORIENTED_EDGE('',*,*,#3288,.F.);
#4630=ORIENTED_EDGE('',*,*,#3258,.T.);
#4631=ORIENTED_EDGE('',*,*,#3300,.F.);
#4632=ORIENTED_EDGE('',*,*,#3316,.T.);
#4633=ORIENTED_EDGE('',*,*,#3317,.F.);
#4634=ORIENTED_EDGE('',*,*,#3318,.F.);
#4635=ORIENTED_EDGE('',*,*,#3319,.F.);
#4636=ORIENTED_EDGE('',*,*,#3320,.T.);
#4637=ORIENTED_EDGE('',*,*,#3027,.F.);
#4638=ORIENTED_EDGE('',*,*,#3321,.F.);
#4639=ORIENTED_EDGE('',*,*,#3322,.F.);
#4640=ORIENTED_EDGE('',*,*,#3323,.T.);
#4641=ORIENTED_EDGE('',*,*,#3317,.T.);
#4642=ORIENTED_EDGE('',*,*,#3324,.T.);
#4643=ORIENTED_EDGE('',*,*,#3325,.F.);
#4644=ORIENTED_EDGE('',*,*,#3326,.T.);
#4645=ORIENTED_EDGE('',*,*,#3327,.F.);
#4646=ORIENTED_EDGE('',*,*,#3324,.F.);
#4647=ORIENTED_EDGE('',*,*,#3320,.F.);
#4648=ORIENTED_EDGE('',*,*,#3328,.F.);
#4649=ORIENTED_EDGE('',*,*,#3329,.F.);
#4650=ORIENTED_EDGE('',*,*,#3330,.T.);
#4651=ORIENTED_EDGE('',*,*,#3308,.T.);
#4652=ORIENTED_EDGE('',*,*,#3017,.F.);
#4653=ORIENTED_EDGE('',*,*,#3020,.F.);
#4654=ORIENTED_EDGE('',*,*,#3028,.F.);
#4655=ORIENTED_EDGE('',*,*,#3323,.F.);
#4656=ORIENTED_EDGE('',*,*,#3304,.F.);
#4657=ORIENTED_EDGE('',*,*,#3331,.F.);
#4658=ORIENTED_EDGE('',*,*,#3311,.F.);
#4659=ORIENTED_EDGE('',*,*,#3314,.T.);
#4660=ORIENTED_EDGE('',*,*,#3315,.F.);
#4661=ORIENTED_EDGE('',*,*,#3286,.T.);
#4662=ORIENTED_EDGE('',*,*,#3222,.T.);
#4663=ORIENTED_EDGE('',*,*,#3312,.F.);
#4664=ORIENTED_EDGE('',*,*,#3331,.T.);
#4665=ORIENTED_EDGE('',*,*,#3303,.T.);
#4666=ORIENTED_EDGE('',*,*,#3186,.T.);
#4667=ORIENTED_EDGE('',*,*,#3316,.F.);
#4668=ORIENTED_EDGE('',*,*,#3299,.F.);
#4669=ORIENTED_EDGE('',*,*,#3279,.T.);
#4670=ORIENTED_EDGE('',*,*,#3285,.T.);
#4671=ORIENTED_EDGE('',*,*,#3309,.F.);
#4672=ORIENTED_EDGE('',*,*,#3330,.F.);
#4673=ORIENTED_EDGE('',*,*,#3332,.T.);
#4674=ORIENTED_EDGE('',*,*,#3333,.F.);
#4675=ORIENTED_EDGE('',*,*,#3261,.F.);
#4676=ORIENTED_EDGE('',*,*,#3334,.F.);
#4677=ORIENTED_EDGE('',*,*,#3153,.T.);
#4678=ORIENTED_EDGE('',*,*,#3335,.T.);
#4679=ORIENTED_EDGE('',*,*,#3071,.T.);
#4680=ORIENTED_EDGE('',*,*,#3334,.T.);
#4681=ORIENTED_EDGE('',*,*,#3070,.T.);
#4682=ORIENTED_EDGE('',*,*,#3336,.T.);
#4683=ORIENTED_EDGE('',*,*,#3337,.T.);
#4684=ORIENTED_EDGE('',*,*,#3270,.F.);
#4685=ORIENTED_EDGE('',*,*,#3154,.T.);
#4686=ORIENTED_EDGE('',*,*,#3336,.F.);
#4687=ORIENTED_EDGE('',*,*,#3069,.T.);
#4688=ORIENTED_EDGE('',*,*,#3338,.T.);
#4689=ORIENTED_EDGE('',*,*,#3339,.T.);
#4690=ORIENTED_EDGE('',*,*,#3148,.T.);
#4691=ORIENTED_EDGE('',*,*,#3340,.F.);
#4692=ORIENTED_EDGE('',*,*,#3271,.F.);
#4693=ORIENTED_EDGE('',*,*,#3337,.F.);
#4694=ORIENTED_EDGE('',*,*,#3339,.F.);
#4695=ORIENTED_EDGE('',*,*,#3341,.F.);
#4696=ORIENTED_EDGE('',*,*,#3342,.F.);
#4697=ORIENTED_EDGE('',*,*,#3065,.T.);
#4698=ORIENTED_EDGE('',*,*,#3343,.T.);
#4699=ORIENTED_EDGE('',*,*,#3344,.T.);
#4700=ORIENTED_EDGE('',*,*,#3345,.F.);
#4701=ORIENTED_EDGE('',*,*,#3158,.T.);
#4702=ORIENTED_EDGE('',*,*,#3346,.T.);
#4703=ORIENTED_EDGE('',*,*,#3067,.T.);
#4704=ORIENTED_EDGE('',*,*,#3342,.T.);
#4705=ORIENTED_EDGE('',*,*,#3347,.T.);
#4706=ORIENTED_EDGE('',*,*,#3273,.F.);
#4707=ORIENTED_EDGE('',*,*,#3159,.T.);
#4708=ORIENTED_EDGE('',*,*,#3345,.T.);
#4709=ORIENTED_EDGE('',*,*,#3066,.T.);
#4710=ORIENTED_EDGE('',*,*,#3348,.F.);
#4711=ORIENTED_EDGE('',*,*,#3163,.T.);
#4712=ORIENTED_EDGE('',*,*,#3349,.T.);
#4713=ORIENTED_EDGE('',*,*,#3062,.T.);
#4714=ORIENTED_EDGE('',*,*,#3242,.T.);
#4715=ORIENTED_EDGE('',*,*,#3144,.T.);
#4716=ORIENTED_EDGE('',*,*,#3156,.T.);
#4717=ORIENTED_EDGE('',*,*,#3269,.T.);
#4718=ORIENTED_EDGE('',*,*,#3340,.T.);
#4719=ORIENTED_EDGE('',*,*,#3151,.T.);
#4720=ORIENTED_EDGE('',*,*,#3161,.T.);
#4721=ORIENTED_EDGE('',*,*,#3272,.T.);
#4722=ORIENTED_EDGE('',*,*,#3350,.T.);
#4723=ORIENTED_EDGE('',*,*,#3142,.T.);
#4724=ORIENTED_EDGE('',*,*,#3166,.T.);
#4725=ORIENTED_EDGE('',*,*,#3275,.T.);
#4726=ORIENTED_EDGE('',*,*,#3162,.T.);
#4727=ORIENTED_EDGE('',*,*,#3140,.T.);
#4728=ORIENTED_EDGE('',*,*,#3351,.T.);
#4729=ORIENTED_EDGE('',*,*,#3343,.F.);
#4730=ORIENTED_EDGE('',*,*,#3064,.T.);
#4731=ORIENTED_EDGE('',*,*,#3349,.F.);
#4732=ORIENTED_EDGE('',*,*,#3157,.T.);
#4733=ORIENTED_EDGE('',*,*,#3149,.T.);
#4734=ORIENTED_EDGE('',*,*,#3341,.T.);
#4735=ORIENTED_EDGE('',*,*,#3338,.F.);
#4736=ORIENTED_EDGE('',*,*,#3068,.T.);
#4737=ORIENTED_EDGE('',*,*,#3346,.F.);
#4738=ORIENTED_EDGE('',*,*,#3152,.T.);
#4739=ORIENTED_EDGE('',*,*,#3146,.T.);
#4740=ORIENTED_EDGE('',*,*,#3244,.T.);
#4741=ORIENTED_EDGE('',*,*,#3235,.T.);
#4742=ORIENTED_EDGE('',*,*,#3352,.T.);
#4743=ORIENTED_EDGE('',*,*,#3072,.T.);
#4744=ORIENTED_EDGE('',*,*,#3335,.F.);
#4745=ORIENTED_EDGE('',*,*,#3143,.T.);
#4746=ORIENTED_EDGE('',*,*,#3350,.F.);
#4747=ORIENTED_EDGE('',*,*,#3274,.F.);
#4748=ORIENTED_EDGE('',*,*,#3347,.F.);
#4749=ORIENTED_EDGE('',*,*,#3344,.F.);
#4750=ORIENTED_EDGE('',*,*,#3351,.F.);
#4751=ORIENTED_EDGE('',*,*,#3061,.T.);
#4752=ORIENTED_EDGE('',*,*,#3353,.F.);
#4753=ORIENTED_EDGE('',*,*,#3276,.F.);
#4754=ORIENTED_EDGE('',*,*,#3164,.T.);
#4755=ORIENTED_EDGE('',*,*,#3348,.T.);
#4756=ORIENTED_EDGE('',*,*,#3322,.T.);
#4757=ORIENTED_EDGE('',*,*,#3354,.F.);
#4758=ORIENTED_EDGE('',*,*,#3325,.T.);
#4759=ORIENTED_EDGE('',*,*,#3327,.T.);
#4760=ORIENTED_EDGE('',*,*,#3060,.F.);
#4761=ORIENTED_EDGE('',*,*,#3006,.F.);
#4762=ORIENTED_EDGE('',*,*,#3277,.F.);
#4763=ORIENTED_EDGE('',*,*,#3353,.T.);
#4764=ORIENTED_EDGE('',*,*,#3355,.F.);
#4765=ORIENTED_EDGE('',*,*,#3356,.T.);
#4766=ORIENTED_EDGE('',*,*,#3332,.F.);
#4767=ORIENTED_EDGE('',*,*,#3329,.T.);
#4768=ORIENTED_EDGE('',*,*,#3319,.T.);
#4769=ORIENTED_EDGE('',*,*,#3357,.T.);
#4770=ORIENTED_EDGE('',*,*,#3355,.T.);
#4771=ORIENTED_EDGE('',*,*,#3328,.T.);
#4772=ORIENTED_EDGE('',*,*,#3326,.F.);
#4773=ORIENTED_EDGE('',*,*,#3354,.T.);
#4774=ORIENTED_EDGE('',*,*,#3321,.T.);
#4775=ORIENTED_EDGE('',*,*,#3026,.F.);
#4776=ORIENTED_EDGE('',*,*,#3358,.F.);
#4777=ORIENTED_EDGE('',*,*,#3359,.F.);
#4778=ORIENTED_EDGE('',*,*,#3262,.T.);
#4779=ORIENTED_EDGE('',*,*,#3333,.T.);
#4780=ORIENTED_EDGE('',*,*,#3356,.F.);
#4781=ORIENTED_EDGE('',*,*,#3357,.F.);
#4782=ORIENTED_EDGE('',*,*,#3318,.T.);
#4783=ORIENTED_EDGE('',*,*,#3029,.F.);
#4784=ORIENTED_EDGE('',*,*,#3360,.F.);
#4785=ORIENTED_EDGE('',*,*,#3263,.T.);
#4786=ORIENTED_EDGE('',*,*,#3359,.T.);
#4787=ORIENTED_EDGE('',*,*,#3361,.F.);
#4788=ORIENTED_EDGE('',*,*,#3044,.F.);
#4789=ORIENTED_EDGE('',*,*,#2887,.F.);
#4790=ORIENTED_EDGE('',*,*,#2924,.T.);
#4791=ORIENTED_EDGE('',*,*,#2946,.F.);
#4792=ORIENTED_EDGE('',*,*,#3362,.F.);
#4793=ORIENTED_EDGE('',*,*,#3034,.F.);
#4794=ORIENTED_EDGE('',*,*,#3363,.F.);
#4795=ORIENTED_EDGE('',*,*,#3255,.F.);
#4796=ORIENTED_EDGE('',*,*,#3264,.T.);
#4797=ORIENTED_EDGE('',*,*,#3360,.T.);
#4798=ORIENTED_EDGE('',*,*,#3032,.F.);
#4799=ORIENTED_EDGE('',*,*,#3362,.T.);
#4800=ORIENTED_EDGE('',*,*,#2945,.T.);
#4801=ORIENTED_EDGE('',*,*,#3058,.T.);
#4802=ORIENTED_EDGE('',*,*,#3057,.F.);
#4803=ORIENTED_EDGE('',*,*,#3364,.T.);
#4804=ORIENTED_EDGE('',*,*,#3365,.F.);
#4805=ORIENTED_EDGE('',*,*,#3366,.F.);
#4806=ORIENTED_EDGE('',*,*,#2888,.F.);
#4807=ORIENTED_EDGE('',*,*,#3367,.T.);
#4808=ORIENTED_EDGE('',*,*,#3368,.T.);
#4809=ORIENTED_EDGE('',*,*,#3369,.T.);
#4810=ORIENTED_EDGE('',*,*,#3370,.T.);
#4811=ORIENTED_EDGE('',*,*,#2997,.F.);
#4812=ORIENTED_EDGE('',*,*,#2996,.T.);
#4813=ORIENTED_EDGE('',*,*,#2995,.T.);
#4814=ORIENTED_EDGE('',*,*,#2908,.T.);
#4815=ORIENTED_EDGE('',*,*,#2889,.T.);
#4816=ORIENTED_EDGE('',*,*,#3366,.T.);
#4817=ORIENTED_EDGE('',*,*,#3365,.T.);
#4818=ORIENTED_EDGE('',*,*,#3371,.T.);
#4819=ORIENTED_EDGE('',*,*,#3368,.F.);
#4820=ORIENTED_EDGE('',*,*,#3372,.T.);
#4821=ORIENTED_EDGE('',*,*,#3373,.T.);
#4822=ORIENTED_EDGE('',*,*,#3374,.T.);
#4823=ORIENTED_EDGE('',*,*,#3375,.T.);
#4824=ORIENTED_EDGE('',*,*,#3376,.T.);
#4825=ORIENTED_EDGE('',*,*,#3377,.T.);
#4826=ORIENTED_EDGE('',*,*,#3378,.F.);
#4827=ORIENTED_EDGE('',*,*,#3379,.F.);
#4828=ORIENTED_EDGE('',*,*,#3380,.T.);
#4829=ORIENTED_EDGE('',*,*,#3021,.T.);
#4830=ORIENTED_EDGE('',*,*,#3381,.F.);
#4831=ORIENTED_EDGE('',*,*,#3382,.T.);
#4832=ORIENTED_EDGE('',*,*,#3383,.T.);
#4833=ORIENTED_EDGE('',*,*,#3379,.T.);
#4834=ORIENTED_EDGE('',*,*,#3382,.F.);
#4835=ORIENTED_EDGE('',*,*,#3384,.F.);
#4836=ORIENTED_EDGE('',*,*,#3385,.F.);
#4837=ORIENTED_EDGE('',*,*,#3386,.F.);
#4838=ORIENTED_EDGE('',*,*,#3387,.T.);
#4839=ORIENTED_EDGE('',*,*,#3047,.T.);
#4840=ORIENTED_EDGE('',*,*,#3388,.T.);
#4841=ORIENTED_EDGE('',*,*,#3385,.T.);
#4842=ORIENTED_EDGE('',*,*,#3389,.F.);
#4843=ORIENTED_EDGE('',*,*,#3390,.T.);
#4844=ORIENTED_EDGE('',*,*,#3391,.T.);
#4845=ORIENTED_EDGE('',*,*,#3055,.T.);
#4846=ORIENTED_EDGE('',*,*,#3370,.F.);
#4847=ORIENTED_EDGE('',*,*,#3392,.F.);
#4848=ORIENTED_EDGE('',*,*,#3390,.F.);
#4849=ORIENTED_EDGE('',*,*,#3393,.F.);
#4850=ORIENTED_EDGE('',*,*,#3394,.F.);
#4851=ORIENTED_EDGE('',*,*,#3381,.T.);
#4852=ORIENTED_EDGE('',*,*,#3378,.T.);
#4853=ORIENTED_EDGE('',*,*,#3395,.T.);
#4854=ORIENTED_EDGE('',*,*,#3048,.F.);
#4855=ORIENTED_EDGE('',*,*,#3387,.F.);
#4856=ORIENTED_EDGE('',*,*,#3395,.F.);
#4857=ORIENTED_EDGE('',*,*,#3377,.F.);
#4858=ORIENTED_EDGE('',*,*,#3396,.F.);
#4859=ORIENTED_EDGE('',*,*,#3049,.T.);
#4860=ORIENTED_EDGE('',*,*,#3397,.F.);
#4861=ORIENTED_EDGE('',*,*,#3389,.T.);
#4862=ORIENTED_EDGE('',*,*,#3054,.T.);
#4863=ORIENTED_EDGE('',*,*,#3398,.T.);
#4864=ORIENTED_EDGE('',*,*,#3372,.F.);
#4865=ORIENTED_EDGE('',*,*,#3367,.F.);
#4866=ORIENTED_EDGE('',*,*,#3398,.F.);
#4867=ORIENTED_EDGE('',*,*,#3053,.F.);
#4868=ORIENTED_EDGE('',*,*,#3399,.T.);
#4869=ORIENTED_EDGE('',*,*,#3373,.F.);
#4870=ORIENTED_EDGE('',*,*,#3400,.F.);
#4871=ORIENTED_EDGE('',*,*,#3401,.T.);
#4872=ORIENTED_EDGE('',*,*,#3402,.F.);
#4873=ORIENTED_EDGE('',*,*,#3401,.F.);
#4874=ORIENTED_EDGE('',*,*,#3403,.F.);
#4875=ORIENTED_EDGE('',*,*,#3404,.T.);
#4876=ORIENTED_EDGE('',*,*,#3405,.T.);
#4877=ORIENTED_EDGE('',*,*,#3404,.F.);
#4878=ORIENTED_EDGE('',*,*,#3405,.F.);
#4879=ORIENTED_EDGE('',*,*,#3406,.F.);
#4880=ORIENTED_EDGE('',*,*,#3407,.F.);
#4881=ORIENTED_EDGE('',*,*,#3408,.F.);
#4882=ORIENTED_EDGE('',*,*,#3409,.F.);
#4883=ORIENTED_EDGE('',*,*,#3410,.F.);
#4884=ORIENTED_EDGE('',*,*,#3402,.T.);
#4885=ORIENTED_EDGE('',*,*,#3411,.F.);
#4886=ORIENTED_EDGE('',*,*,#3412,.F.);
#4887=ORIENTED_EDGE('',*,*,#3413,.F.);
#4888=ORIENTED_EDGE('',*,*,#3414,.F.);
#4889=ORIENTED_EDGE('',*,*,#3415,.F.);
#4890=ORIENTED_EDGE('',*,*,#3394,.T.);
#4891=ORIENTED_EDGE('',*,*,#3384,.T.);
#4892=ORIENTED_EDGE('',*,*,#3416,.T.);
#4893=ORIENTED_EDGE('',*,*,#3417,.T.);
#4894=ORIENTED_EDGE('',*,*,#3418,.T.);
#4895=ORIENTED_EDGE('',*,*,#3419,.T.);
#4896=ORIENTED_EDGE('',*,*,#3420,.T.);
#4897=ORIENTED_EDGE('',*,*,#3421,.F.);
#4898=ORIENTED_EDGE('',*,*,#3422,.T.);
#4899=ORIENTED_EDGE('',*,*,#3414,.T.);
#4900=ORIENTED_EDGE('',*,*,#3422,.F.);
#4901=ORIENTED_EDGE('',*,*,#3407,.T.);
#4902=ORIENTED_EDGE('',*,*,#3423,.T.);
#4903=ORIENTED_EDGE('',*,*,#3420,.F.);
#4904=ORIENTED_EDGE('',*,*,#3423,.F.);
#4905=ORIENTED_EDGE('',*,*,#3424,.F.);
#4906=ORIENTED_EDGE('',*,*,#3425,.T.);
#4907=ORIENTED_EDGE('',*,*,#3413,.T.);
#4908=ORIENTED_EDGE('',*,*,#3425,.F.);
#4909=ORIENTED_EDGE('',*,*,#3410,.T.);
#4910=ORIENTED_EDGE('',*,*,#3426,.T.);
#4911=ORIENTED_EDGE('',*,*,#3419,.F.);
#4912=ORIENTED_EDGE('',*,*,#3426,.F.);
#4913=ORIENTED_EDGE('',*,*,#3427,.F.);
#4914=ORIENTED_EDGE('',*,*,#3428,.T.);
#4915=ORIENTED_EDGE('',*,*,#3415,.T.);
#4916=ORIENTED_EDGE('',*,*,#3428,.F.);
#4917=ORIENTED_EDGE('',*,*,#3406,.T.);
#4918=ORIENTED_EDGE('',*,*,#3429,.T.);
#4919=ORIENTED_EDGE('',*,*,#3418,.F.);
#4920=ORIENTED_EDGE('',*,*,#3429,.F.);
#4921=ORIENTED_EDGE('',*,*,#3430,.F.);
#4922=ORIENTED_EDGE('',*,*,#3431,.T.);
#4923=ORIENTED_EDGE('',*,*,#3412,.T.);
#4924=ORIENTED_EDGE('',*,*,#3431,.F.);
#4925=ORIENTED_EDGE('',*,*,#3408,.T.);
#4926=ORIENTED_EDGE('',*,*,#3432,.T.);
#4927=ORIENTED_EDGE('',*,*,#3417,.F.);
#4928=ORIENTED_EDGE('',*,*,#3432,.F.);
#4929=ORIENTED_EDGE('',*,*,#3433,.F.);
#4930=ORIENTED_EDGE('',*,*,#3434,.T.);
#4931=ORIENTED_EDGE('',*,*,#3411,.T.);
#4932=ORIENTED_EDGE('',*,*,#3434,.F.);
#4933=ORIENTED_EDGE('',*,*,#3409,.T.);
#4934=ORIENTED_EDGE('',*,*,#3435,.T.);
#4935=ORIENTED_EDGE('',*,*,#3416,.F.);
#4936=ORIENTED_EDGE('',*,*,#3435,.F.);
#4937=ORIENTED_EDGE('',*,*,#3397,.T.);
#4938=ORIENTED_EDGE('',*,*,#3393,.T.);
#4939=ORIENTED_EDGE('',*,*,#3433,.T.);
#4940=ORIENTED_EDGE('',*,*,#3430,.T.);
#4941=ORIENTED_EDGE('',*,*,#3427,.T.);
#4942=ORIENTED_EDGE('',*,*,#3424,.T.);
#4943=ORIENTED_EDGE('',*,*,#3421,.T.);
#4944=ORIENTED_EDGE('',*,*,#3046,.T.);
#4945=ORIENTED_EDGE('',*,*,#3022,.T.);
#4946=ORIENTED_EDGE('',*,*,#3380,.F.);
#4947=ORIENTED_EDGE('',*,*,#3383,.F.);
#4948=ORIENTED_EDGE('',*,*,#3386,.T.);
#4949=ORIENTED_EDGE('',*,*,#3388,.F.);
#4950=ORIENTED_EDGE('',*,*,#3403,.T.);
#4951=ORIENTED_EDGE('',*,*,#3050,.F.);
#4952=ORIENTED_EDGE('',*,*,#3396,.T.);
#4953=ORIENTED_EDGE('',*,*,#3376,.F.);
#4954=ORIENTED_EDGE('',*,*,#3436,.F.);
#4955=ORIENTED_EDGE('',*,*,#3051,.F.);
#4956=ORIENTED_EDGE('',*,*,#3436,.T.);
#4957=ORIENTED_EDGE('',*,*,#3375,.F.);
#4958=ORIENTED_EDGE('',*,*,#3437,.F.);
#4959=ORIENTED_EDGE('',*,*,#3052,.F.);
#4960=ORIENTED_EDGE('',*,*,#3437,.T.);
#4961=ORIENTED_EDGE('',*,*,#3374,.F.);
#4962=ORIENTED_EDGE('',*,*,#3399,.F.);
#4963=ORIENTED_EDGE('',*,*,#3371,.F.);
#4964=ORIENTED_EDGE('',*,*,#3364,.F.);
#4965=ORIENTED_EDGE('',*,*,#3056,.T.);
#4966=ORIENTED_EDGE('',*,*,#3391,.F.);
#4967=ORIENTED_EDGE('',*,*,#3392,.T.);
#4968=ORIENTED_EDGE('',*,*,#3369,.F.);
#4969=ORIENTED_EDGE('',*,*,#3400,.T.);
#4970=ORIENTED_EDGE('',*,*,#3045,.F.);
#4971=ORIENTED_EDGE('',*,*,#3361,.T.);
#4972=ORIENTED_EDGE('',*,*,#3358,.T.);
#4973=ORIENTED_EDGE('',*,*,#3025,.F.);
#4974=ORIENTED_EDGE('',*,*,#3040,.F.);
#4975=ORIENTED_EDGE('',*,*,#3075,.F.);
#4976=ORIENTED_EDGE('',*,*,#3073,.T.);
#4977=ORIENTED_EDGE('',*,*,#3352,.F.);
#4978=ORIENTED_EDGE('',*,*,#3234,.F.);
#4979=ORIENTED_EDGE('',*,*,#3252,.T.);
#4980=ORIENTED_EDGE('',*,*,#3267,.F.);
#4981=ORIENTED_EDGE('',*,*,#3247,.F.);
#4982=ORIENTED_EDGE('',*,*,#3250,.T.);
#4983=ORIENTED_EDGE('',*,*,#3256,.F.);
#4984=ORIENTED_EDGE('',*,*,#3363,.T.);
#4985=ORIENTED_EDGE('',*,*,#3035,.F.);
#4986=(
BOUNDED_SURFACE()
B_SPLINE_SURFACE(5,1,((#7278,#7279),(#7280,#7281),(#7282,#7283),(#7284,
#7285),(#7286,#7287),(#7288,#7289),(#7290,#7291),(#7292,#7293),(#7294,#7295),
(#7296,#7297),(#7298,#7299),(#7300,#7301),(#7302,#7303),(#7304,#7305),(#7306,
#7307),(#7308,#7309),(#7310,#7311),(#7312,#7313),(#7314,#7315),(#7316,#7317),
(#7318,#7319),(#7320,#7321),(#7322,#7323),(#7324,#7325),(#7326,#7327)),
 .UNSPECIFIED.,.F.,.F.,.F.)
B_SPLINE_SURFACE_WITH_KNOTS((6,1,1,1,1,1,1,1,1,1,1,1,1,1,1,1,1,1,1,1,6),
(2,2),(-1.,-0.95,-0.9,-0.85,-0.8,-0.75,-0.7,-0.65,-0.6,-0.55,-0.5,-0.45,
-0.4,-0.35,-0.3,-0.25,-0.2,-0.15,-0.1,-0.05,0.),(0.,2.),.UNSPECIFIED.)
GEOMETRIC_REPRESENTATION_ITEM()
RATIONAL_B_SPLINE_SURFACE(((1.,1.),(1.,1.),(1.,1.),(1.,1.),(1.,1.),(1.,
1.),(1.,1.),(1.,1.),(1.,1.),(1.,1.),(1.,1.),(1.,1.),(1.,1.),(1.,1.),(1.,
1.),(1.,1.),(1.,1.),(1.,1.),(1.,1.),(1.,1.),(1.,1.),(1.,1.),(1.,1.),(1.,
1.),(1.,1.)))
REPRESENTATION_ITEM('')
SURFACE()
);
#4987=(
BOUNDED_SURFACE()
B_SPLINE_SURFACE(5,1,((#7630,#7631),(#7632,#7633),(#7634,#7635),(#7636,
#7637),(#7638,#7639),(#7640,#7641),(#7642,#7643),(#7644,#7645),(#7646,#7647),
(#7648,#7649),(#7650,#7651),(#7652,#7653),(#7654,#7655),(#7656,#7657),(#7658,
#7659),(#7660,#7661),(#7662,#7663),(#7664,#7665),(#7666,#7667),(#7668,#7669),
(#7670,#7671),(#7672,#7673),(#7674,#7675),(#7676,#7677),(#7678,#7679)),
 .UNSPECIFIED.,.F.,.F.,.F.)
B_SPLINE_SURFACE_WITH_KNOTS((6,1,1,1,1,1,1,1,1,1,1,1,1,1,1,1,1,1,1,1,6),
(2,2),(0.,0.05,0.1,0.15,0.2,0.25,0.3,0.35,0.4,0.45,0.5,0.55,0.6,0.65,0.7,
0.75,0.8,0.85,0.9,0.95,1.),(0.,2.),.UNSPECIFIED.)
GEOMETRIC_REPRESENTATION_ITEM()
RATIONAL_B_SPLINE_SURFACE(((1.,1.),(1.,1.),(1.,1.),(1.,1.),(1.,1.),(1.,
1.),(1.,1.),(1.,1.),(1.,1.),(1.,1.),(1.,1.),(1.,1.),(1.,1.),(1.,1.),(1.,
1.),(1.,1.),(1.,1.),(1.,1.),(1.,1.),(1.,1.),(1.,1.),(1.,1.),(1.,1.),(1.,
1.),(1.,1.)))
REPRESENTATION_ITEM('')
SURFACE()
);
#4988=(
BOUNDED_SURFACE()
B_SPLINE_SURFACE(5,1,((#8524,#8525),(#8526,#8527),(#8528,#8529),(#8530,
#8531),(#8532,#8533),(#8534,#8535),(#8536,#8537),(#8538,#8539),(#8540,#8541),
(#8542,#8543),(#8544,#8545),(#8546,#8547),(#8548,#8549),(#8550,#8551),(#8552,
#8553),(#8554,#8555),(#8556,#8557),(#8558,#8559),(#8560,#8561),(#8562,#8563),
(#8564,#8565),(#8566,#8567),(#8568,#8569),(#8570,#8571),(#8572,#8573)),
 .UNSPECIFIED.,.F.,.F.,.F.)
B_SPLINE_SURFACE_WITH_KNOTS((6,1,1,1,1,1,1,1,1,1,1,1,1,1,1,1,1,1,1,1,6),
(2,2),(0.,0.05,0.1,0.15,0.2,0.25,0.3,0.35,0.4,0.45,0.5,0.55,0.6,0.65,0.7,
0.75,0.8,0.85,0.9,0.95,1.),(0.,2.),.UNSPECIFIED.)
GEOMETRIC_REPRESENTATION_ITEM()
RATIONAL_B_SPLINE_SURFACE(((1.,1.),(1.,1.),(1.,1.),(1.,1.),(1.,1.),(1.,
1.),(1.,1.),(1.,1.),(1.,1.),(1.,1.),(1.,1.),(1.,1.),(1.,1.),(1.,1.),(1.,
1.),(1.,1.),(1.,1.),(1.,1.),(1.,1.),(1.,1.),(1.,1.),(1.,1.),(1.,1.),(1.,
1.),(1.,1.)))
REPRESENTATION_ITEM('')
SURFACE()
);
#4989=(
BOUNDED_SURFACE()
B_SPLINE_SURFACE(5,1,((#10061,#10062),(#10063,#10064),(#10065,#10066),(#10067,
#10068),(#10069,#10070),(#10071,#10072),(#10073,#10074),(#10075,#10076),
(#10077,#10078),(#10079,#10080),(#10081,#10082),(#10083,#10084),(#10085,
#10086),(#10087,#10088),(#10089,#10090),(#10091,#10092),(#10093,#10094),
(#10095,#10096),(#10097,#10098),(#10099,#10100),(#10101,#10102),(#10103,
#10104),(#10105,#10106),(#10107,#10108),(#10109,#10110),(#10111,#10112),
(#10113,#10114),(#10115,#10116),(#10117,#10118),(#10119,#10120)),
 .UNSPECIFIED.,.F.,.F.,.F.)
B_SPLINE_SURFACE_WITH_KNOTS((6,1,1,1,1,1,1,1,1,1,1,1,1,1,1,1,1,1,1,1,5,
6),(2,2),(-1.,-0.95,-0.9,-0.85,-0.8,-0.75,-0.7,-0.65,-0.6,-0.55,-0.5,-0.45,
-0.4,-0.35,-0.3,-0.25,-0.2,-0.15,-0.1,-0.05,0.,0.581286726078707),(-5.66399458530598E-6,
2.95680281989277),.UNSPECIFIED.)
GEOMETRIC_REPRESENTATION_ITEM()
RATIONAL_B_SPLINE_SURFACE(((1.,1.),(1.,1.),(1.,1.),(1.,1.),(1.,1.),(1.,
1.),(1.,1.),(1.,1.),(1.,1.),(1.,1.),(1.,1.),(1.,1.),(1.,1.),(1.,1.),(1.,
1.),(1.,1.),(1.,1.),(1.,1.),(1.,1.),(1.,1.),(1.,1.),(1.,1.),(1.,1.),(1.,
1.),(1.,1.),(1.,1.),(1.,1.),(1.,1.),(1.,1.),(1.,1.)))
REPRESENTATION_ITEM('')
SURFACE()
);
#4990=ADVANCED_FACE('',(#600),#4986,.T.);
#4991=ADVANCED_FACE('',(#601),#474,.F.);
#4992=ADVANCED_FACE('',(#602),#149,.T.);
#4993=ADVANCED_FACE('',(#603),#475,.F.);
#4994=ADVANCED_FACE('',(#604),#476,.T.);
#4995=ADVANCED_FACE('',(#605),#477,.F.);
#4996=ADVANCED_FACE('',(#606),#150,.F.);
#4997=ADVANCED_FACE('',(#607),#478,.F.);
#4998=ADVANCED_FACE('',(#608),#479,.T.);
#4999=ADVANCED_FACE('',(#609),#143,.F.);
#5000=ADVANCED_FACE('',(#610),#151,.T.);
#5001=ADVANCED_FACE('',(#611),#144,.F.);
#5002=ADVANCED_FACE('',(#612),#152,.T.);
#5003=ADVANCED_FACE('',(#613),#480,.F.);
#5004=ADVANCED_FACE('',(#614),#481,.F.);
#5005=ADVANCED_FACE('',(#615),#153,.F.);
#5006=ADVANCED_FACE('',(#616,#95,#96,#97,#98,#99),#154,.T.);
#5007=ADVANCED_FACE('',(#617,#100,#101,#102,#103,#104),#155,.T.);
#5008=ADVANCED_FACE('',(#618,#105,#106,#107,#108,#109),#156,.T.);
#5009=ADVANCED_FACE('',(#619),#482,.F.);
#5010=ADVANCED_FACE('',(#620),#483,.F.);
#5011=ADVANCED_FACE('',(#621),#484,.F.);
#5012=ADVANCED_FACE('',(#622),#485,.F.);
#5013=ADVANCED_FACE('',(#623),#486,.F.);
#5014=ADVANCED_FACE('',(#624),#487,.F.);
#5015=ADVANCED_FACE('',(#625),#488,.F.);
#5016=ADVANCED_FACE('',(#626),#489,.F.);
#5017=ADVANCED_FACE('',(#627),#490,.F.);
#5018=ADVANCED_FACE('',(#628),#491,.F.);
#5019=ADVANCED_FACE('',(#629,#110,#111,#112,#113,#114),#157,.T.);
#5020=ADVANCED_FACE('',(#630,#115),#158,.T.);
#5021=ADVANCED_FACE('',(#631),#492,.F.);
#5022=ADVANCED_FACE('',(#632),#159,.T.);
#5023=ADVANCED_FACE('',(#633),#493,.F.);
#5024=ADVANCED_FACE('',(#634,#116),#160,.T.);
#5025=ADVANCED_FACE('',(#635),#4987,.T.);
#5026=ADVANCED_FACE('',(#636),#161,.T.);
#5027=ADVANCED_FACE('',(#637),#162,.F.);
#5028=ADVANCED_FACE('',(#638),#494,.T.);
#5029=ADVANCED_FACE('',(#639),#163,.T.);
#5030=ADVANCED_FACE('',(#640),#495,.T.);
#5031=ADVANCED_FACE('',(#641),#164,.F.);
#5032=ADVANCED_FACE('',(#642),#496,.F.);
#5033=ADVANCED_FACE('',(#643),#165,.T.);
#5034=ADVANCED_FACE('',(#644),#497,.F.);
#5035=ADVANCED_FACE('',(#645),#166,.T.);
#5036=ADVANCED_FACE('',(#646,#117,#118),#167,.T.);
#5037=ADVANCED_FACE('',(#647),#168,.T.);
#5038=ADVANCED_FACE('',(#648),#498,.T.);
#5039=ADVANCED_FACE('',(#649),#499,.T.);
#5040=ADVANCED_FACE('',(#650),#500,.F.);
#5041=ADVANCED_FACE('',(#651),#169,.F.);
#5042=ADVANCED_FACE('',(#652),#170,.F.);
#5043=ADVANCED_FACE('',(#653),#171,.F.);
#5044=ADVANCED_FACE('',(#654),#172,.F.);
#5045=ADVANCED_FACE('',(#655),#173,.F.);
#5046=ADVANCED_FACE('',(#656),#174,.F.);
#5047=ADVANCED_FACE('',(#657),#175,.F.);
#5048=ADVANCED_FACE('',(#658),#176,.F.);
#5049=ADVANCED_FACE('',(#659),#177,.T.);
#5050=ADVANCED_FACE('',(#660),#178,.F.);
#5051=ADVANCED_FACE('',(#661),#179,.F.);
#5052=ADVANCED_FACE('',(#662),#180,.F.);
#5053=ADVANCED_FACE('',(#663),#181,.F.);
#5054=ADVANCED_FACE('',(#664),#501,.F.);
#5055=ADVANCED_FACE('',(#665),#502,.F.);
#5056=ADVANCED_FACE('',(#666),#503,.F.);
#5057=ADVANCED_FACE('',(#667),#504,.F.);
#5058=ADVANCED_FACE('',(#668),#505,.T.);
#5059=ADVANCED_FACE('',(#669),#506,.T.);
#5060=ADVANCED_FACE('',(#670),#507,.F.);
#5061=ADVANCED_FACE('',(#671),#182,.F.);
#5062=ADVANCED_FACE('',(#672),#183,.F.);
#5063=ADVANCED_FACE('',(#673),#184,.F.);
#5064=ADVANCED_FACE('',(#674),#185,.F.);
#5065=ADVANCED_FACE('',(#675),#186,.F.);
#5066=ADVANCED_FACE('',(#676),#187,.F.);
#5067=ADVANCED_FACE('',(#677),#188,.F.);
#5068=ADVANCED_FACE('',(#678),#508,.F.);
#5069=ADVANCED_FACE('',(#679),#189,.T.);
#5070=ADVANCED_FACE('',(#680),#509,.F.);
#5071=ADVANCED_FACE('',(#681),#190,.T.);
#5072=ADVANCED_FACE('',(#682),#510,.T.);
#5073=ADVANCED_FACE('',(#683),#191,.F.);
#5074=ADVANCED_FACE('',(#684),#192,.F.);
#5075=ADVANCED_FACE('',(#685,#119),#511,.T.);
#5076=ADVANCED_FACE('',(#686),#193,.T.);
#5077=ADVANCED_FACE('',(#687),#194,.F.);
#5078=ADVANCED_FACE('',(#688),#195,.F.);
#5079=ADVANCED_FACE('',(#689),#512,.F.);
#5080=ADVANCED_FACE('',(#690),#513,.F.);
#5081=ADVANCED_FACE('',(#691),#514,.T.);
#5082=ADVANCED_FACE('',(#692),#196,.F.);
#5083=ADVANCED_FACE('',(#693),#197,.T.);
#5084=ADVANCED_FACE('',(#694,#120),#515,.T.);
#5085=ADVANCED_FACE('',(#695),#198,.F.);
#5086=ADVANCED_FACE('',(#696),#516,.F.);
#5087=ADVANCED_FACE('',(#697),#517,.T.);
#5088=ADVANCED_FACE('',(#698),#145,.T.);
#5089=ADVANCED_FACE('',(#699),#518,.T.);
#5090=ADVANCED_FACE('',(#700),#19,.F.);
#5091=ADVANCED_FACE('',(#701),#519,.T.);
#5092=ADVANCED_FACE('',(#702),#520,.T.);
#5093=ADVANCED_FACE('',(#703),#20,.F.);
#5094=ADVANCED_FACE('',(#704),#199,.F.);
#5095=ADVANCED_FACE('',(#705),#200,.T.);
#5096=ADVANCED_FACE('',(#706),#201,.T.);
#5097=ADVANCED_FACE('',(#707),#521,.T.);
#5098=ADVANCED_FACE('',(#708),#202,.T.);
#5099=ADVANCED_FACE('',(#709),#203,.T.);
#5100=ADVANCED_FACE('',(#710),#204,.T.);
#5101=ADVANCED_FACE('',(#711),#4988,.T.);
#5102=ADVANCED_FACE('',(#712),#522,.T.);
#5103=ADVANCED_FACE('',(#713),#523,.T.);
#5104=ADVANCED_FACE('',(#714),#21,.F.);
#5105=ADVANCED_FACE('',(#715),#524,.T.);
#5106=ADVANCED_FACE('',(#716),#146,.T.);
#5107=ADVANCED_FACE('',(#717),#525,.T.);
#5108=ADVANCED_FACE('',(#718),#22,.F.);
#5109=ADVANCED_FACE('',(#719),#205,.F.);
#5110=ADVANCED_FACE('',(#720),#526,.F.);
#5111=ADVANCED_FACE('',(#721),#206,.F.);
#5112=ADVANCED_FACE('',(#722),#207,.T.);
#5113=ADVANCED_FACE('',(#723),#208,.F.);
#5114=ADVANCED_FACE('',(#724),#527,.T.);
#5115=ADVANCED_FACE('',(#725),#209,.T.);
#5116=ADVANCED_FACE('',(#726),#528,.T.);
#5117=ADVANCED_FACE('',(#727),#210,.F.);
#5118=ADVANCED_FACE('',(#728),#529,.F.);
#5119=ADVANCED_FACE('',(#729),#530,.F.);
#5120=ADVANCED_FACE('',(#730),#211,.T.);
#5121=ADVANCED_FACE('',(#731),#531,.T.);
#5122=ADVANCED_FACE('',(#732),#532,.T.);
#5123=ADVANCED_FACE('',(#733),#533,.F.);
#5124=ADVANCED_FACE('',(#734),#212,.F.);
#5125=ADVANCED_FACE('',(#735),#213,.F.);
#5126=ADVANCED_FACE('',(#736),#214,.F.);
#5127=ADVANCED_FACE('',(#737),#215,.F.);
#5128=ADVANCED_FACE('',(#738),#216,.F.);
#5129=ADVANCED_FACE('',(#739),#217,.F.);
#5130=ADVANCED_FACE('',(#740),#218,.F.);
#5131=ADVANCED_FACE('',(#741),#219,.T.);
#5132=ADVANCED_FACE('',(#742),#220,.F.);
#5133=ADVANCED_FACE('',(#743),#221,.F.);
#5134=ADVANCED_FACE('',(#744),#222,.F.);
#5135=ADVANCED_FACE('',(#745),#534,.F.);
#5136=ADVANCED_FACE('',(#746),#535,.F.);
#5137=ADVANCED_FACE('',(#747),#536,.F.);
#5138=ADVANCED_FACE('',(#748),#537,.T.);
#5139=ADVANCED_FACE('',(#749),#538,.T.);
#5140=ADVANCED_FACE('',(#750),#539,.F.);
#5141=ADVANCED_FACE('',(#751),#223,.F.);
#5142=ADVANCED_FACE('',(#752),#224,.F.);
#5143=ADVANCED_FACE('',(#753),#225,.F.);
#5144=ADVANCED_FACE('',(#754),#226,.F.);
#5145=ADVANCED_FACE('',(#755),#227,.F.);
#5146=ADVANCED_FACE('',(#756),#228,.T.);
#5147=ADVANCED_FACE('',(#757),#229,.T.);
#5148=ADVANCED_FACE('',(#758),#540,.F.);
#5149=ADVANCED_FACE('',(#759),#541,.F.);
#5150=ADVANCED_FACE('',(#760),#542,.F.);
#5151=ADVANCED_FACE('',(#761),#230,.T.);
#5152=ADVANCED_FACE('',(#762),#231,.T.);
#5153=ADVANCED_FACE('',(#763),#232,.T.);
#5154=ADVANCED_FACE('',(#764),#543,.F.);
#5155=ADVANCED_FACE('',(#765),#233,.T.);
#5156=ADVANCED_FACE('',(#766),#234,.F.);
#5157=ADVANCED_FACE('',(#767),#544,.F.);
#5158=ADVANCED_FACE('',(#768),#545,.F.);
#5159=ADVANCED_FACE('',(#769),#546,.F.);
#5160=ADVANCED_FACE('',(#770),#235,.T.);
#5161=ADVANCED_FACE('',(#771),#236,.T.);
#5162=ADVANCED_FACE('',(#772),#237,.T.);
#5163=ADVANCED_FACE('',(#773),#238,.T.);
#5164=ADVANCED_FACE('',(#774),#239,.T.);
#5165=ADVANCED_FACE('',(#775),#547,.F.);
#5166=ADVANCED_FACE('',(#776),#240,.T.);
#5167=ADVANCED_FACE('',(#777),#23,.T.);
#5168=ADVANCED_FACE('',(#778),#241,.T.);
#5169=ADVANCED_FACE('',(#779),#548,.F.);
#5170=ADVANCED_FACE('',(#780),#549,.F.);
#5171=ADVANCED_FACE('',(#781),#242,.T.);
#5172=ADVANCED_FACE('',(#782),#243,.F.);
#5173=ADVANCED_FACE('',(#783),#550,.F.);
#5174=ADVANCED_FACE('',(#784),#244,.F.);
#5175=ADVANCED_FACE('',(#785),#245,.F.);
#5176=ADVANCED_FACE('',(#786),#551,.F.);
#5177=ADVANCED_FACE('',(#787),#246,.T.);
#5178=ADVANCED_FACE('',(#788),#552,.F.);
#5179=ADVANCED_FACE('',(#789),#553,.F.);
#5180=ADVANCED_FACE('',(#790),#247,.F.);
#5181=ADVANCED_FACE('',(#791),#554,.F.);
#5182=ADVANCED_FACE('',(#792),#248,.T.);
#5183=ADVANCED_FACE('',(#793),#555,.F.);
#5184=ADVANCED_FACE('',(#794),#249,.T.);
#5185=ADVANCED_FACE('',(#795),#556,.F.);
#5186=ADVANCED_FACE('',(#796),#557,.F.);
#5187=ADVANCED_FACE('',(#797),#558,.F.);
#5188=ADVANCED_FACE('',(#798),#250,.T.);
#5189=ADVANCED_FACE('',(#799),#559,.F.);
#5190=ADVANCED_FACE('',(#800),#251,.F.);
#5191=ADVANCED_FACE('',(#801),#560,.F.);
#5192=ADVANCED_FACE('',(#802),#252,.F.);
#5193=ADVANCED_FACE('',(#803),#561,.F.);
#5194=ADVANCED_FACE('',(#804),#562,.F.);
#5195=ADVANCED_FACE('',(#805),#563,.F.);
#5196=ADVANCED_FACE('',(#806),#253,.T.);
#5197=ADVANCED_FACE('',(#807),#24,.T.);
#5198=ADVANCED_FACE('',(#808),#564,.F.);
#5199=ADVANCED_FACE('',(#809),#565,.F.);
#5200=ADVANCED_FACE('',(#810),#254,.F.);
#5201=ADVANCED_FACE('',(#811),#255,.F.);
#5202=ADVANCED_FACE('',(#812),#566,.T.);
#5203=ADVANCED_FACE('',(#813),#256,.F.);
#5204=ADVANCED_FACE('',(#814),#257,.T.);
#5205=ADVANCED_FACE('',(#815),#258,.F.);
#5206=ADVANCED_FACE('',(#816),#259,.T.);
#5207=ADVANCED_FACE('',(#817),#260,.F.);
#5208=ADVANCED_FACE('',(#818),#567,.F.);
#5209=ADVANCED_FACE('',(#819),#261,.F.);
#5210=ADVANCED_FACE('',(#820),#568,.F.);
#5211=ADVANCED_FACE('',(#821),#262,.T.);
#5212=ADVANCED_FACE('',(#822),#569,.F.);
#5213=ADVANCED_FACE('',(#823),#570,.F.);
#5214=ADVANCED_FACE('',(#824),#263,.F.);
#5215=ADVANCED_FACE('',(#825),#571,.F.);
#5216=ADVANCED_FACE('',(#826),#572,.F.);
#5217=ADVANCED_FACE('',(#827),#573,.F.);
#5218=ADVANCED_FACE('',(#828),#574,.F.);
#5219=ADVANCED_FACE('',(#829),#575,.F.);
#5220=ADVANCED_FACE('',(#830),#576,.F.);
#5221=ADVANCED_FACE('',(#831),#577,.F.);
#5222=ADVANCED_FACE('',(#832),#264,.T.);
#5223=ADVANCED_FACE('',(#833),#265,.F.);
#5224=ADVANCED_FACE('',(#834),#25,.F.);
#5225=ADVANCED_FACE('',(#835),#266,.F.);
#5226=ADVANCED_FACE('',(#836),#26,.F.);
#5227=ADVANCED_FACE('',(#837),#578,.T.);
#5228=ADVANCED_FACE('',(#838),#267,.T.);
#5229=ADVANCED_FACE('',(#839),#268,.T.);
#5230=ADVANCED_FACE('',(#840),#269,.T.);
#5231=ADVANCED_FACE('',(#841),#270,.T.);
#5232=ADVANCED_FACE('',(#842),#4989,.T.);
#5233=ADVANCED_FACE('',(#843),#579,.F.);
#5234=ADVANCED_FACE('',(#844),#271,.T.);
#5235=ADVANCED_FACE('',(#845),#580,.F.);
#5236=ADVANCED_FACE('',(#846),#581,.T.);
#5237=ADVANCED_FACE('',(#847),#582,.F.);
#5238=ADVANCED_FACE('',(#848),#583,.F.);
#5239=ADVANCED_FACE('',(#849),#584,.T.);
#5240=ADVANCED_FACE('',(#850),#147,.F.);
#5241=ADVANCED_FACE('',(#851),#272,.T.);
#5242=ADVANCED_FACE('',(#852),#148,.F.);
#5243=ADVANCED_FACE('',(#853),#273,.T.);
#5244=ADVANCED_FACE('',(#854),#585,.F.);
#5245=ADVANCED_FACE('',(#855),#586,.F.);
#5246=ADVANCED_FACE('',(#856,#121,#122,#123,#124,#125),#274,.T.);
#5247=ADVANCED_FACE('',(#857,#126,#127,#128,#129,#130),#275,.T.);
#5248=ADVANCED_FACE('',(#858,#131,#132,#133,#134,#135),#276,.T.);
#5249=ADVANCED_FACE('',(#859),#587,.F.);
#5250=ADVANCED_FACE('',(#860),#588,.F.);
#5251=ADVANCED_FACE('',(#861),#589,.F.);
#5252=ADVANCED_FACE('',(#862),#590,.F.);
#5253=ADVANCED_FACE('',(#863),#591,.F.);
#5254=ADVANCED_FACE('',(#864),#592,.F.);
#5255=ADVANCED_FACE('',(#865),#593,.F.);
#5256=ADVANCED_FACE('',(#866),#594,.F.);
#5257=ADVANCED_FACE('',(#867),#595,.F.);
#5258=ADVANCED_FACE('',(#868),#596,.F.);
#5259=ADVANCED_FACE('',(#869,#136,#137,#138,#139,#140),#277,.T.);
#5260=ADVANCED_FACE('',(#870,#141),#278,.T.);
#5261=ADVANCED_FACE('',(#871),#597,.F.);
#5262=ADVANCED_FACE('',(#872),#279,.T.);
#5263=ADVANCED_FACE('',(#873),#598,.F.);
#5264=ADVANCED_FACE('',(#874,#142),#280,.T.);
#5265=ADVANCED_FACE('',(#875),#281,.T.);
#5266=ADVANCED_FACE('',(#876),#599,.T.);
#5267=CLOSED_SHELL('',(#4990,#4991,#4992,#4993,#4994,#4995,#4996,#4997,
#4998,#4999,#5000,#5001,#5002,#5003,#5004,#5005,#5006,#5007,#5008,#5009,
#5010,#5011,#5012,#5013,#5014,#5015,#5016,#5017,#5018,#5019,#5020,#5021,
#5022,#5023,#5024,#5025));
#5268=CLOSED_SHELL('',(#5026,#5027,#5028,#5029,#5030,#5031,#5032,#5033,
#5034,#5035,#5036,#5037,#5038,#5039,#5040,#5041,#5042,#5043,#5044,#5045,
#5046,#5047,#5048,#5049,#5050,#5051,#5052,#5053,#5054,#5055,#5056,#5057,
#5058,#5059,#5060,#5061,#5062,#5063,#5064,#5065,#5066,#5067,#5068,#5069,
#5070,#5071));
#5269=CLOSED_SHELL('',(#5072,#5073,#5074,#5075,#5076,#5077,#5078,#5079,
#5080,#5081,#5082,#5083,#5084,#5085,#5086,#5087,#5088,#5089,#5090,#5091,
#5092,#5093,#5094,#5095,#5096,#5097,#5098,#5099,#5100,#5101,#5102,#5103,
#5104,#5105,#5106,#5107,#5108,#5109,#5110,#5111,#5112,#5113,#5114,#5115,
#5116,#5117,#5118,#5119,#5120,#5121,#5122,#5123,#5124,#5125,#5126,#5127,
#5128,#5129,#5130,#5131,#5132,#5133,#5134,#5135,#5136,#5137,#5138,#5139,
#5140,#5141,#5142,#5143,#5144,#5145,#5146,#5147,#5148,#5149,#5150,#5151,
#5152,#5153,#5154,#5155,#5156,#5157,#5158,#5159,#5160,#5161,#5162,#5163,
#5164,#5165,#5166,#5167,#5168,#5169,#5170,#5171,#5172,#5173,#5174,#5175,
#5176,#5177,#5178,#5179,#5180,#5181,#5182,#5183,#5184,#5185,#5186,#5187,
#5188,#5189,#5190,#5191,#5192,#5193,#5194,#5195,#5196,#5197,#5198,#5199,
#5200,#5201,#5202,#5203,#5204,#5205,#5206,#5207,#5208,#5209,#5210,#5211,
#5212,#5213,#5214,#5215,#5216,#5217,#5218,#5219,#5220,#5221,#5222,#5223,
#5224,#5225,#5226,#5227,#5228,#5229,#5230,#5231,#5232,#5233,#5234,#5235,
#5236,#5237,#5238,#5239,#5240,#5241,#5242,#5243,#5244,#5245,#5246,#5247,
#5248,#5249,#5250,#5251,#5252,#5253,#5254,#5255,#5256,#5257,#5258,#5259,
#5260,#5261,#5262,#5263,#5264,#5265,#5266));
#5270=DERIVED_UNIT_ELEMENT(#5274,1.);
#5271=DERIVED_UNIT_ELEMENT(#10384,-3.);
#5272=DERIVED_UNIT_ELEMENT(#5274,1.);
#5273=DERIVED_UNIT_ELEMENT(#10384,-3.);
#5274=(
MASS_UNIT()
NAMED_UNIT(*)
SI_UNIT(.KILO.,.GRAM.)
);
#5275=DERIVED_UNIT((#5270,#5271));
#5276=DERIVED_UNIT((#5272,#5273));
#5277=MEASURE_REPRESENTATION_ITEM('density measure',
POSITIVE_RATIO_MEASURE(7850.),#5275);
#5278=MEASURE_REPRESENTATION_ITEM('density measure',
POSITIVE_RATIO_MEASURE(7850.),#5276);
#5279=PROPERTY_DEFINITION_REPRESENTATION(#5289,#5283);
#5280=PROPERTY_DEFINITION_REPRESENTATION(#5290,#5284);
#5281=PROPERTY_DEFINITION_REPRESENTATION(#5291,#5285);
#5282=PROPERTY_DEFINITION_REPRESENTATION(#5292,#5286);
#5283=REPRESENTATION('material name',(#5287),#10380);
#5284=REPRESENTATION('density',(#5277),#10380);
#5285=REPRESENTATION('material name',(#5288),#10381);
#5286=REPRESENTATION('density',(#5278),#10381);
#5287=DESCRIPTIVE_REPRESENTATION_ITEM('Steel','Steel');
#5288=DESCRIPTIVE_REPRESENTATION_ITEM('Steel','Steel');
#5289=PROPERTY_DEFINITION('material property','material name',#10400);
#5290=PROPERTY_DEFINITION('material property','density of part',#10400);
#5291=PROPERTY_DEFINITION('material property','material name',#10401);
#5292=PROPERTY_DEFINITION('material property','density of part',#10401);
#5293=AXIS2_PLACEMENT_3D('',#7276,#5811,#5812);
#5294=AXIS2_PLACEMENT_3D('',#7277,#5813,#5814);
#5295=AXIS2_PLACEMENT_3D('',#7358,#5816,#5817);
#5296=AXIS2_PLACEMENT_3D('',#7374,#5819,#5820);
#5297=AXIS2_PLACEMENT_3D('',#7376,#5822,#5823);
#5298=AXIS2_PLACEMENT_3D('',#7394,#5827,#5828);
#5299=AXIS2_PLACEMENT_3D('',#7398,#5830,#5831);
#5300=AXIS2_PLACEMENT_3D('',#7424,#5835,#5836);
#5301=AXIS2_PLACEMENT_3D('',#7438,#5838,#5839);
#5302=AXIS2_PLACEMENT_3D('',#7439,#5840,#5841);
#5303=AXIS2_PLACEMENT_3D('',#7441,#5842,#5843);
#5304=AXIS2_PLACEMENT_3D('',#7444,#5845,#5846);
#5305=AXIS2_PLACEMENT_3D('',#7445,#5847,#5848);
#5306=AXIS2_PLACEMENT_3D('',#7459,#5850,#5851);
#5307=AXIS2_PLACEMENT_3D('',#7460,#5852,#5853);
#5308=AXIS2_PLACEMENT_3D('',#7475,#5855,#5856);
#5309=AXIS2_PLACEMENT_3D('',#7479,#5858,#5859);
#5310=AXIS2_PLACEMENT_3D('',#7508,#5865,#5866);
#5311=AXIS2_PLACEMENT_3D('',#7522,#5868,#5869);
#5312=AXIS2_PLACEMENT_3D('',#7523,#5870,#5871);
#5313=AXIS2_PLACEMENT_3D('',#7524,#5872,#5873);
#5314=AXIS2_PLACEMENT_3D('',#7525,#5874,#5875);
#5315=AXIS2_PLACEMENT_3D('',#7526,#5876,#5877);
#5316=AXIS2_PLACEMENT_3D('',#7527,#5878,#5879);
#5317=AXIS2_PLACEMENT_3D('',#7528,#5880,#5881);
#5318=AXIS2_PLACEMENT_3D('',#7529,#5882,#5883);
#5319=AXIS2_PLACEMENT_3D('',#7531,#5885,#5886);
#5320=AXIS2_PLACEMENT_3D('',#7532,#5887,#5888);
#5321=AXIS2_PLACEMENT_3D('',#7533,#5889,#5890);
#5322=AXIS2_PLACEMENT_3D('',#7534,#5891,#5892);
#5323=AXIS2_PLACEMENT_3D('',#7536,#5894,#5895);
#5324=AXIS2_PLACEMENT_3D('',#7538,#5896,#5897);
#5325=AXIS2_PLACEMENT_3D('',#7541,#5899,#5900);
#5326=AXIS2_PLACEMENT_3D('',#7542,#5901,#5902);
#5327=AXIS2_PLACEMENT_3D('',#7544,#5903,#5904);
#5328=AXIS2_PLACEMENT_3D('',#7547,#5906,#5907);
#5329=AXIS2_PLACEMENT_3D('',#7548,#5908,#5909);
#5330=AXIS2_PLACEMENT_3D('',#7558,#5910,#5911);
#5331=AXIS2_PLACEMENT_3D('',#7560,#5912,#5913);
#5332=AXIS2_PLACEMENT_3D('',#7562,#5914,#5915);
#5333=AXIS2_PLACEMENT_3D('',#7564,#5916,#5917);
#5334=AXIS2_PLACEMENT_3D('',#7566,#5918,#5919);
#5335=AXIS2_PLACEMENT_3D('',#7568,#5920,#5921);
#5336=AXIS2_PLACEMENT_3D('',#7569,#5922,#5923);
#5337=AXIS2_PLACEMENT_3D('',#7571,#5924,#5925);
#5338=AXIS2_PLACEMENT_3D('',#7573,#5926,#5927);
#5339=AXIS2_PLACEMENT_3D('',#7575,#5928,#5929);
#5340=AXIS2_PLACEMENT_3D('',#7577,#5930,#5931);
#5341=AXIS2_PLACEMENT_3D('',#7579,#5932,#5933);
#5342=AXIS2_PLACEMENT_3D('',#7580,#5934,#5935);
#5343=AXIS2_PLACEMENT_3D('',#7582,#5936,#5937);
#5344=AXIS2_PLACEMENT_3D('',#7584,#5938,#5939);
#5345=AXIS2_PLACEMENT_3D('',#7586,#5940,#5941);
#5346=AXIS2_PLACEMENT_3D('',#7588,#5942,#5943);
#5347=AXIS2_PLACEMENT_3D('',#7590,#5944,#5945);
#5348=AXIS2_PLACEMENT_3D('',#7591,#5946,#5947);
#5349=AXIS2_PLACEMENT_3D('',#7593,#5948,#5949);
#5350=AXIS2_PLACEMENT_3D('',#7595,#5951,#5952);
#5351=AXIS2_PLACEMENT_3D('',#7597,#5954,#5955);
#5352=AXIS2_PLACEMENT_3D('',#7599,#5956,#5957);
#5353=AXIS2_PLACEMENT_3D('',#7601,#5959,#5960);
#5354=AXIS2_PLACEMENT_3D('',#7603,#5962,#5963);
#5355=AXIS2_PLACEMENT_3D('',#7605,#5964,#5965);
#5356=AXIS2_PLACEMENT_3D('',#7607,#5967,#5968);
#5357=AXIS2_PLACEMENT_3D('',#7609,#5970,#5971);
#5358=AXIS2_PLACEMENT_3D('',#7611,#5972,#5973);
#5359=AXIS2_PLACEMENT_3D('',#7613,#5975,#5976);
#5360=AXIS2_PLACEMENT_3D('',#7615,#5978,#5979);
#5361=AXIS2_PLACEMENT_3D('',#7617,#5980,#5981);
#5362=AXIS2_PLACEMENT_3D('',#7619,#5983,#5984);
#5363=AXIS2_PLACEMENT_3D('',#7621,#5986,#5987);
#5364=AXIS2_PLACEMENT_3D('',#7622,#5988,#5989);
#5365=AXIS2_PLACEMENT_3D('',#7624,#5991,#5992);
#5366=AXIS2_PLACEMENT_3D('',#7626,#5994,#5995);
#5367=AXIS2_PLACEMENT_3D('',#7628,#5997,#5998);
#5368=AXIS2_PLACEMENT_3D('',#7629,#5999,#6000);
#5369=AXIS2_PLACEMENT_3D('',#7680,#6001,#6002);
#5370=AXIS2_PLACEMENT_3D('',#7681,#6003,#6004);
#5371=AXIS2_PLACEMENT_3D('',#7684,#6005,#6006);
#5372=AXIS2_PLACEMENT_3D('',#7688,#6008,#6009);
#5373=AXIS2_PLACEMENT_3D('',#7692,#6011,#6012);
#5374=AXIS2_PLACEMENT_3D('',#7696,#6014,#6015);
#5375=AXIS2_PLACEMENT_3D('',#7704,#6020,#6021);
#5376=AXIS2_PLACEMENT_3D('',#7714,#6027,#6028);
#5377=AXIS2_PLACEMENT_3D('',#7717,#6030,#6031);
#5378=AXIS2_PLACEMENT_3D('',#7718,#6032,#6033);
#5379=AXIS2_PLACEMENT_3D('',#7722,#6036,#6037);
#5380=AXIS2_PLACEMENT_3D('',#7725,#6039,#6040);
#5381=AXIS2_PLACEMENT_3D('',#7726,#6041,#6042);
#5382=AXIS2_PLACEMENT_3D('',#7734,#6047,#6048);
#5383=AXIS2_PLACEMENT_3D('',#7738,#6050,#6051);
#5384=AXIS2_PLACEMENT_3D('',#7739,#6052,#6053);
#5385=AXIS2_PLACEMENT_3D('',#7740,#6054,#6055);
#5386=AXIS2_PLACEMENT_3D('',#7742,#6056,#6057);
#5387=AXIS2_PLACEMENT_3D('',#7744,#6058,#6059);
#5388=AXIS2_PLACEMENT_3D('',#7752,#6064,#6065);
#5389=AXIS2_PLACEMENT_3D('',#7756,#6067,#6068);
#5390=AXIS2_PLACEMENT_3D('',#7757,#6069,#6070);
#5391=AXIS2_PLACEMENT_3D('',#7758,#6071,#6072);
#5392=AXIS2_PLACEMENT_3D('',#7762,#6075,#6076);
#5393=AXIS2_PLACEMENT_3D('',#7780,#6086,#6087);
#5394=AXIS2_PLACEMENT_3D('',#7782,#6088,#6089);
#5395=AXIS2_PLACEMENT_3D('',#7783,#6090,#6091);
#5396=AXIS2_PLACEMENT_3D('',#7785,#6093,#6094);
#5397=AXIS2_PLACEMENT_3D('',#7788,#6095,#6096);
#5398=AXIS2_PLACEMENT_3D('',#7791,#6098,#6099);
#5399=AXIS2_PLACEMENT_3D('',#7792,#6100,#6101);
#5400=AXIS2_PLACEMENT_3D('',#7795,#6102,#6103);
#5401=AXIS2_PLACEMENT_3D('',#7798,#6105,#6106);
#5402=AXIS2_PLACEMENT_3D('',#7799,#6107,#6108);
#5403=AXIS2_PLACEMENT_3D('',#7801,#6109,#6110);
#5404=AXIS2_PLACEMENT_3D('',#7804,#6112,#6113);
#5405=AXIS2_PLACEMENT_3D('',#7805,#6114,#6115);
#5406=AXIS2_PLACEMENT_3D('',#7821,#6125,#6126);
#5407=AXIS2_PLACEMENT_3D('',#7834,#6133,#6134);
#5408=AXIS2_PLACEMENT_3D('',#7838,#6136,#6137);
#5409=AXIS2_PLACEMENT_3D('',#7839,#6138,#6139);
#5410=AXIS2_PLACEMENT_3D('',#7840,#6140,#6141);
#5411=AXIS2_PLACEMENT_3D('',#7854,#6149,#6150);
#5412=AXIS2_PLACEMENT_3D('',#7857,#6153,#6154);
#5413=AXIS2_PLACEMENT_3D('',#7863,#6158,#6159);
#5414=AXIS2_PLACEMENT_3D('',#7867,#6162,#6163);
#5415=AXIS2_PLACEMENT_3D('',#7882,#6172,#6173);
#5416=AXIS2_PLACEMENT_3D('',#7884,#6175,#6176);
#5417=AXIS2_PLACEMENT_3D('',#7886,#6178,#6179);
#5418=AXIS2_PLACEMENT_3D('',#7889,#6182,#6183);
#5419=AXIS2_PLACEMENT_3D('',#7891,#6185,#6186);
#5420=AXIS2_PLACEMENT_3D('',#7893,#6188,#6189);
#5421=AXIS2_PLACEMENT_3D('',#7895,#6191,#6192);
#5422=AXIS2_PLACEMENT_3D('',#7896,#6193,#6194);
#5423=AXIS2_PLACEMENT_3D('',#7897,#6195,#6196);
#5424=AXIS2_PLACEMENT_3D('',#7899,#6197,#6198);
#5425=AXIS2_PLACEMENT_3D('',#7900,#6199,#6200);
#5426=AXIS2_PLACEMENT_3D('',#7901,#6201,#6202);
#5427=AXIS2_PLACEMENT_3D('',#7904,#6204,#6205);
#5428=AXIS2_PLACEMENT_3D('',#7905,#6206,#6207);
#5429=AXIS2_PLACEMENT_3D('',#7906,#6208,#6209);
#5430=AXIS2_PLACEMENT_3D('',#7907,#6210,#6211);
#5431=AXIS2_PLACEMENT_3D('',#7908,#6212,#6213);
#5432=AXIS2_PLACEMENT_3D('',#7909,#6214,#6215);
#5433=AXIS2_PLACEMENT_3D('',#7910,#6216,#6217);
#5434=AXIS2_PLACEMENT_3D('',#7913,#6218,#6219);
#5435=AXIS2_PLACEMENT_3D('',#7915,#6220,#6221);
#5436=AXIS2_PLACEMENT_3D('',#7917,#6223,#6224);
#5437=AXIS2_PLACEMENT_3D('',#7918,#6225,#6226);
#5438=AXIS2_PLACEMENT_3D('',#7919,#6227,#6228);
#5439=AXIS2_PLACEMENT_3D('',#7920,#6229,#6230);
#5440=AXIS2_PLACEMENT_3D('',#7921,#6231,#6232);
#5441=AXIS2_PLACEMENT_3D('',#7922,#6233,#6234);
#5442=AXIS2_PLACEMENT_3D('',#7924,#6236,#6237);
#5443=AXIS2_PLACEMENT_3D('',#7926,#6239,#6240);
#5444=AXIS2_PLACEMENT_3D('',#7927,#6241,#6242);
#5445=AXIS2_PLACEMENT_3D('',#7928,#6243,#6244);
#5446=AXIS2_PLACEMENT_3D('',#7929,#6245,#6246);
#5447=AXIS2_PLACEMENT_3D('',#7932,#6248,#6249);
#5448=AXIS2_PLACEMENT_3D('',#7933,#6250,#6251);
#5449=AXIS2_PLACEMENT_3D('',#7934,#6252,#6253);
#5450=AXIS2_PLACEMENT_3D('',#7937,#6255,#6256);
#5451=AXIS2_PLACEMENT_3D('',#7938,#6257,#6258);
#5452=AXIS2_PLACEMENT_3D('',#7939,#6259,#6260);
#5453=AXIS2_PLACEMENT_3D('',#7942,#6261,#6262);
#5454=AXIS2_PLACEMENT_3D('',#7964,#6264,#6265);
#5455=AXIS2_PLACEMENT_3D('',#7968,#6267,#6268);
#5456=AXIS2_PLACEMENT_3D('',#7987,#6269,#6270);
#5457=AXIS2_PLACEMENT_3D('',#7995,#6274,#6275);
#5458=AXIS2_PLACEMENT_3D('',#8005,#6280,#6281);
#5459=AXIS2_PLACEMENT_3D('',#8009,#6283,#6284);
#5460=AXIS2_PLACEMENT_3D('',#8013,#6286,#6287);
#5461=AXIS2_PLACEMENT_3D('',#8016,#6289,#6290);
#5462=AXIS2_PLACEMENT_3D('',#8017,#6291,#6292);
#5463=AXIS2_PLACEMENT_3D('',#8024,#6296,#6297);
#5464=AXIS2_PLACEMENT_3D('',#8025,#6298,#6299);
#5465=AXIS2_PLACEMENT_3D('',#8028,#6300,#6301);
#5466=AXIS2_PLACEMENT_3D('',#8081,#6304,#6305);
#5467=AXIS2_PLACEMENT_3D('',#8095,#6312,#6313);
#5468=AXIS2_PLACEMENT_3D('',#8097,#6315,#6316);
#5469=AXIS2_PLACEMENT_3D('',#8103,#6320,#6321);
#5470=AXIS2_PLACEMENT_3D('',#8105,#6322,#6323);
#5471=AXIS2_PLACEMENT_3D('',#8109,#6325,#6326);
#5472=AXIS2_PLACEMENT_3D('',#8111,#6327,#6328);
#5473=AXIS2_PLACEMENT_3D('',#8115,#6330,#6331);
#5474=AXIS2_PLACEMENT_3D('',#8117,#6332,#6333);
#5475=AXIS2_PLACEMENT_3D('',#8121,#6335,#6336);
#5476=AXIS2_PLACEMENT_3D('',#8129,#6341,#6342);
#5477=AXIS2_PLACEMENT_3D('',#8132,#6344,#6345);
#5478=AXIS2_PLACEMENT_3D('',#8133,#6346,#6347);
#5479=AXIS2_PLACEMENT_3D('',#8136,#6349,#6350);
#5480=AXIS2_PLACEMENT_3D('',#8137,#6351,#6352);
#5481=AXIS2_PLACEMENT_3D('',#8178,#6354,#6355);
#5482=AXIS2_PLACEMENT_3D('',#8181,#6357,#6358);
#5483=AXIS2_PLACEMENT_3D('',#8182,#6359,#6360);
#5484=AXIS2_PLACEMENT_3D('',#8186,#6362,#6363);
#5485=AXIS2_PLACEMENT_3D('',#8192,#6367,#6368);
#5486=AXIS2_PLACEMENT_3D('',#8196,#6370,#6371);
#5487=AXIS2_PLACEMENT_3D('',#8200,#6373,#6374);
#5488=AXIS2_PLACEMENT_3D('',#8204,#6376,#6377);
#5489=AXIS2_PLACEMENT_3D('',#8208,#6379,#6380);
#5490=AXIS2_PLACEMENT_3D('',#8218,#6385,#6386);
#5491=AXIS2_PLACEMENT_3D('',#8223,#6387,#6388);
#5492=AXIS2_PLACEMENT_3D('',#8236,#6389,#6390);
#5493=AXIS2_PLACEMENT_3D('',#8277,#6392,#6393);
#5494=AXIS2_PLACEMENT_3D('',#8283,#6397,#6398);
#5495=AXIS2_PLACEMENT_3D('',#8286,#6400,#6401);
#5496=AXIS2_PLACEMENT_3D('',#8287,#6402,#6403);
#5497=AXIS2_PLACEMENT_3D('',#8289,#6404,#6405);
#5498=AXIS2_PLACEMENT_3D('',#8292,#6407,#6408);
#5499=AXIS2_PLACEMENT_3D('',#8293,#6409,#6410);
#5500=AXIS2_PLACEMENT_3D('',#8295,#6411,#6412);
#5501=AXIS2_PLACEMENT_3D('',#8360,#6413,#6414);
#5502=AXIS2_PLACEMENT_3D('',#8364,#6416,#6417);
#5503=AXIS2_PLACEMENT_3D('',#8365,#6418,#6419);
#5504=AXIS2_PLACEMENT_3D('',#8386,#6420,#6421);
#5505=AXIS2_PLACEMENT_3D('',#8387,#6422,#6423);
#5506=AXIS2_PLACEMENT_3D('',#8389,#6424,#6425);
#5507=AXIS2_PLACEMENT_3D('',#8392,#6427,#6428);
#5508=AXIS2_PLACEMENT_3D('',#8393,#6429,#6430);
#5509=AXIS2_PLACEMENT_3D('',#8396,#6432,#6433);
#5510=AXIS2_PLACEMENT_3D('',#8479,#6436,#6437);
#5511=AXIS2_PLACEMENT_3D('',#8482,#6439,#6440);
#5512=AXIS2_PLACEMENT_3D('',#8489,#6445,#6446);
#5513=AXIS2_PLACEMENT_3D('',#8497,#6451,#6452);
#5514=AXIS2_PLACEMENT_3D('',#8501,#6455,#6456);
#5515=AXIS2_PLACEMENT_3D('',#8505,#6458,#6459);
#5516=AXIS2_PLACEMENT_3D('',#8506,#6460,#6461);
#5517=AXIS2_PLACEMENT_3D('',#8507,#6462,#6463);
#5518=AXIS2_PLACEMENT_3D('',#8511,#6466,#6467);
#5519=AXIS2_PLACEMENT_3D('',#8517,#6471,#6472);
#5520=AXIS2_PLACEMENT_3D('',#8636,#6475,#6476);
#5521=AXIS2_PLACEMENT_3D('',#8640,#6478,#6479);
#5522=AXIS2_PLACEMENT_3D('',#8642,#6480,#6481);
#5523=AXIS2_PLACEMENT_3D('',#8643,#6482,#6483);
#5524=AXIS2_PLACEMENT_3D('',#8644,#6484,#6485);
#5525=AXIS2_PLACEMENT_3D('',#8646,#6486,#6487);
#5526=AXIS2_PLACEMENT_3D('',#8669,#6489,#6490);
#5527=AXIS2_PLACEMENT_3D('',#8737,#6491,#6492);
#5528=AXIS2_PLACEMENT_3D('',#8740,#6494,#6495);
#5529=AXIS2_PLACEMENT_3D('',#8741,#6496,#6497);
#5530=AXIS2_PLACEMENT_3D('',#8742,#6498,#6499);
#5531=AXIS2_PLACEMENT_3D('',#8743,#6500,#6501);
#5532=AXIS2_PLACEMENT_3D('',#8744,#6502,#6503);
#5533=AXIS2_PLACEMENT_3D('',#8807,#6506,#6507);
#5534=AXIS2_PLACEMENT_3D('',#8826,#6511,#6512);
#5535=AXIS2_PLACEMENT_3D('',#8830,#6514,#6515);
#5536=AXIS2_PLACEMENT_3D('',#8894,#6519,#6520);
#5537=AXIS2_PLACEMENT_3D('',#8896,#6521,#6522);
#5538=AXIS2_PLACEMENT_3D('',#8900,#6524,#6525);
#5539=AXIS2_PLACEMENT_3D('',#8904,#6528,#6529);
#5540=AXIS2_PLACEMENT_3D('',#8924,#6539,#6540);
#5541=AXIS2_PLACEMENT_3D('',#8926,#6542,#6543);
#5542=AXIS2_PLACEMENT_3D('',#8928,#6545,#6546);
#5543=AXIS2_PLACEMENT_3D('',#8933,#6550,#6551);
#5544=AXIS2_PLACEMENT_3D('',#8935,#6553,#6554);
#5545=AXIS2_PLACEMENT_3D('',#8937,#6556,#6557);
#5546=AXIS2_PLACEMENT_3D('',#8939,#6559,#6560);
#5547=AXIS2_PLACEMENT_3D('',#8945,#6564,#6565);
#5548=AXIS2_PLACEMENT_3D('',#8947,#6567,#6568);
#5549=AXIS2_PLACEMENT_3D('',#8948,#6569,#6570);
#5550=AXIS2_PLACEMENT_3D('',#8950,#6571,#6572);
#5551=AXIS2_PLACEMENT_3D('',#8951,#6573,#6574);
#5552=AXIS2_PLACEMENT_3D('',#8952,#6575,#6576);
#5553=AXIS2_PLACEMENT_3D('',#8953,#6577,#6578);
#5554=AXIS2_PLACEMENT_3D('',#8956,#6580,#6581);
#5555=AXIS2_PLACEMENT_3D('',#8957,#6582,#6583);
#5556=AXIS2_PLACEMENT_3D('',#8960,#6584,#6585);
#5557=AXIS2_PLACEMENT_3D('',#8963,#6587,#6588);
#5558=AXIS2_PLACEMENT_3D('',#8964,#6589,#6590);
#5559=AXIS2_PLACEMENT_3D('',#8966,#6591,#6592);
#5560=AXIS2_PLACEMENT_3D('',#8969,#6594,#6595);
#5561=AXIS2_PLACEMENT_3D('',#8970,#6596,#6597);
#5562=AXIS2_PLACEMENT_3D('',#8983,#6606,#6607);
#5563=AXIS2_PLACEMENT_3D('',#8990,#6611,#6612);
#5564=AXIS2_PLACEMENT_3D('',#8994,#6614,#6615);
#5565=AXIS2_PLACEMENT_3D('',#8995,#6616,#6617);
#5566=AXIS2_PLACEMENT_3D('',#8997,#6619,#6620);
#5567=AXIS2_PLACEMENT_3D('',#9007,#6626,#6627);
#5568=AXIS2_PLACEMENT_3D('',#9013,#6631,#6632);
#5569=AXIS2_PLACEMENT_3D('',#9017,#6635,#6636);
#5570=AXIS2_PLACEMENT_3D('',#9026,#6642,#6643);
#5571=AXIS2_PLACEMENT_3D('',#9028,#6645,#6646);
#5572=AXIS2_PLACEMENT_3D('',#9030,#6648,#6649);
#5573=AXIS2_PLACEMENT_3D('',#9033,#6652,#6653);
#5574=AXIS2_PLACEMENT_3D('',#9034,#6654,#6655);
#5575=AXIS2_PLACEMENT_3D('',#9035,#6656,#6657);
#5576=AXIS2_PLACEMENT_3D('',#9036,#6658,#6659);
#5577=AXIS2_PLACEMENT_3D('',#9037,#6660,#6661);
#5578=AXIS2_PLACEMENT_3D('',#9040,#6663,#6664);
#5579=AXIS2_PLACEMENT_3D('',#9041,#6665,#6666);
#5580=AXIS2_PLACEMENT_3D('',#9042,#6667,#6668);
#5581=AXIS2_PLACEMENT_3D('',#9043,#6669,#6670);
#5582=AXIS2_PLACEMENT_3D('',#9044,#6671,#6672);
#5583=AXIS2_PLACEMENT_3D('',#9045,#6673,#6674);
#5584=AXIS2_PLACEMENT_3D('',#9047,#6675,#6676);
#5585=AXIS2_PLACEMENT_3D('',#9049,#6678,#6679);
#5586=AXIS2_PLACEMENT_3D('',#9050,#6680,#6681);
#5587=AXIS2_PLACEMENT_3D('',#9051,#6682,#6683);
#5588=AXIS2_PLACEMENT_3D('',#9052,#6684,#6685);
#5589=AXIS2_PLACEMENT_3D('',#9053,#6686,#6687);
#5590=AXIS2_PLACEMENT_3D('',#9054,#6688,#6689);
#5591=AXIS2_PLACEMENT_3D('',#9055,#6690,#6691);
#5592=AXIS2_PLACEMENT_3D('',#9056,#6692,#6693);
#5593=AXIS2_PLACEMENT_3D('',#9057,#6694,#6695);
#5594=AXIS2_PLACEMENT_3D('',#9058,#6696,#6697);
#5595=AXIS2_PLACEMENT_3D('',#9063,#6699,#6700);
#5596=AXIS2_PLACEMENT_3D('',#9066,#6702,#6703);
#5597=AXIS2_PLACEMENT_3D('',#9067,#6704,#6705);
#5598=AXIS2_PLACEMENT_3D('',#9072,#6707,#6708);
#5599=AXIS2_PLACEMENT_3D('',#9075,#6710,#6711);
#5600=AXIS2_PLACEMENT_3D('',#9076,#6712,#6713);
#5601=AXIS2_PLACEMENT_3D('',#9079,#6714,#6715);
#5602=AXIS2_PLACEMENT_3D('',#9083,#6717,#6718);
#5603=AXIS2_PLACEMENT_3D('',#9085,#6720,#6721);
#5604=AXIS2_PLACEMENT_3D('',#9087,#6722,#6723);
#5605=AXIS2_PLACEMENT_3D('',#9094,#6727,#6728);
#5606=AXIS2_PLACEMENT_3D('',#9095,#6729,#6730);
#5607=AXIS2_PLACEMENT_3D('',#9097,#6731,#6732);
#5608=AXIS2_PLACEMENT_3D('',#9104,#6736,#6737);
#5609=AXIS2_PLACEMENT_3D('',#9105,#6738,#6739);
#5610=AXIS2_PLACEMENT_3D('',#9107,#6740,#6741);
#5611=AXIS2_PLACEMENT_3D('',#9114,#6745,#6746);
#5612=AXIS2_PLACEMENT_3D('',#9115,#6747,#6748);
#5613=AXIS2_PLACEMENT_3D('',#9120,#6750,#6751);
#5614=AXIS2_PLACEMENT_3D('',#9123,#6753,#6754);
#5615=AXIS2_PLACEMENT_3D('',#9124,#6755,#6756);
#5616=AXIS2_PLACEMENT_3D('',#9128,#6758,#6759);
#5617=AXIS2_PLACEMENT_3D('',#9136,#6763,#6764);
#5618=AXIS2_PLACEMENT_3D('',#9138,#6766,#6767);
#5619=AXIS2_PLACEMENT_3D('',#9142,#6770,#6771);
#5620=AXIS2_PLACEMENT_3D('',#9161,#6772,#6773);
#5621=AXIS2_PLACEMENT_3D('',#9174,#6774,#6775);
#5622=AXIS2_PLACEMENT_3D('',#9200,#6776,#6777);
#5623=AXIS2_PLACEMENT_3D('',#9201,#6778,#6779);
#5624=AXIS2_PLACEMENT_3D('',#9225,#6780,#6781);
#5625=AXIS2_PLACEMENT_3D('',#9231,#6782,#6783);
#5626=AXIS2_PLACEMENT_3D('',#9232,#6784,#6785);
#5627=AXIS2_PLACEMENT_3D('',#9237,#6787,#6788);
#5628=AXIS2_PLACEMENT_3D('',#9245,#6790,#6791);
#5629=AXIS2_PLACEMENT_3D('',#9246,#6792,#6793);
#5630=AXIS2_PLACEMENT_3D('',#9250,#6795,#6796);
#5631=AXIS2_PLACEMENT_3D('',#9257,#6800,#6801);
#5632=AXIS2_PLACEMENT_3D('',#9258,#6802,#6803);
#5633=AXIS2_PLACEMENT_3D('',#9262,#6806,#6807);
#5634=AXIS2_PLACEMENT_3D('',#9266,#6810,#6811);
#5635=AXIS2_PLACEMENT_3D('',#9268,#6812,#6813);
#5636=AXIS2_PLACEMENT_3D('',#9271,#6815,#6816);
#5637=AXIS2_PLACEMENT_3D('',#9274,#6818,#6819);
#5638=AXIS2_PLACEMENT_3D('',#9275,#6820,#6821);
#5639=AXIS2_PLACEMENT_3D('',#9277,#6822,#6823);
#5640=AXIS2_PLACEMENT_3D('',#9284,#6827,#6828);
#5641=AXIS2_PLACEMENT_3D('',#9285,#6829,#6830);
#5642=AXIS2_PLACEMENT_3D('',#9319,#6832,#6833);
#5643=AXIS2_PLACEMENT_3D('',#9471,#6837,#6838);
#5644=AXIS2_PLACEMENT_3D('',#9477,#6842,#6843);
#5645=AXIS2_PLACEMENT_3D('',#9494,#6846,#6847);
#5646=AXIS2_PLACEMENT_3D('',#9495,#6848,#6849);
#5647=AXIS2_PLACEMENT_3D('',#9515,#6852,#6853);
#5648=AXIS2_PLACEMENT_3D('',#9518,#6855,#6856);
#5649=AXIS2_PLACEMENT_3D('',#9523,#6859,#6860);
#5650=AXIS2_PLACEMENT_3D('',#9524,#6861,#6862);
#5651=AXIS2_PLACEMENT_3D('',#9526,#6863,#6864);
#5652=AXIS2_PLACEMENT_3D('',#9528,#6866,#6867);
#5653=AXIS2_PLACEMENT_3D('',#9529,#6868,#6869);
#5654=AXIS2_PLACEMENT_3D('',#9531,#6870,#6871);
#5655=AXIS2_PLACEMENT_3D('',#9549,#6873,#6874);
#5656=AXIS2_PLACEMENT_3D('',#9552,#6876,#6877);
#5657=AXIS2_PLACEMENT_3D('',#9553,#6878,#6879);
#5658=AXIS2_PLACEMENT_3D('',#9556,#6881,#6882);
#5659=AXIS2_PLACEMENT_3D('',#9557,#6883,#6884);
#5660=AXIS2_PLACEMENT_3D('',#9566,#6886,#6887);
#5661=AXIS2_PLACEMENT_3D('',#9571,#6888,#6889);
#5662=AXIS2_PLACEMENT_3D('',#9586,#6898,#6899);
#5663=AXIS2_PLACEMENT_3D('',#9601,#6900,#6901);
#5664=AXIS2_PLACEMENT_3D('',#9609,#6903,#6904);
#5665=AXIS2_PLACEMENT_3D('',#9610,#6905,#6906);
#5666=AXIS2_PLACEMENT_3D('',#9612,#6908,#6909);
#5667=AXIS2_PLACEMENT_3D('',#9628,#6920,#6921);
#5668=AXIS2_PLACEMENT_3D('',#9630,#6922,#6923);
#5669=AXIS2_PLACEMENT_3D('',#9645,#6925,#6926);
#5670=AXIS2_PLACEMENT_3D('',#9647,#6927,#6928);
#5671=AXIS2_PLACEMENT_3D('',#9660,#6931,#6932);
#5672=AXIS2_PLACEMENT_3D('',#9662,#6933,#6934);
#5673=AXIS2_PLACEMENT_3D('',#9676,#6936,#6937);
#5674=AXIS2_PLACEMENT_3D('',#9678,#6938,#6939);
#5675=AXIS2_PLACEMENT_3D('',#9680,#6941,#6942);
#5676=AXIS2_PLACEMENT_3D('',#9684,#6944,#6945);
#5677=AXIS2_PLACEMENT_3D('',#9686,#6947,#6948);
#5678=AXIS2_PLACEMENT_3D('',#9688,#6949,#6950);
#5679=AXIS2_PLACEMENT_3D('',#9692,#6953,#6954);
#5680=AXIS2_PLACEMENT_3D('',#9693,#6955,#6956);
#5681=AXIS2_PLACEMENT_3D('',#9694,#6957,#6958);
#5682=AXIS2_PLACEMENT_3D('',#9696,#6960,#6961);
#5683=AXIS2_PLACEMENT_3D('',#9709,#6963,#6964);
#5684=AXIS2_PLACEMENT_3D('',#9710,#6965,#6966);
#5685=AXIS2_PLACEMENT_3D('',#9712,#6968,#6969);
#5686=AXIS2_PLACEMENT_3D('',#9714,#6970,#6971);
#5687=AXIS2_PLACEMENT_3D('',#9727,#6973,#6974);
#5688=AXIS2_PLACEMENT_3D('',#9729,#6976,#6977);
#5689=AXIS2_PLACEMENT_3D('',#9731,#6979,#6980);
#5690=AXIS2_PLACEMENT_3D('',#9811,#6986,#6987);
#5691=AXIS2_PLACEMENT_3D('',#9812,#6988,#6989);
#5692=AXIS2_PLACEMENT_3D('',#9813,#6990,#6991);
#5693=AXIS2_PLACEMENT_3D('',#9814,#6992,#6993);
#5694=AXIS2_PLACEMENT_3D('',#9815,#6994,#6995);
#5695=AXIS2_PLACEMENT_3D('',#9824,#7000,#7001);
#5696=AXIS2_PLACEMENT_3D('',#9835,#7004,#7005);
#5697=AXIS2_PLACEMENT_3D('',#9837,#7006,#7007);
#5698=AXIS2_PLACEMENT_3D('',#9845,#7008,#7009);
#5699=AXIS2_PLACEMENT_3D('',#9846,#7010,#7011);
#5700=AXIS2_PLACEMENT_3D('',#9855,#7012,#7013);
#5701=AXIS2_PLACEMENT_3D('',#9865,#7015,#7016);
#5702=AXIS2_PLACEMENT_3D('',#9867,#7018,#7019);
#5703=AXIS2_PLACEMENT_3D('',#9868,#7020,#7021);
#5704=AXIS2_PLACEMENT_3D('',#9869,#7022,#7023);
#5705=AXIS2_PLACEMENT_3D('',#9878,#7025,#7026);
#5706=AXIS2_PLACEMENT_3D('',#9879,#7027,#7028);
#5707=AXIS2_PLACEMENT_3D('',#9890,#7029,#7030);
#5708=AXIS2_PLACEMENT_3D('',#9892,#7031,#7032);
#5709=AXIS2_PLACEMENT_3D('',#9894,#7034,#7035);
#5710=AXIS2_PLACEMENT_3D('',#9907,#7037,#7038);
#5711=AXIS2_PLACEMENT_3D('',#9908,#7039,#7040);
#5712=AXIS2_PLACEMENT_3D('',#9909,#7041,#7042);
#5713=AXIS2_PLACEMENT_3D('',#9910,#7043,#7044);
#5714=AXIS2_PLACEMENT_3D('',#9912,#7045,#7046);
#5715=AXIS2_PLACEMENT_3D('',#9925,#7048,#7049);
#5716=AXIS2_PLACEMENT_3D('',#9926,#7050,#7051);
#5717=AXIS2_PLACEMENT_3D('',#9937,#7052,#7053);
#5718=AXIS2_PLACEMENT_3D('',#9939,#7055,#7056);
#5719=AXIS2_PLACEMENT_3D('',#9940,#7057,#7058);
#5720=AXIS2_PLACEMENT_3D('',#9951,#7059,#7060);
#5721=AXIS2_PLACEMENT_3D('',#9952,#7061,#7062);
#5722=AXIS2_PLACEMENT_3D('',#9953,#7063,#7064);
#5723=AXIS2_PLACEMENT_3D('',#9954,#7065,#7066);
#5724=AXIS2_PLACEMENT_3D('',#9955,#7067,#7068);
#5725=AXIS2_PLACEMENT_3D('',#9956,#7069,#7070);
#5726=AXIS2_PLACEMENT_3D('',#9957,#7071,#7072);
#5727=AXIS2_PLACEMENT_3D('',#9958,#7073,#7074);
#5728=AXIS2_PLACEMENT_3D('',#9965,#7075,#7076);
#5729=AXIS2_PLACEMENT_3D('',#9966,#7077,#7078);
#5730=AXIS2_PLACEMENT_3D('',#10019,#7080,#7081);
#5731=AXIS2_PLACEMENT_3D('',#10048,#7082,#7083);
#5732=AXIS2_PLACEMENT_3D('',#10049,#7084,#7085);
#5733=AXIS2_PLACEMENT_3D('',#10050,#7086,#7087);
#5734=AXIS2_PLACEMENT_3D('',#10054,#7090,#7091);
#5735=AXIS2_PLACEMENT_3D('',#10057,#7094,#7095);
#5736=AXIS2_PLACEMENT_3D('',#10059,#7097,#7098);
#5737=AXIS2_PLACEMENT_3D('',#10172,#7101,#7102);
#5738=AXIS2_PLACEMENT_3D('',#10188,#7104,#7105);
#5739=AXIS2_PLACEMENT_3D('',#10190,#7107,#7108);
#5740=AXIS2_PLACEMENT_3D('',#10206,#7111,#7112);
#5741=AXIS2_PLACEMENT_3D('',#10210,#7114,#7115);
#5742=AXIS2_PLACEMENT_3D('',#10227,#7119,#7120);
#5743=AXIS2_PLACEMENT_3D('',#10241,#7122,#7123);
#5744=AXIS2_PLACEMENT_3D('',#10242,#7124,#7125);
#5745=AXIS2_PLACEMENT_3D('',#10244,#7126,#7127);
#5746=AXIS2_PLACEMENT_3D('',#10247,#7129,#7130);
#5747=AXIS2_PLACEMENT_3D('',#10248,#7131,#7132);
#5748=AXIS2_PLACEMENT_3D('',#10259,#7133,#7134);
#5749=AXIS2_PLACEMENT_3D('',#10260,#7135,#7136);
#5750=AXIS2_PLACEMENT_3D('',#10274,#7138,#7139);
#5751=AXIS2_PLACEMENT_3D('',#10275,#7140,#7141);
#5752=AXIS2_PLACEMENT_3D('',#10276,#7142,#7143);
#5753=AXIS2_PLACEMENT_3D('',#10277,#7144,#7145);
#5754=AXIS2_PLACEMENT_3D('',#10278,#7146,#7147);
#5755=AXIS2_PLACEMENT_3D('',#10279,#7148,#7149);
#5756=AXIS2_PLACEMENT_3D('',#10280,#7150,#7151);
#5757=AXIS2_PLACEMENT_3D('',#10281,#7152,#7153);
#5758=AXIS2_PLACEMENT_3D('',#10283,#7155,#7156);
#5759=AXIS2_PLACEMENT_3D('',#10284,#7157,#7158);
#5760=AXIS2_PLACEMENT_3D('',#10285,#7159,#7160);
#5761=AXIS2_PLACEMENT_3D('',#10286,#7161,#7162);
#5762=AXIS2_PLACEMENT_3D('',#10288,#7164,#7165);
#5763=AXIS2_PLACEMENT_3D('',#10290,#7166,#7167);
#5764=AXIS2_PLACEMENT_3D('',#10293,#7169,#7170);
#5765=AXIS2_PLACEMENT_3D('',#10294,#7171,#7172);
#5766=AXIS2_PLACEMENT_3D('',#10296,#7173,#7174);
#5767=AXIS2_PLACEMENT_3D('',#10299,#7176,#7177);
#5768=AXIS2_PLACEMENT_3D('',#10300,#7178,#7179);
#5769=AXIS2_PLACEMENT_3D('',#10302,#7180,#7181);
#5770=AXIS2_PLACEMENT_3D('',#10304,#7182,#7183);
#5771=AXIS2_PLACEMENT_3D('',#10306,#7184,#7185);
#5772=AXIS2_PLACEMENT_3D('',#10308,#7186,#7187);
#5773=AXIS2_PLACEMENT_3D('',#10310,#7188,#7189);
#5774=AXIS2_PLACEMENT_3D('',#10311,#7190,#7191);
#5775=AXIS2_PLACEMENT_3D('',#10313,#7192,#7193);
#5776=AXIS2_PLACEMENT_3D('',#10315,#7194,#7195);
#5777=AXIS2_PLACEMENT_3D('',#10317,#7196,#7197);
#5778=AXIS2_PLACEMENT_3D('',#10319,#7198,#7199);
#5779=AXIS2_PLACEMENT_3D('',#10321,#7200,#7201);
#5780=AXIS2_PLACEMENT_3D('',#10322,#7202,#7203);
#5781=AXIS2_PLACEMENT_3D('',#10324,#7204,#7205);
#5782=AXIS2_PLACEMENT_3D('',#10326,#7206,#7207);
#5783=AXIS2_PLACEMENT_3D('',#10328,#7208,#7209);
#5784=AXIS2_PLACEMENT_3D('',#10330,#7210,#7211);
#5785=AXIS2_PLACEMENT_3D('',#10332,#7212,#7213);
#5786=AXIS2_PLACEMENT_3D('',#10333,#7214,#7215);
#5787=AXIS2_PLACEMENT_3D('',#10335,#7216,#7217);
#5788=AXIS2_PLACEMENT_3D('',#10337,#7219,#7220);
#5789=AXIS2_PLACEMENT_3D('',#10339,#7222,#7223);
#5790=AXIS2_PLACEMENT_3D('',#10341,#7224,#7225);
#5791=AXIS2_PLACEMENT_3D('',#10343,#7227,#7228);
#5792=AXIS2_PLACEMENT_3D('',#10345,#7230,#7231);
#5793=AXIS2_PLACEMENT_3D('',#10347,#7232,#7233);
#5794=AXIS2_PLACEMENT_3D('',#10349,#7235,#7236);
#5795=AXIS2_PLACEMENT_3D('',#10351,#7238,#7239);
#5796=AXIS2_PLACEMENT_3D('',#10353,#7240,#7241);
#5797=AXIS2_PLACEMENT_3D('',#10355,#7243,#7244);
#5798=AXIS2_PLACEMENT_3D('',#10357,#7246,#7247);
#5799=AXIS2_PLACEMENT_3D('',#10359,#7248,#7249);
#5800=AXIS2_PLACEMENT_3D('',#10361,#7251,#7252);
#5801=AXIS2_PLACEMENT_3D('',#10363,#7254,#7255);
#5802=AXIS2_PLACEMENT_3D('',#10364,#7256,#7257);
#5803=AXIS2_PLACEMENT_3D('',#10365,#7258,#7259);
#5804=AXIS2_PLACEMENT_3D('',#10367,#7261,#7262);
#5805=AXIS2_PLACEMENT_3D('',#10369,#7264,#7265);
#5806=AXIS2_PLACEMENT_3D('',#10370,#7266,#7267);
#5807=AXIS2_PLACEMENT_3D('',#10371,#7268,#7269);
#5808=AXIS2_PLACEMENT_3D('',#10372,#7270,#7271);
#5809=AXIS2_PLACEMENT_3D('',#10373,#7272,#7273);
#5810=AXIS2_PLACEMENT_3D('',#10374,#7274,#7275);
#5811=DIRECTION('axis',(0.,0.,1.));
#5812=DIRECTION('refdir',(1.,0.,0.));
#5813=DIRECTION('axis',(0.,0.,1.));
#5814=DIRECTION('refdir',(1.,0.,0.));
#5815=DIRECTION('',(-2.22044604925031E-16,-1.,0.));
#5816=DIRECTION('center_axis',(1.,-2.22044604925031E-16,0.));
#5817=DIRECTION('ref_axis',(2.12022334329458E-16,0.954863705880372,0.297044278168091));
#5818=DIRECTION('',(1.,-2.22044604925031E-16,0.));
#5819=DIRECTION('center_axis',(1.,-2.22044604925031E-16,0.));
#5820=DIRECTION('ref_axis',(2.12022334329458E-16,0.954863705880372,0.297044278168091));
#5821=DIRECTION('',(-1.,2.22044604925031E-16,0.));
#5822=DIRECTION('center_axis',(-2.22044604925031E-16,-1.,0.));
#5823=DIRECTION('ref_axis',(1.,-2.22044604925031E-16,0.));
#5824=DIRECTION('',(1.,-2.22044604925031E-16,0.));
#5825=DIRECTION('',(0.,0.,1.));
#5826=DIRECTION('',(0.,0.,-1.));
#5827=DIRECTION('center_axis',(2.22044604925031E-16,1.,0.));
#5828=DIRECTION('ref_axis',(-1.77635683940025E-15,3.94430452610507E-31,
-1.));
#5829=DIRECTION('',(-1.,2.22044604925031E-16,0.));
#5830=DIRECTION('center_axis',(2.22044604925031E-16,1.,0.));
#5831=DIRECTION('ref_axis',(-1.,2.22044604925031E-16,8.88178419700126E-16));
#5832=DIRECTION('',(-6.10622663543836E-16,1.35585468084861E-31,1.));
#5833=DIRECTION('',(1.,-2.22044604925031E-16,0.));
#5834=DIRECTION('',(0.,0.,-1.));
#5835=DIRECTION('center_axis',(1.,-2.22044604925031E-16,0.));
#5836=DIRECTION('ref_axis',(2.12022334875006E-16,0.9548637083373,0.297044270270175));
#5837=DIRECTION('',(-1.,2.22044604925031E-16,0.));
#5838=DIRECTION('center_axis',(-1.,2.22044604925031E-16,0.));
#5839=DIRECTION('ref_axis',(2.12022334875006E-16,0.9548637083373,0.297044270270175));
#5840=DIRECTION('center_axis',(1.,-2.22044604925031E-16,0.));
#5841=DIRECTION('ref_axis',(-3.43098549121078E-24,-1.54517848018378E-8,
1.));
#5842=DIRECTION('center_axis',(1.,-2.22044604925031E-16,0.));
#5843=DIRECTION('ref_axis',(2.22044604925031E-16,1.,0.));
#5844=DIRECTION('',(1.,-2.22044604925031E-16,0.));
#5845=DIRECTION('center_axis',(-1.,2.22044604925031E-16,0.));
#5846=DIRECTION('ref_axis',(-2.22044604925031E-16,-1.,0.));
#5847=DIRECTION('center_axis',(-1.,2.22044604925031E-16,0.));
#5848=DIRECTION('ref_axis',(-2.1202233589416E-16,-0.954863712927163,0.297044255515829));
#5849=DIRECTION('',(-1.,2.22044604925031E-16,0.));
#5850=DIRECTION('center_axis',(-1.,2.22044604925031E-16,0.));
#5851=DIRECTION('ref_axis',(-2.1202233589416E-16,-0.954863712927163,0.297044255515829));
#5852=DIRECTION('center_axis',(-2.22044604925031E-16,-1.,0.));
#5853=DIRECTION('ref_axis',(1.,-2.22044604925031E-16,0.));
#5854=DIRECTION('',(-6.10622663543836E-16,1.35585468084861E-31,1.));
#5855=DIRECTION('center_axis',(-2.22044604925031E-16,-1.,0.));
#5856=DIRECTION('ref_axis',(-1.,2.22044604925031E-16,8.88178419700126E-16));
#5857=DIRECTION('',(1.,-2.22044604925031E-16,0.));
#5858=DIRECTION('center_axis',(-2.22044604925031E-16,-1.,0.));
#5859=DIRECTION('ref_axis',(-1.77635683940025E-15,3.94430452610507E-31,
-1.));
#5860=DIRECTION('',(0.,0.,1.));
#5861=DIRECTION('',(-1.,2.22044604925031E-16,0.));
#5862=DIRECTION('',(0.,0.,1.));
#5863=DIRECTION('',(-1.,2.22044604925031E-16,0.));
#5864=DIRECTION('',(0.,0.,-1.));
#5865=DIRECTION('center_axis',(-1.,2.22044604925031E-16,0.));
#5866=DIRECTION('ref_axis',(-2.12022335348613E-16,-0.954863710470236,0.297044263413743));
#5867=DIRECTION('',(1.,-2.22044604925031E-16,0.));
#5868=DIRECTION('center_axis',(1.,-2.22044604925031E-16,0.));
#5869=DIRECTION('ref_axis',(-2.12022335348613E-16,-0.954863710470236,0.297044263413743));
#5870=DIRECTION('center_axis',(-1.,2.22044604925031E-16,0.));
#5871=DIRECTION('ref_axis',(-3.4309852883811E-24,-1.54517840361241E-8,1.));
#5872=DIRECTION('center_axis',(1.,-2.22044604925031E-16,0.));
#5873=DIRECTION('ref_axis',(2.22044604925031E-16,1.,0.));
#5874=DIRECTION('center_axis',(-1.,2.22044604925031E-16,0.));
#5875=DIRECTION('ref_axis',(2.22044604925031E-16,1.,0.));
#5876=DIRECTION('center_axis',(1.,-2.22044604925031E-16,0.));
#5877=DIRECTION('ref_axis',(0.,1.54517850142013E-8,-1.));
#5878=DIRECTION('center_axis',(1.,-2.22044604925031E-16,0.));
#5879=DIRECTION('ref_axis',(2.22044604925031E-16,1.,0.));
#5880=DIRECTION('center_axis',(1.,-2.22044604925031E-16,0.));
#5881=DIRECTION('ref_axis',(5.39236888354804E-20,0.000242850704945912,0.999999970511767));
#5882=DIRECTION('center_axis',(1.,-2.22044604925031E-16,6.10622663543836E-16));
#5883=DIRECTION('ref_axis',(-6.10622663543836E-16,1.35585468084861E-31,
1.));
#5884=DIRECTION('',(-2.22044604925031E-16,-1.,0.));
#5885=DIRECTION('center_axis',(-1.,2.22044604925031E-16,0.));
#5886=DIRECTION('ref_axis',(0.,1.54517835942511E-8,-1.));
#5887=DIRECTION('center_axis',(-1.,2.22044604925031E-16,0.));
#5888=DIRECTION('ref_axis',(2.22044604925031E-16,1.,0.));
#5889=DIRECTION('center_axis',(-1.,2.22044604925031E-16,0.));
#5890=DIRECTION('ref_axis',(5.39314213293745E-20,0.000242885529002532,0.99999997050331));
#5891=DIRECTION('center_axis',(-1.,2.22044604925031E-16,0.));
#5892=DIRECTION('ref_axis',(0.,0.,-1.));
#5893=DIRECTION('',(-2.22044604925031E-16,-1.,0.));
#5894=DIRECTION('center_axis',(-1.,2.22044604925031E-16,0.));
#5895=DIRECTION('ref_axis',(2.22044604925031E-16,1.,0.));
#5896=DIRECTION('center_axis',(-1.,2.22044604925031E-16,0.));
#5897=DIRECTION('ref_axis',(2.22044604925031E-16,1.,0.));
#5898=DIRECTION('',(-1.,2.22044604925031E-16,0.));
#5899=DIRECTION('center_axis',(1.,-2.22044604925031E-16,0.));
#5900=DIRECTION('ref_axis',(2.11471055460718E-16,0.952380966572534,-0.304910633645937));
#5901=DIRECTION('center_axis',(1.,-2.22044604925031E-16,0.));
#5902=DIRECTION('ref_axis',(-2.22044604925031E-16,-1.,0.));
#5903=DIRECTION('center_axis',(1.,-2.22044604925031E-16,0.));
#5904=DIRECTION('ref_axis',(-2.22044604925031E-16,-1.,0.));
#5905=DIRECTION('',(1.,-2.22044604925031E-16,0.));
#5906=DIRECTION('center_axis',(1.,-2.22044604925031E-16,0.));
#5907=DIRECTION('ref_axis',(-2.22044604925031E-16,-1.,0.));
#5908=DIRECTION('center_axis',(0.,0.,1.));
#5909=DIRECTION('ref_axis',(-2.22044604925031E-16,-1.,0.));
#5910=DIRECTION('center_axis',(-1.,2.22044604925031E-16,0.));
#5911=DIRECTION('ref_axis',(-2.22044604925031E-16,-1.,0.));
#5912=DIRECTION('center_axis',(-1.,2.22044604925031E-16,0.));
#5913=DIRECTION('ref_axis',(-2.22044604925031E-16,-1.,0.));
#5914=DIRECTION('center_axis',(-1.,2.22044604925031E-16,0.));
#5915=DIRECTION('ref_axis',(-2.22044604925031E-16,-1.,0.));
#5916=DIRECTION('center_axis',(-1.,2.22044604925031E-16,0.));
#5917=DIRECTION('ref_axis',(-2.22044604925031E-16,-1.,0.));
#5918=DIRECTION('center_axis',(-1.,2.22044604925031E-16,0.));
#5919=DIRECTION('ref_axis',(-2.22044604925031E-16,-1.,0.));
#5920=DIRECTION('center_axis',(-1.,2.22044604925031E-16,0.));
#5921=DIRECTION('ref_axis',(-2.22044604925031E-16,-1.,0.));
#5922=DIRECTION('center_axis',(1.,-2.22044604925031E-16,0.));
#5923=DIRECTION('ref_axis',(2.22044604925031E-16,1.,0.));
#5924=DIRECTION('center_axis',(1.,-2.22044604925031E-16,0.));
#5925=DIRECTION('ref_axis',(-2.22044604925031E-16,-1.,0.));
#5926=DIRECTION('center_axis',(1.,-2.22044604925031E-16,0.));
#5927=DIRECTION('ref_axis',(-2.22044604925031E-16,-1.,0.));
#5928=DIRECTION('center_axis',(1.,-2.22044604925031E-16,0.));
#5929=DIRECTION('ref_axis',(-2.22044604925031E-16,-1.,0.));
#5930=DIRECTION('center_axis',(1.,-2.22044604925031E-16,0.));
#5931=DIRECTION('ref_axis',(-2.22044604925031E-16,-1.,0.));
#5932=DIRECTION('center_axis',(1.,-2.22044604925031E-16,0.));
#5933=DIRECTION('ref_axis',(-2.22044604925031E-16,-1.,0.));
#5934=DIRECTION('center_axis',(1.,-2.22044604925031E-16,0.));
#5935=DIRECTION('ref_axis',(0.,0.,1.));
#5936=DIRECTION('center_axis',(-1.,2.22044604925031E-16,0.));
#5937=DIRECTION('ref_axis',(-2.22044604925031E-16,-1.,0.));
#5938=DIRECTION('center_axis',(-1.,2.22044604925031E-16,0.));
#5939=DIRECTION('ref_axis',(-2.22044604925031E-16,-1.,0.));
#5940=DIRECTION('center_axis',(-1.,2.22044604925031E-16,0.));
#5941=DIRECTION('ref_axis',(-2.22044604925031E-16,-1.,0.));
#5942=DIRECTION('center_axis',(-1.,2.22044604925031E-16,0.));
#5943=DIRECTION('ref_axis',(-2.22044604925031E-16,-1.,0.));
#5944=DIRECTION('center_axis',(-1.,2.22044604925031E-16,0.));
#5945=DIRECTION('ref_axis',(-2.22044604925031E-16,-1.,0.));
#5946=DIRECTION('center_axis',(1.,-2.22044604925031E-16,0.));
#5947=DIRECTION('ref_axis',(-2.22044604925031E-16,-1.,0.));
#5948=DIRECTION('center_axis',(1.,-2.22044604925031E-16,0.));
#5949=DIRECTION('ref_axis',(-2.22044604925031E-16,-1.,0.));
#5950=DIRECTION('',(1.,-2.22044604925031E-16,0.));
#5951=DIRECTION('center_axis',(1.,-2.22044604925031E-16,0.));
#5952=DIRECTION('ref_axis',(-2.22044604925031E-16,-1.,0.));
#5953=DIRECTION('',(1.,-2.22044604925031E-16,0.));
#5954=DIRECTION('center_axis',(1.,-2.22044604925031E-16,0.));
#5955=DIRECTION('ref_axis',(-2.22044604925031E-16,-1.,0.));
#5956=DIRECTION('center_axis',(1.,-2.22044604925031E-16,0.));
#5957=DIRECTION('ref_axis',(-2.22044604925031E-16,-1.,0.));
#5958=DIRECTION('',(1.,-2.22044604925031E-16,0.));
#5959=DIRECTION('center_axis',(1.,-2.22044604925031E-16,0.));
#5960=DIRECTION('ref_axis',(-2.22044604925031E-16,-1.,0.));
#5961=DIRECTION('',(1.,-2.22044604925031E-16,0.));
#5962=DIRECTION('center_axis',(1.,-2.22044604925031E-16,0.));
#5963=DIRECTION('ref_axis',(-2.22044604925031E-16,-1.,0.));
#5964=DIRECTION('center_axis',(1.,-2.22044604925031E-16,0.));
#5965=DIRECTION('ref_axis',(-2.22044604925031E-16,-1.,0.));
#5966=DIRECTION('',(1.,-2.22044604925031E-16,0.));
#5967=DIRECTION('center_axis',(1.,-2.22044604925031E-16,0.));
#5968=DIRECTION('ref_axis',(-2.22044604925031E-16,-1.,0.));
#5969=DIRECTION('',(1.,-2.22044604925031E-16,0.));
#5970=DIRECTION('center_axis',(1.,-2.22044604925031E-16,0.));
#5971=DIRECTION('ref_axis',(-2.22044604925031E-16,-1.,0.));
#5972=DIRECTION('center_axis',(1.,-2.22044604925031E-16,0.));
#5973=DIRECTION('ref_axis',(-2.22044604925031E-16,-1.,0.));
#5974=DIRECTION('',(1.,-2.22044604925031E-16,0.));
#5975=DIRECTION('center_axis',(1.,-2.22044604925031E-16,0.));
#5976=DIRECTION('ref_axis',(-2.22044604925031E-16,-1.,0.));
#5977=DIRECTION('',(1.,-2.22044604925031E-16,0.));
#5978=DIRECTION('center_axis',(1.,-2.22044604925031E-16,0.));
#5979=DIRECTION('ref_axis',(-2.22044604925031E-16,-1.,0.));
#5980=DIRECTION('center_axis',(1.,-2.22044604925031E-16,0.));
#5981=DIRECTION('ref_axis',(-2.22044604925031E-16,-1.,0.));
#5982=DIRECTION('',(1.,-2.22044604925031E-16,0.));
#5983=DIRECTION('center_axis',(1.,-2.22044604925031E-16,0.));
#5984=DIRECTION('ref_axis',(-2.22044604925031E-16,-1.,0.));
#5985=DIRECTION('',(1.,-2.22044604925031E-16,0.));
#5986=DIRECTION('center_axis',(-1.,2.22044604925031E-16,0.));
#5987=DIRECTION('ref_axis',(0.,0.,-1.));
#5988=DIRECTION('center_axis',(-1.,2.22044604925031E-16,0.));
#5989=DIRECTION('ref_axis',(0.,0.,-1.));
#5990=DIRECTION('',(-2.22044604925031E-16,-1.,0.));
#5991=DIRECTION('center_axis',(-2.22044604925031E-16,-1.,0.));
#5992=DIRECTION('ref_axis',(-1.,2.22044604925031E-16,8.88178419700126E-16));
#5993=DIRECTION('',(-2.22044604925031E-16,-1.,0.));
#5994=DIRECTION('center_axis',(0.,0.,1.));
#5995=DIRECTION('ref_axis',(-1.,2.22044604925031E-16,0.));
#5996=DIRECTION('',(-2.22044604925031E-16,-1.,0.));
#5997=DIRECTION('center_axis',(-2.22044604925031E-16,-1.,0.));
#5998=DIRECTION('ref_axis',(-1.77635683940025E-15,3.94430452610507E-31,
-1.));
#5999=DIRECTION('center_axis',(1.,-2.22044604925031E-16,0.));
#6000=DIRECTION('ref_axis',(0.,0.,1.));
#6001=DIRECTION('axis',(0.,0.,1.));
#6002=DIRECTION('refdir',(1.,0.,0.));
#6003=DIRECTION('center_axis',(0.,1.,0.));
#6004=DIRECTION('ref_axis',(0.,0.,1.));
#6005=DIRECTION('center_axis',(0.,1.,0.));
#6006=DIRECTION('ref_axis',(0.550095697992676,0.,-0.835101624384691));
#6007=DIRECTION('',(-1.11022302462516E-15,0.,-1.));
#6008=DIRECTION('center_axis',(0.,-1.,0.));
#6009=DIRECTION('ref_axis',(2.22044604925032E-15,0.,1.));
#6010=DIRECTION('',(-1.,0.,0.));
#6011=DIRECTION('center_axis',(0.,-1.,0.));
#6012=DIRECTION('ref_axis',(1.,0.,0.));
#6013=DIRECTION('',(0.,0.,1.));
#6014=DIRECTION('center_axis',(0.,1.,0.));
#6015=DIRECTION('ref_axis',(-0.999983086602424,0.,0.00581605614567763));
#6016=DIRECTION('',(0.,0.,1.));
#6017=DIRECTION('',(1.,0.,0.));
#6018=DIRECTION('',(0.,0.,-1.));
#6019=DIRECTION('',(-1.,0.,0.));
#6020=DIRECTION('center_axis',(-1.,0.,0.));
#6021=DIRECTION('ref_axis',(0.,0.,1.));
#6022=DIRECTION('',(0.,1.,0.));
#6023=DIRECTION('',(0.,0.,-1.));
#6024=DIRECTION('',(0.,1.,0.));
#6025=DIRECTION('',(0.,-1.,0.));
#6026=DIRECTION('',(0.,1.,0.));
#6027=DIRECTION('center_axis',(0.,1.,0.));
#6028=DIRECTION('ref_axis',(1.,0.,0.));
#6029=DIRECTION('',(0.,-1.,0.));
#6030=DIRECTION('center_axis',(0.,1.,0.));
#6031=DIRECTION('ref_axis',(1.,0.,0.));
#6032=DIRECTION('center_axis',(0.,0.,1.));
#6033=DIRECTION('ref_axis',(0.,-1.,0.));
#6034=DIRECTION('',(0.,-1.,0.));
#6035=DIRECTION('',(1.,0.,0.));
#6036=DIRECTION('center_axis',(0.,1.,0.));
#6037=DIRECTION('ref_axis',(2.22044604925032E-15,0.,1.));
#6038=DIRECTION('',(0.,1.,0.));
#6039=DIRECTION('center_axis',(0.,1.,0.));
#6040=DIRECTION('ref_axis',(2.22044604925032E-15,0.,1.));
#6041=DIRECTION('center_axis',(1.,0.,-1.11022302462516E-15));
#6042=DIRECTION('ref_axis',(-1.11022302462516E-15,0.,-1.));
#6043=DIRECTION('',(0.,1.,0.));
#6044=DIRECTION('',(0.,1.,0.));
#6045=DIRECTION('',(0.,1.,0.));
#6046=DIRECTION('',(1.11022302462516E-15,0.,1.));
#6047=DIRECTION('center_axis',(0.,1.,0.));
#6048=DIRECTION('ref_axis',(0.550095697992676,0.,-0.835101624384691));
#6049=DIRECTION('',(0.,1.,0.));
#6050=DIRECTION('center_axis',(0.,1.,-7.24702152283367E-17));
#6051=DIRECTION('ref_axis',(0.550095697992676,0.,-0.835101624384691));
#6052=DIRECTION('center_axis',(0.,0.707106781186546,0.707106781186549));
#6053=DIRECTION('ref_axis',(6.51027508393683E-17,0.707106781186549,-0.707106781186546));
#6054=DIRECTION('center_axis',(0.,-1.,0.));
#6055=DIRECTION('ref_axis',(0.,0.,-1.));
#6056=DIRECTION('center_axis',(0.,-1.,0.));
#6057=DIRECTION('ref_axis',(-0.999983086602424,0.,0.00581605614567763));
#6058=DIRECTION('center_axis',(0.,-1.,0.));
#6059=DIRECTION('ref_axis',(0.550095697992676,0.,-0.835101624384691));
#6060=DIRECTION('',(1.,0.,0.));
#6061=DIRECTION('',(0.,0.,1.));
#6062=DIRECTION('',(-1.,0.,0.));
#6063=DIRECTION('',(0.,0.,-1.));
#6064=DIRECTION('center_axis',(0.,1.,0.));
#6065=DIRECTION('ref_axis',(-0.999983086602424,0.,0.00581605614567763));
#6066=DIRECTION('',(0.,-1.,0.));
#6067=DIRECTION('center_axis',(0.,-1.,0.));
#6068=DIRECTION('ref_axis',(-0.999983086602424,0.,0.00581605614567763));
#6069=DIRECTION('center_axis',(0.,-0.707106781186548,0.707106781186547));
#6070=DIRECTION('ref_axis',(3.61116821062122E-17,0.707106781186547,0.707106781186548));
#6071=DIRECTION('center_axis',(0.,0.,1.));
#6072=DIRECTION('ref_axis',(1.,0.,0.));
#6073=DIRECTION('',(0.,-1.,0.));
#6074=DIRECTION('',(1.,1.48029734410873E-15,0.));
#6075=DIRECTION('center_axis',(1.,0.,0.));
#6076=DIRECTION('ref_axis',(0.,0.,-1.));
#6077=DIRECTION('',(0.,-1.,0.));
#6078=DIRECTION('',(0.,-7.24702152283367E-17,-1.));
#6079=DIRECTION('',(0.,-1.,0.));
#6080=DIRECTION('',(0.,0.,-1.));
#6081=DIRECTION('',(0.,-1.,5.33761069531325E-17));
#6082=DIRECTION('',(0.,0.,1.));
#6083=DIRECTION('',(0.,-1.,0.));
#6084=DIRECTION('',(0.,0.,1.));
#6085=DIRECTION('',(0.,-1.,0.));
#6086=DIRECTION('center_axis',(-1.,0.,0.));
#6087=DIRECTION('ref_axis',(0.,1.,0.));
#6088=DIRECTION('center_axis',(-1.,0.,0.));
#6089=DIRECTION('ref_axis',(0.,1.,0.));
#6090=DIRECTION('center_axis',(0.,0.,-1.));
#6091=DIRECTION('ref_axis',(0.,1.,0.));
#6092=DIRECTION('',(0.,-1.,0.));
#6093=DIRECTION('center_axis',(0.,1.,0.));
#6094=DIRECTION('ref_axis',(0.766202177152863,0.,-0.642599582731122));
#6095=DIRECTION('center_axis',(0.,-1.,0.));
#6096=DIRECTION('ref_axis',(0.766202177152863,0.,-0.642599582731122));
#6097=DIRECTION('',(0.,1.,0.));
#6098=DIRECTION('center_axis',(0.,-0.707106781186546,-0.707106781186549));
#6099=DIRECTION('ref_axis',(-1.30205501678737E-16,0.707106781186549,-0.707106781186546));
#6100=DIRECTION('center_axis',(0.,1.,0.));
#6101=DIRECTION('ref_axis',(-0.99663654694285,0.,-0.0819487235887973));
#6102=DIRECTION('center_axis',(0.,1.,0.));
#6103=DIRECTION('ref_axis',(-0.99663654694285,0.,-0.0819487235887973));
#6104=DIRECTION('',(0.,1.,0.));
#6105=DIRECTION('center_axis',(0.,0.707106781186548,-0.707106781186547));
#6106=DIRECTION('ref_axis',(3.25513754196843E-17,-0.707106781186547,-0.707106781186548));
#6107=DIRECTION('center_axis',(0.,1.,0.));
#6108=DIRECTION('ref_axis',(0.99663654694285,0.,0.0819487235887942));
#6109=DIRECTION('center_axis',(0.,-1.,0.));
#6110=DIRECTION('ref_axis',(0.99663654694285,0.,0.0819487235887942));
#6111=DIRECTION('',(0.,1.,0.));
#6112=DIRECTION('center_axis',(0.,-0.707106781186548,0.707106781186547));
#6113=DIRECTION('ref_axis',(-4.90653893338682E-17,0.707106781186547,0.707106781186548));
#6114=DIRECTION('center_axis',(0.,0.,1.));
#6115=DIRECTION('ref_axis',(0.,1.,0.));
#6116=DIRECTION('',(1.,0.,0.));
#6117=DIRECTION('',(0.,1.,0.));
#6118=DIRECTION('',(-1.,0.,0.));
#6119=DIRECTION('',(-1.,0.,0.));
#6120=DIRECTION('',(-1.,0.,0.));
#6121=DIRECTION('',(0.,1.,0.));
#6122=DIRECTION('',(-1.,0.,0.));
#6123=DIRECTION('',(-1.,0.,0.));
#6124=DIRECTION('',(0.,1.,0.));
#6125=DIRECTION('center_axis',(0.,-1.,0.));
#6126=DIRECTION('ref_axis',(0.,0.,1.));
#6127=DIRECTION('',(-1.,0.,0.));
#6128=DIRECTION('',(-1.,0.,0.));
#6129=DIRECTION('',(0.,0.,1.));
#6130=DIRECTION('',(1.,0.,0.));
#6131=DIRECTION('',(0.,0.,1.));
#6132=DIRECTION('',(-1.,0.,0.));
#6133=DIRECTION('center_axis',(0.,-1.,0.));
#6134=DIRECTION('ref_axis',(0.550095697992676,0.,-0.835101624384691));
#6135=DIRECTION('',(-1.,0.,0.));
#6136=DIRECTION('center_axis',(0.,1.,0.));
#6137=DIRECTION('ref_axis',(0.766202177152863,0.,-0.642599582731122));
#6138=DIRECTION('center_axis',(0.,-1.,0.));
#6139=DIRECTION('ref_axis',(-1.11022302462515E-15,0.,1.));
#6140=DIRECTION('center_axis',(0.,0.,-1.));
#6141=DIRECTION('ref_axis',(-1.,0.,0.));
#6142=DIRECTION('',(0.,-1.,0.));
#6143=DIRECTION('',(1.,0.,0.));
#6144=DIRECTION('',(0.,-1.,0.));
#6145=DIRECTION('',(-1.,0.,0.));
#6146=DIRECTION('',(0.,-1.,0.));
#6147=DIRECTION('',(-1.,-1.48029734410873E-15,0.));
#6148=DIRECTION('',(1.58507235339513E-24,1.,0.));
#6149=DIRECTION('center_axis',(1.,0.,0.));
#6150=DIRECTION('ref_axis',(0.,1.,0.));
#6151=DIRECTION('',(0.,-1.,0.));
#6152=DIRECTION('',(0.,0.,1.));
#6153=DIRECTION('center_axis',(0.,1.,1.2335811384724E-16));
#6154=DIRECTION('ref_axis',(0.,1.2335811384724E-16,-1.));
#6155=DIRECTION('',(0.,1.2335811384724E-16,-1.));
#6156=DIRECTION('',(-1.,0.,0.));
#6157=DIRECTION('',(0.,1.2335811384724E-16,-1.));
#6158=DIRECTION('center_axis',(-1.,0.,0.));
#6159=DIRECTION('ref_axis',(0.,0.,1.));
#6160=DIRECTION('',(0.,0.,1.));
#6161=DIRECTION('',(0.,-1.,-2.11471052309554E-16));
#6162=DIRECTION('center_axis',(-1.,0.,0.));
#6163=DIRECTION('ref_axis',(0.,0.,1.));
#6164=DIRECTION('',(0.,-1.,-2.11471052309554E-16));
#6165=DIRECTION('',(0.,0.,1.));
#6166=DIRECTION('',(0.,-1.,0.));
#6167=DIRECTION('',(0.,0.,1.));
#6168=DIRECTION('',(0.,-1.,5.33761069531325E-17));
#6169=DIRECTION('',(0.,0.,-1.));
#6170=DIRECTION('',(0.,-1.,0.));
#6171=DIRECTION('',(0.,-7.24702152283367E-17,-1.));
#6172=DIRECTION('center_axis',(0.,-1.,0.));
#6173=DIRECTION('ref_axis',(0.,0.,1.));
#6174=DIRECTION('',(-1.,0.,0.));
#6175=DIRECTION('center_axis',(0.,0.,1.));
#6176=DIRECTION('ref_axis',(-1.,0.,0.));
#6177=DIRECTION('',(0.,1.,0.));
#6178=DIRECTION('center_axis',(0.,-5.33761069531325E-17,-1.));
#6179=DIRECTION('ref_axis',(0.,-1.,5.33761069531325E-17));
#6180=DIRECTION('',(-1.,0.,0.));
#6181=DIRECTION('',(-1.,0.,0.));
#6182=DIRECTION('center_axis',(0.,1.,0.));
#6183=DIRECTION('ref_axis',(0.,0.,-1.));
#6184=DIRECTION('',(1.,0.,0.));
#6185=DIRECTION('center_axis',(0.,-1.,0.));
#6186=DIRECTION('ref_axis',(0.,0.,1.));
#6187=DIRECTION('',(-1.,0.,0.));
#6188=DIRECTION('center_axis',(0.,0.,-1.));
#6189=DIRECTION('ref_axis',(0.,-1.,0.));
#6190=DIRECTION('',(-1.,0.,0.));
#6191=DIRECTION('center_axis',(0.,1.,0.));
#6192=DIRECTION('ref_axis',(0.550095697992676,0.,-0.835101624384691));
#6193=DIRECTION('center_axis',(0.,-0.707106781186548,0.707106781186547));
#6194=DIRECTION('ref_axis',(6.51027508393685E-17,-0.707106781186547,-0.707106781186548));
#6195=DIRECTION('center_axis',(0.,1.,0.));
#6196=DIRECTION('ref_axis',(-0.999983086602424,0.,0.00581605614567763));
#6197=DIRECTION('center_axis',(0.,0.707106781186546,0.707106781186549));
#6198=DIRECTION('ref_axis',(3.61116821062121E-17,-0.707106781186549,0.707106781186546));
#6199=DIRECTION('center_axis',(0.,1.,-7.24702152283367E-17));
#6200=DIRECTION('ref_axis',(-0.999983086602424,0.,0.00581605614567763));
#6201=DIRECTION('center_axis',(0.,1.,0.));
#6202=DIRECTION('ref_axis',(-1.11022302462515E-15,0.,1.));
#6203=DIRECTION('',(0.,1.,0.));
#6204=DIRECTION('center_axis',(0.,-0.707106781186548,0.707106781186547));
#6205=DIRECTION('ref_axis',(-7.85046229341884E-16,0.707106781186547,0.707106781186548));
#6206=DIRECTION('center_axis',(0.,1.,0.));
#6207=DIRECTION('ref_axis',(-1.11022302462515E-15,0.,1.));
#6208=DIRECTION('center_axis',(0.,1.,0.));
#6209=DIRECTION('ref_axis',(-1.11022302462515E-15,0.,1.));
#6210=DIRECTION('center_axis',(0.,0.707106781186546,0.707106781186549));
#6211=DIRECTION('ref_axis',(-7.85046229341881E-16,-0.707106781186549,0.707106781186546));
#6212=DIRECTION('center_axis',(0.,1.,0.));
#6213=DIRECTION('ref_axis',(0.766202177152863,0.,-0.642599582731122));
#6214=DIRECTION('center_axis',(0.,0.707106781186548,-0.707106781186547));
#6215=DIRECTION('ref_axis',(6.51027508393685E-17,-0.707106781186547,-0.707106781186548));
#6216=DIRECTION('center_axis',(0.,1.,0.));
#6217=DIRECTION('ref_axis',(-0.99663654694285,0.,-0.0819487235887973));
#6218=DIRECTION('center_axis',(0.,-1.,0.));
#6219=DIRECTION('ref_axis',(-0.99663654694285,0.,-0.0819487235887973));
#6220=DIRECTION('center_axis',(0.,-0.707106781186546,-0.707106781186549));
#6221=DIRECTION('ref_axis',(3.25513754196842E-17,0.707106781186549,-0.707106781186546));
#6222=DIRECTION('',(0.,1.,0.));
#6223=DIRECTION('center_axis',(0.,1.,0.));
#6224=DIRECTION('ref_axis',(0.99663654694285,0.,0.0819487235887942));
#6225=DIRECTION('center_axis',(0.,1.,0.));
#6226=DIRECTION('ref_axis',(0.99663654694285,0.,0.0819487235887942));
#6227=DIRECTION('center_axis',(0.,0.707106781186546,0.707106781186549));
#6228=DIRECTION('ref_axis',(-4.9065389333868E-17,-0.707106781186549,0.707106781186546));
#6229=DIRECTION('center_axis',(0.,-0.707106781186548,0.707106781186547));
#6230=DIRECTION('ref_axis',(0.,0.707106781186547,0.707106781186548));
#6231=DIRECTION('center_axis',(0.,-0.707106781186548,0.707106781186547));
#6232=DIRECTION('ref_axis',(0.,0.707106781186547,0.707106781186548));
#6233=DIRECTION('center_axis',(0.,0.707106781186546,0.707106781186549));
#6234=DIRECTION('ref_axis',(0.,0.707106781186549,-0.707106781186546));
#6235=DIRECTION('',(-1.,0.,0.));
#6236=DIRECTION('center_axis',(0.,0.707106781186546,0.707106781186549));
#6237=DIRECTION('ref_axis',(0.,0.707106781186549,-0.707106781186546));
#6238=DIRECTION('',(-1.,0.,0.));
#6239=DIRECTION('center_axis',(0.,1.,-7.24702152283367E-17));
#6240=DIRECTION('ref_axis',(0.,-7.24702152283367E-17,-1.));
#6241=DIRECTION('center_axis',(0.,2.11471052309554E-16,-1.));
#6242=DIRECTION('ref_axis',(0.,-1.,-2.11471052309554E-16));
#6243=DIRECTION('center_axis',(0.,0.,-1.));
#6244=DIRECTION('ref_axis',(0.,-1.,0.));
#6245=DIRECTION('center_axis',(-1.,0.,0.));
#6246=DIRECTION('ref_axis',(0.,1.,0.));
#6247=DIRECTION('',(-1.,0.,0.));
#6248=DIRECTION('center_axis',(-1.,0.,0.));
#6249=DIRECTION('ref_axis',(0.,1.,0.));
#6250=DIRECTION('center_axis',(1.,0.,0.));
#6251=DIRECTION('ref_axis',(0.,1.,0.));
#6252=DIRECTION('center_axis',(-1.,0.,0.));
#6253=DIRECTION('ref_axis',(0.,1.,0.));
#6254=DIRECTION('',(-1.,0.,0.));
#6255=DIRECTION('center_axis',(-1.,0.,0.));
#6256=DIRECTION('ref_axis',(0.,1.,0.));
#6257=DIRECTION('center_axis',(1.,0.,0.));
#6258=DIRECTION('ref_axis',(0.,1.,0.));
#6259=DIRECTION('center_axis',(0.,0.99666960405492,-0.0815456948772209));
#6260=DIRECTION('ref_axis',(0.707106781186547,-0.057661513824252,-0.704751835629746));
#6261=DIRECTION('center_axis',(-3.94745964311167E-16,1.,0.));
#6262=DIRECTION('ref_axis',(-2.63491394775859E-14,-1.01657558627422E-29,
-1.));
#6263=DIRECTION('',(0.,-0.99666960405492,0.0815456948772209));
#6264=DIRECTION('center_axis',(5.55111512312578E-16,-2.21350936963398E-16,
1.));
#6265=DIRECTION('ref_axis',(-5.09253232566086E-17,-1.,-2.24059990988493E-16));
#6266=DIRECTION('',(0.,0.99666960405492,-0.0815456948772209));
#6267=DIRECTION('center_axis',(0.,0.,1.));
#6268=DIRECTION('ref_axis',(0.,-1.,0.));
#6269=DIRECTION('center_axis',(0.,0.,1.));
#6270=DIRECTION('ref_axis',(1.,0.,0.));
#6271=DIRECTION('',(1.,3.94745964311167E-16,0.));
#6272=DIRECTION('',(-1.,0.,0.));
#6273=DIRECTION('',(-1.,0.,0.));
#6274=DIRECTION('center_axis',(0.,0.,1.));
#6275=DIRECTION('ref_axis',(-0.707106781186547,0.707106781186548,0.));
#6276=DIRECTION('',(-1.,0.,0.));
#6277=DIRECTION('',(-0.728627668902004,-0.684910008767891,0.));
#6278=DIRECTION('',(-1.,-6.12323399573687E-17,2.22044604925032E-16));
#6279=DIRECTION('',(-6.12323399573687E-17,1.,-2.77555756156305E-17));
#6280=DIRECTION('center_axis',(-2.22044604925032E-16,-2.77555756156305E-17,
-1.));
#6281=DIRECTION('ref_axis',(-0.835101624384691,-0.550095697992676,2.0069803300022E-16));
#6282=DIRECTION('',(-1.,1.04899068466779E-15,2.22044604925032E-16));
#6283=DIRECTION('center_axis',(2.22044604925032E-16,2.77555756156305E-17,
1.));
#6284=DIRECTION('ref_axis',(1.,-2.15921370929295E-15,-2.22044604925032E-16));
#6285=DIRECTION('',(-6.12323399573687E-17,1.,-2.77555756156305E-17));
#6286=DIRECTION('center_axis',(2.22044604925032E-16,2.77555756156305E-17,
1.));
#6287=DIRECTION('ref_axis',(6.12323399573687E-17,-1.,2.77555756156305E-17));
#6288=DIRECTION('',(1.,6.12323399573687E-17,-2.22044604925032E-16));
#6289=DIRECTION('center_axis',(-2.22044604925032E-16,-2.77555756156305E-17,
-1.));
#6290=DIRECTION('ref_axis',(0.00581605614567757,0.999983086602424,-2.90465300636339E-17));
#6291=DIRECTION('center_axis',(0.,0.0815456948772209,0.99666960405492));
#6292=DIRECTION('ref_axis',(0.,0.99666960405492,-0.0815456948772209));
#6293=DIRECTION('',(1.,1.22874453369558E-31,-5.55111512312578E-16));
#6294=DIRECTION('',(-0.71081690027116,-0.701034568308177,0.0573573737706691));
#6295=DIRECTION('',(0.,-0.99666960405492,0.0815456948772209));
#6296=DIRECTION('center_axis',(0.,0.0815456948772209,0.99666960405492));
#6297=DIRECTION('ref_axis',(0.,0.99666960405492,-0.0815456948772209));
#6298=DIRECTION('center_axis',(1.,3.94745964311167E-16,0.));
#6299=DIRECTION('ref_axis',(0.,-0.707106781186548,-0.707106781186547));
#6300=DIRECTION('center_axis',(-1.,-6.12323399573687E-17,2.22044604925032E-16));
#6301=DIRECTION('ref_axis',(0.,-0.707106781186548,-0.707106781186547));
#6302=DIRECTION('',(-1.,-3.94745964311167E-16,0.));
#6303=DIRECTION('',(-1.,-3.94745964311167E-16,0.));
#6304=DIRECTION('center_axis',(3.94745964311167E-16,-1.,0.));
#6305=DIRECTION('ref_axis',(1.,3.94745964311167E-16,0.));
#6306=DIRECTION('',(2.22044604925032E-16,2.77555756156305E-17,1.));
#6307=DIRECTION('',(-1.,-6.12323399573687E-17,2.22044604925032E-16));
#6308=DIRECTION('',(2.75420711878164E-16,2.77555756156305E-17,1.));
#6309=DIRECTION('',(1.,6.12323399573687E-17,-2.22044604925032E-16));
#6310=DIRECTION('',(2.22044604925032E-16,2.77555756156305E-17,1.));
#6311=DIRECTION('',(1.,3.94745964311167E-16,0.));
#6312=DIRECTION('center_axis',(-3.94745964311167E-16,1.,0.));
#6313=DIRECTION('ref_axis',(6.90445749330907E-17,0.,1.));
#6314=DIRECTION('',(0.,0.,1.));
#6315=DIRECTION('center_axis',(-1.,-6.12323399573687E-17,2.22044604925032E-16));
#6316=DIRECTION('ref_axis',(2.22044604925032E-16,2.77555756156305E-17,1.));
#6317=DIRECTION('',(-6.12323399573687E-17,1.,-2.77555756156305E-17));
#6318=DIRECTION('',(2.22044604925032E-16,2.77555756156305E-17,1.));
#6319=DIRECTION('',(6.12323399573687E-17,-1.,2.77555756156305E-17));
#6320=DIRECTION('center_axis',(-2.94514820153368E-16,-2.77555756156305E-17,
-1.));
#6321=DIRECTION('ref_axis',(-1.,-6.12323399573687E-17,2.94514820153368E-16));
#6322=DIRECTION('center_axis',(-2.94514820153368E-16,-2.77555756156305E-17,
-1.));
#6323=DIRECTION('ref_axis',(0.00581605614567757,0.999983086602424,-2.90465300636339E-17));
#6324=DIRECTION('',(-6.12323399573687E-17,1.,-2.77555756156305E-17));
#6325=DIRECTION('center_axis',(2.22044604925032E-16,2.77555756156305E-17,
1.));
#6326=DIRECTION('ref_axis',(-0.0819487235887973,0.99663654694285,-9.465949086588E-18));
#6327=DIRECTION('center_axis',(-2.22044604925032E-16,-2.77555756156305E-17,
-1.));
#6328=DIRECTION('ref_axis',(0.0819487235887943,-0.99663654694285,9.46594908658869E-18));
#6329=DIRECTION('',(6.12323399573687E-17,-1.,2.77555756156305E-17));
#6330=DIRECTION('center_axis',(-2.22044604925032E-16,-2.77555756156305E-17,
-1.));
#6331=DIRECTION('ref_axis',(1.,1.17145536458252E-15,-2.22044604925032E-16));
#6332=DIRECTION('center_axis',(2.22044604925032E-16,2.77555756156305E-17,
1.));
#6333=DIRECTION('ref_axis',(-0.642599582731122,-0.766202177152864,1.63952152937349E-16));
#6334=DIRECTION('',(-6.12323399573687E-17,1.,-2.77555756156305E-17));
#6335=DIRECTION('center_axis',(-2.94514820153368E-16,-2.77555756156305E-17,
-1.));
#6336=DIRECTION('ref_axis',(-0.835101624384691,-0.550095697992676,2.0069803300022E-16));
#6337=DIRECTION('',(6.12323399573684E-17,-1.,-1.4525417684931E-15));
#6338=DIRECTION('',(1.,6.12323399573687E-17,-2.22044604925032E-16));
#6339=DIRECTION('',(-6.12323399573684E-17,1.,1.4525417684931E-15));
#6340=DIRECTION('',(-1.,-6.12323399573687E-17,2.94514820153368E-16));
#6341=DIRECTION('center_axis',(-2.22044604925032E-16,-2.77555756156305E-17,
-1.));
#6342=DIRECTION('ref_axis',(0.00581605614567757,0.999983086602424,-2.90465300636339E-17));
#6343=DIRECTION('',(-2.22044604925032E-16,-2.77555756156305E-17,-1.));
#6344=DIRECTION('center_axis',(0.707106781186549,2.36716470782273E-17,-0.707106781186546));
#6345=DIRECTION('ref_axis',(0.707106781186546,2.68122764391115E-17,0.707106781186549));
#6346=DIRECTION('center_axis',(-6.12323399573687E-17,1.,-2.77555756156305E-17));
#6347=DIRECTION('ref_axis',(-2.22044604925032E-16,-2.77555756156305E-17,
-1.));
#6348=DIRECTION('',(-6.12323399573687E-17,1.,-2.77555756156305E-17));
#6349=DIRECTION('center_axis',(-6.12323399573687E-17,1.,-2.77555756156305E-17));
#6350=DIRECTION('ref_axis',(-2.22044604925032E-16,-2.77555756156305E-17,
-1.));
#6351=DIRECTION('center_axis',(0.,-0.995037190209989,-0.0995037190209988));
#6352=DIRECTION('ref_axis',(0.707106781186548,-0.0703597544730293,0.703597544730292));
#6353=DIRECTION('',(0.,0.995037190209989,0.0995037190209988));
#6354=DIRECTION('center_axis',(0.,0.,-1.));
#6355=DIRECTION('ref_axis',(0.,-1.,0.));
#6356=DIRECTION('',(0.,-0.995037190209989,-0.0995037190209988));
#6357=DIRECTION('center_axis',(-5.55111512312578E-16,2.21350936963398E-16,
-1.));
#6358=DIRECTION('ref_axis',(4.83312024531633E-17,-1.,-2.14816303413056E-16));
#6359=DIRECTION('center_axis',(0.,0.0995037190209988,-0.995037190209989));
#6360=DIRECTION('ref_axis',(0.,-0.995037190209989,-0.0995037190209988));
#6361=DIRECTION('',(1.,0.,0.));
#6362=DIRECTION('center_axis',(0.,0.0995037190209988,-0.995037190209989));
#6363=DIRECTION('ref_axis',(0.,0.995037190209989,0.0995037190209988));
#6364=DIRECTION('',(0.,0.995037190209989,0.0995037190209988));
#6365=DIRECTION('',(0.710240196944329,0.700465801629145,0.0700465801629144));
#6366=DIRECTION('',(1.,-4.7766306688735E-17,-5.55111512312578E-16));
#6367=DIRECTION('center_axis',(0.,0.,1.));
#6368=DIRECTION('ref_axis',(1.,0.,0.));
#6369=DIRECTION('',(1.,3.94745964311167E-16,0.));
#6370=DIRECTION('center_axis',(2.22044604925032E-16,2.77555756156305E-17,
1.));
#6371=DIRECTION('ref_axis',(0.00581605614567757,0.999983086602424,-2.90465300636339E-17));
#6372=DIRECTION('',(-1.,-6.12323399573687E-17,2.22044604925032E-16));
#6373=DIRECTION('center_axis',(-2.22044604925032E-16,-2.77555756156305E-17,
-1.));
#6374=DIRECTION('ref_axis',(6.12323399573687E-17,-1.,2.77555756156305E-17));
#6375=DIRECTION('',(6.12323399573687E-17,-1.,2.77555756156305E-17));
#6376=DIRECTION('center_axis',(-2.22044604925032E-16,-2.77555756156305E-17,
-1.));
#6377=DIRECTION('ref_axis',(1.,-2.15921370929295E-15,-2.22044604925032E-16));
#6378=DIRECTION('',(1.,-1.04899068466779E-15,-2.22044604925032E-16));
#6379=DIRECTION('center_axis',(2.22044604925032E-16,2.77555756156305E-17,
1.));
#6380=DIRECTION('ref_axis',(-0.835101624384691,-0.550095697992676,2.0069803300022E-16));
#6381=DIRECTION('',(6.12323399573687E-17,-1.,2.77555756156305E-17));
#6382=DIRECTION('',(1.,6.12323399573687E-17,-2.22044604925032E-16));
#6383=DIRECTION('',(0.728627668902004,0.684910008767891,0.));
#6384=DIRECTION('',(1.,0.,0.));
#6385=DIRECTION('center_axis',(0.,0.,-1.));
#6386=DIRECTION('ref_axis',(-0.707106781186547,0.707106781186548,0.));
#6387=DIRECTION('center_axis',(1.,3.94745964311167E-16,0.));
#6388=DIRECTION('ref_axis',(0.,-0.707106781186548,0.707106781186547));
#6389=DIRECTION('center_axis',(-1.,-6.12323399573687E-17,2.22044604925032E-16));
#6390=DIRECTION('ref_axis',(0.,-0.707106781186548,0.707106781186547));
#6391=DIRECTION('',(1.,3.94745964311167E-16,0.));
#6392=DIRECTION('center_axis',(-1.,-6.12323399573687E-17,2.22044604925032E-16));
#6393=DIRECTION('ref_axis',(2.22044604925032E-16,2.77555756156305E-17,1.));
#6394=DIRECTION('',(-6.12323399573687E-17,1.,-2.77555756156305E-17));
#6395=DIRECTION('',(2.22044604925032E-16,2.77555756156305E-17,1.));
#6396=DIRECTION('',(-6.12323399573687E-17,1.,-2.77555756156305E-17));
#6397=DIRECTION('center_axis',(-6.12323399573687E-17,1.,-2.77555756156305E-17));
#6398=DIRECTION('ref_axis',(-2.22044604925032E-16,-2.77555756156305E-17,
-1.));
#6399=DIRECTION('',(-6.12323399573687E-17,1.,-2.77555756156305E-17));
#6400=DIRECTION('center_axis',(-6.12323399573687E-17,1.,-2.77555756156305E-17));
#6401=DIRECTION('ref_axis',(-2.22044604925032E-16,-2.77555756156305E-17,
-1.));
#6402=DIRECTION('center_axis',(-1.,0.,0.));
#6403=DIRECTION('ref_axis',(0.,0.707106781186549,-0.707106781186546));
#6404=DIRECTION('center_axis',(1.,-5.55111512312578E-16,0.));
#6405=DIRECTION('ref_axis',(0.,0.,-1.));
#6406=DIRECTION('',(1.,0.,0.));
#6407=DIRECTION('center_axis',(-0.929684803818477,-0.368356030965966,-2.06431494968679E-15));
#6408=DIRECTION('ref_axis',(0.368356030965966,-0.929684803818477,-5.21007416109451E-15));
#6409=DIRECTION('center_axis',(0.,0.,1.));
#6410=DIRECTION('ref_axis',(1.,0.,0.));
#6411=DIRECTION('center_axis',(0.,0.,-1.));
#6412=DIRECTION('ref_axis',(-0.707106781186547,0.707106781186548,0.));
#6413=DIRECTION('center_axis',(0.,-0.99666960405492,0.0815456948772209));
#6414=DIRECTION('ref_axis',(-0.707106781186547,-0.057661513824252,-0.704751835629745));
#6415=DIRECTION('',(0.,0.99666960405492,-0.0815456948772209));
#6416=DIRECTION('center_axis',(2.23568456173456E-15,-0.99666960405492,0.0815456948772209));
#6417=DIRECTION('ref_axis',(-1.,-2.22044604925031E-15,2.77555756156289E-16));
#6418=DIRECTION('center_axis',(0.385112261214191,0.919796212557845,-0.0752560537547335));
#6419=DIRECTION('ref_axis',(-0.92286973417839,0.383829684901043,-0.0314042469464478));
#6420=DIRECTION('center_axis',(-2.09407280847261E-17,-0.0707314913994295,
-0.997495391530413));
#6421=DIRECTION('ref_axis',(0.,0.997495391530413,-0.0707314913994295));
#6422=DIRECTION('center_axis',(-0.71081690027116,-0.701034568308177,0.0573573737706692));
#6423=DIRECTION('ref_axis',(-0.511597362405483,0.459324239198575,-0.726146942474044));
#6424=DIRECTION('center_axis',(0.71081690027116,0.701034568308177,-0.057357373770668));
#6425=DIRECTION('ref_axis',(1.11022302462516E-15,-0.0815456948772204,-0.99666960405492));
#6426=DIRECTION('',(0.71081690027116,0.701034568308177,-0.0573573737706691));
#6427=DIRECTION('center_axis',(-1.,0.,0.));
#6428=DIRECTION('ref_axis',(0.,0.99666960405492,-0.081545694877221));
#6429=DIRECTION('center_axis',(-0.728627668902004,-0.684910008767891,0.));
#6430=DIRECTION('ref_axis',(-0.484304511702314,0.515217565640753,-0.707106781186547));
#6431=DIRECTION('',(0.728627668902004,0.684910008767891,0.));
#6432=DIRECTION('center_axis',(6.12323399573687E-17,-1.,2.77555756156305E-17));
#6433=DIRECTION('ref_axis',(-1.,3.36053762388595E-17,1.90100715382583E-16));
#6434=DIRECTION('',(1.,1.22874453369558E-31,-5.55111512312578E-16));
#6435=DIRECTION('',(1.,1.22874453369558E-31,-5.55111512312578E-16));
#6436=DIRECTION('center_axis',(6.12323399573687E-17,-1.,2.77555756156305E-17));
#6437=DIRECTION('ref_axis',(-2.22044604925032E-16,-2.77555756156305E-17,
-1.));
#6438=DIRECTION('',(2.22044604925032E-16,2.77555756156305E-17,1.));
#6439=DIRECTION('center_axis',(6.12323399573687E-17,-1.,2.77555756156305E-17));
#6440=DIRECTION('ref_axis',(-1.,0.,-9.50503576912913E-17));
#6441=DIRECTION('',(2.22044604925032E-16,2.77555756156305E-17,1.));
#6442=DIRECTION('',(1.,6.12323399573687E-17,-2.22044604925032E-16));
#6443=DIRECTION('',(-2.22044604925032E-16,-2.77555772007028E-17,-1.));
#6444=DIRECTION('',(2.22044604925032E-16,2.77555756156305E-17,1.));
#6445=DIRECTION('center_axis',(-0.684910008767891,0.728627668902004,1.52080572306066E-16));
#6446=DIRECTION('ref_axis',(2.22044604925032E-16,0.,1.));
#6447=DIRECTION('',(2.22044604925032E-16,0.,1.));
#6448=DIRECTION('',(0.,0.,1.));
#6449=DIRECTION('',(0.,0.,1.));
#6450=DIRECTION('',(-0.728627668902004,-0.684910008767891,0.));
#6451=DIRECTION('center_axis',(0.,1.,0.));
#6452=DIRECTION('ref_axis',(-1.,0.,0.));
#6453=DIRECTION('',(0.,0.,1.));
#6454=DIRECTION('',(1.,0.,0.));
#6455=DIRECTION('center_axis',(0.,0.,1.));
#6456=DIRECTION('ref_axis',(1.,0.,0.));
#6457=DIRECTION('',(0.,0.,1.));
#6458=DIRECTION('center_axis',(0.,-0.0815456948772209,-0.99666960405492));
#6459=DIRECTION('ref_axis',(0.,0.99666960405492,-0.081545694877221));
#6460=DIRECTION('center_axis',(0.,0.,-1.));
#6461=DIRECTION('ref_axis',(1.,0.,0.));
#6462=DIRECTION('center_axis',(-1.,0.,0.));
#6463=DIRECTION('ref_axis',(0.,-1.,0.));
#6464=DIRECTION('',(0.,0.,1.));
#6465=DIRECTION('',(0.,0.99666960405492,-0.0815456948772209));
#6466=DIRECTION('center_axis',(-0.702190577139888,0.711989040207748,0.));
#6467=DIRECTION('ref_axis',(0.711989040207748,0.702190577139888,0.));
#6468=DIRECTION('',(0.,0.,-1.));
#6469=DIRECTION('',(0.711989040207748,0.702190577139888,9.62768309145458E-15));
#6470=DIRECTION('',(0.71081690027116,0.701034568308177,-0.0573573737706691));
#6471=DIRECTION('center_axis',(-4.7766306688735E-17,-1.,0.));
#6472=DIRECTION('ref_axis',(1.,-4.7766306688735E-17,0.));
#6473=DIRECTION('',(-1.,4.7766306688735E-17,6.54920299730471E-31));
#6474=DIRECTION('',(-5.55111512312578E-16,2.21350936963398E-16,-1.));
#6475=DIRECTION('center_axis',(0.710240196944329,0.700465801629145,0.0700465801629144));
#6476=DIRECTION('ref_axis',(-0.515105332186757,0.449300325439373,0.729928567952265));
#6477=DIRECTION('',(-0.710240196944329,-0.700465801629145,-0.0700465801629144));
#6478=DIRECTION('center_axis',(0.710240196944329,0.700465801629146,0.0700465801629152));
#6479=DIRECTION('ref_axis',(-0.702190577139889,0.711989040207748,0.));
#6480=DIRECTION('center_axis',(-0.384734052091724,-0.91844665958134,-0.0918446659581346));
#6481=DIRECTION('ref_axis',(-0.923027469342642,0.382824690171453,0.038282469017147));
#6482=DIRECTION('center_axis',(-1.,0.,0.));
#6483=DIRECTION('ref_axis',(-3.35911174404279E-17,0.995037190209989,0.0995037190209987));
#6484=DIRECTION('center_axis',(0.,0.995037190209989,0.0995037190209988));
#6485=DIRECTION('ref_axis',(-0.707106781186548,-0.0703597544730278,0.703597544730292));
#6486=DIRECTION('center_axis',(0.,-0.995037190209989,-0.0995037190209991));
#6487=DIRECTION('ref_axis',(0.,-0.0995037190209991,0.995037190209989));
#6488=DIRECTION('',(0.,-0.995037190209989,-0.0995037190209988));
#6489=DIRECTION('center_axis',(2.55626652672527E-17,-0.086343007329147,
0.996265469182466));
#6490=DIRECTION('ref_axis',(0.,0.996265469182466,0.086343007329147));
#6491=DIRECTION('center_axis',(-1.,0.,0.));
#6492=DIRECTION('ref_axis',(0.,0.70710678118655,0.707106781186545));
#6493=DIRECTION('',(-1.,0.,0.));
#6494=DIRECTION('center_axis',(1.,-5.55111512312578E-16,0.));
#6495=DIRECTION('ref_axis',(5.55111512312578E-16,1.,0.));
#6496=DIRECTION('center_axis',(-0.929684803818477,-0.368356030965966,2.06431494968679E-15));
#6497=DIRECTION('ref_axis',(0.368356030965966,-0.929684803818477,5.21007416109451E-15));
#6498=DIRECTION('center_axis',(0.,0.,1.));
#6499=DIRECTION('ref_axis',(1.,0.,0.));
#6500=DIRECTION('center_axis',(0.,0.,1.));
#6501=DIRECTION('ref_axis',(-0.707106781186547,0.707106781186548,0.));
#6502=DIRECTION('center_axis',(0.728627668902004,0.684910008767891,0.));
#6503=DIRECTION('ref_axis',(-0.484304511702314,0.515217565640754,0.707106781186547));
#6504=DIRECTION('',(1.,-4.7766306688735E-17,-5.55111512312578E-16));
#6505=DIRECTION('',(1.,-4.7766306688735E-17,-5.55111512312578E-16));
#6506=DIRECTION('center_axis',(-5.55111512312578E-16,2.21350936963398E-16,
-1.));
#6507=DIRECTION('ref_axis',(1.,1.22874453369558E-31,-5.55111512312578E-16));
#6508=DIRECTION('',(-1.8610995229314E-46,1.,2.21350936963398E-16));
#6509=DIRECTION('',(-1.,-1.22874453369558E-31,5.55111512312578E-16));
#6510=DIRECTION('',(-6.10622663543836E-16,-1.,-2.21350936963398E-16));
#6511=DIRECTION('center_axis',(-5.55111512312578E-16,2.21350936963398E-16,
-1.));
#6512=DIRECTION('ref_axis',(-1.,-8.88178419700126E-16,5.55111512312578E-16));
#6513=DIRECTION('',(1.,1.22874453369558E-31,-5.55111512312578E-16));
#6514=DIRECTION('center_axis',(-5.55111512312578E-16,2.21350936963398E-16,
-1.));
#6515=DIRECTION('ref_axis',(-1.77635683940025E-15,1.,2.21350936963399E-16));
#6516=DIRECTION('',(1.8610995229314E-46,-1.,-2.21350936963398E-16));
#6517=DIRECTION('',(-1.,-1.22874453369558E-31,5.55111512312578E-16));
#6518=DIRECTION('',(1.8610995229314E-46,-1.,-2.21350936963398E-16));
#6519=DIRECTION('center_axis',(0.,1.,0.));
#6520=DIRECTION('ref_axis',(0.707106781186547,0.,0.707106781186548));
#6521=DIRECTION('center_axis',(0.,1.,0.));
#6522=DIRECTION('ref_axis',(0.707106781186547,0.,0.707106781186548));
#6523=DIRECTION('',(0.,-1.,0.));
#6524=DIRECTION('center_axis',(-3.94745964311167E-16,1.,0.));
#6525=DIRECTION('ref_axis',(0.707106781186547,0.,0.707106781186548));
#6526=DIRECTION('',(0.,-1.,0.));
#6527=DIRECTION('',(0.,1.,0.));
#6528=DIRECTION('center_axis',(0.,0.,1.));
#6529=DIRECTION('ref_axis',(1.,0.,0.));
#6530=DIRECTION('',(1.,0.,0.));
#6531=DIRECTION('',(0.,1.,0.));
#6532=DIRECTION('',(1.,3.94745964311167E-16,0.));
#6533=DIRECTION('',(0.,-1.,0.));
#6534=DIRECTION('',(1.,0.,0.));
#6535=DIRECTION('',(0.,1.,0.));
#6536=DIRECTION('',(1.,3.94745964311167E-16,0.));
#6537=DIRECTION('',(0.,-1.,0.));
#6538=DIRECTION('',(1.,0.,0.));
#6539=DIRECTION('center_axis',(0.,0.,1.));
#6540=DIRECTION('ref_axis',(1.,0.,0.));
#6541=DIRECTION('',(-1.,0.,0.));
#6542=DIRECTION('center_axis',(0.,1.,0.));
#6543=DIRECTION('ref_axis',(-1.,0.,0.));
#6544=DIRECTION('',(0.,0.,1.));
#6545=DIRECTION('center_axis',(-6.12323399573687E-17,1.,-2.77555756156305E-17));
#6546=DIRECTION('ref_axis',(1.,6.12323399573687E-17,-2.22044604925032E-16));
#6547=DIRECTION('',(-2.22044604925032E-16,-2.77555756156305E-17,-1.));
#6548=DIRECTION('',(-2.22044604925032E-16,-2.77555756156305E-17,-1.));
#6549=DIRECTION('',(2.22044604925032E-16,2.77555756156305E-17,1.));
#6550=DIRECTION('center_axis',(-2.22044604925032E-16,-2.77555756156305E-17,
-1.));
#6551=DIRECTION('ref_axis',(6.12323399573687E-17,-1.,2.77555756156305E-17));
#6552=DIRECTION('',(2.22044604925032E-16,2.77555756156305E-17,1.));
#6553=DIRECTION('center_axis',(1.,6.12323399573687E-17,-2.22044604925032E-16));
#6554=DIRECTION('ref_axis',(2.22044604925032E-16,2.77555756156305E-17,1.));
#6555=DIRECTION('',(2.22044604925032E-16,2.77555756156305E-17,1.));
#6556=DIRECTION('center_axis',(-2.22044604925032E-16,-2.77555756156305E-17,
-1.));
#6557=DIRECTION('ref_axis',(1.,-2.15921370929295E-15,-2.22044604925032E-16));
#6558=DIRECTION('',(-2.22044604925032E-16,-2.77555756156305E-17,-1.));
#6559=DIRECTION('center_axis',(-1.04899068466779E-15,-1.,2.77555756156307E-17));
#6560=DIRECTION('ref_axis',(-1.,1.04899068466779E-15,2.22044604925032E-16));
#6561=DIRECTION('',(-2.22044604925032E-16,-2.77555756156305E-17,-1.));
#6562=DIRECTION('',(-2.22044604925032E-16,-2.77555756156305E-17,-1.));
#6563=DIRECTION('',(-2.22044604925032E-16,-2.77555756156305E-17,-1.));
#6564=DIRECTION('center_axis',(-2.22044604925032E-16,-2.77555756156305E-17,
-1.));
#6565=DIRECTION('ref_axis',(-0.835101624384691,-0.550095697992676,2.0069803300022E-16));
#6566=DIRECTION('',(-2.22044604925032E-16,-2.77555756156305E-17,-1.));
#6567=DIRECTION('center_axis',(0.707106781186549,2.36716470782273E-17,-0.707106781186546));
#6568=DIRECTION('ref_axis',(-0.707106781186546,-1.28026709384692E-16,-0.707106781186549));
#6569=DIRECTION('center_axis',(-2.22044604925032E-16,-2.77555756156305E-17,
-1.));
#6570=DIRECTION('ref_axis',(0.00581605614567757,0.999983086602424,-2.90465300636339E-17));
#6571=DIRECTION('center_axis',(2.22044604925032E-16,2.77555756156305E-17,
1.));
#6572=DIRECTION('ref_axis',(0.00581605614567757,0.999983086602424,-2.90465300636339E-17));
#6573=DIRECTION('center_axis',(0.707106781186547,6.29239585453237E-17,0.707106781186548));
#6574=DIRECTION('ref_axis',(0.707106781186548,-1.24400350279851E-17,-0.707106781186547));
#6575=DIRECTION('center_axis',(1.,6.12323399573687E-17,-2.22044604925032E-16));
#6576=DIRECTION('ref_axis',(6.12323399573687E-17,-1.,2.77555756156305E-17));
#6577=DIRECTION('center_axis',(-2.22044604925032E-16,-2.77555756156305E-17,
-1.));
#6578=DIRECTION('ref_axis',(-0.642599582731122,-0.766202177152864,1.63952152937349E-16));
#6579=DIRECTION('',(-2.22044604925032E-16,-2.77555756156305E-17,-1.));
#6580=DIRECTION('center_axis',(-0.707106781186549,-2.36716470782273E-17,
0.707106781186546));
#6581=DIRECTION('ref_axis',(-0.707106781186546,6.7281543133413E-17,-0.707106781186549));
#6582=DIRECTION('center_axis',(-2.22044604925032E-16,-2.77555756156305E-17,
-1.));
#6583=DIRECTION('ref_axis',(-0.0819487235887973,0.99663654694285,-9.465949086588E-18));
#6584=DIRECTION('center_axis',(-2.22044604925032E-16,-2.77555756156305E-17,
-1.));
#6585=DIRECTION('ref_axis',(-0.0819487235887973,0.99663654694285,-9.465949086588E-18));
#6586=DIRECTION('',(-2.22044604925032E-16,-2.77555756156305E-17,-1.));
#6587=DIRECTION('center_axis',(-0.707106781186547,-6.29239585453237E-17,
-0.707106781186548));
#6588=DIRECTION('ref_axis',(-0.707106781186548,-5.62230224979114E-17,0.707106781186547));
#6589=DIRECTION('center_axis',(-2.22044604925032E-16,-2.77555756156305E-17,
-1.));
#6590=DIRECTION('ref_axis',(0.0819487235887943,-0.99663654694285,9.46594908658869E-18));
#6591=DIRECTION('center_axis',(2.22044604925032E-16,2.77555756156305E-17,
1.));
#6592=DIRECTION('ref_axis',(0.0819487235887943,-0.99663654694285,9.46594908658869E-18));
#6593=DIRECTION('',(-2.22044604925032E-16,-2.77555756156305E-17,-1.));
#6594=DIRECTION('center_axis',(0.707106781186547,6.29239585453237E-17,0.707106781186548));
#6595=DIRECTION('ref_axis',(0.707106781186548,7.27370364120954E-17,-0.707106781186547));
#6596=DIRECTION('center_axis',(1.,6.12323399573687E-17,-2.22044604925032E-16));
#6597=DIRECTION('ref_axis',(-2.22044604925032E-16,-2.77555756156305E-17,
-1.));
#6598=DIRECTION('',(-2.22044604925032E-16,-2.77555756156305E-17,-1.));
#6599=DIRECTION('',(-6.12323399573687E-17,1.,-2.77555756156305E-17));
#6600=DIRECTION('',(-6.12323399573687E-17,1.,-2.77555756156305E-17));
#6601=DIRECTION('',(-6.12323399573687E-17,1.,-2.77555756156305E-17));
#6602=DIRECTION('',(-2.22044604925032E-16,-2.77555756156305E-17,-1.));
#6603=DIRECTION('',(-6.12323399573687E-17,1.,-2.77555756156305E-17));
#6604=DIRECTION('',(-6.12323399573687E-17,1.,-2.77555756156305E-17));
#6605=DIRECTION('',(-2.22044604925032E-16,-2.77555756156305E-17,-1.));
#6606=DIRECTION('center_axis',(2.22044604925032E-16,2.77555756156305E-17,
1.));
#6607=DIRECTION('ref_axis',(1.,6.12323399573687E-17,-2.22044604925032E-16));
#6608=DIRECTION('',(1.,6.12323399573687E-17,-2.22044604925032E-16));
#6609=DIRECTION('',(6.12323399573687E-17,-1.,2.77555756156305E-17));
#6610=DIRECTION('',(-6.12323399573687E-17,1.,-2.77555756156305E-17));
#6611=DIRECTION('center_axis',(2.22044604925032E-16,2.77555756156305E-17,
1.));
#6612=DIRECTION('ref_axis',(-0.835101624384691,-0.550095697992676,2.0069803300022E-16));
#6613=DIRECTION('',(-6.12323399573687E-17,1.,-2.77555756156305E-17));
#6614=DIRECTION('center_axis',(-2.22044604925032E-16,-2.77555756156305E-17,
-1.));
#6615=DIRECTION('ref_axis',(-0.642599582731122,-0.766202177152864,1.63952152937349E-16));
#6616=DIRECTION('center_axis',(2.22044604925032E-16,2.77555756156305E-17,
1.));
#6617=DIRECTION('ref_axis',(1.,1.17145536458252E-15,-2.22044604925032E-16));
#6618=DIRECTION('',(-6.12323399573687E-17,1.,-2.77555756156305E-17));
#6619=DIRECTION('center_axis',(-1.,-6.12323399573687E-17,2.22044604925032E-16));
#6620=DIRECTION('ref_axis',(-6.12323399573687E-17,1.,-2.77555756156305E-17));
#6621=DIRECTION('',(2.22044604925032E-16,2.77555756156305E-17,1.));
#6622=DIRECTION('',(6.12323399573687E-17,-1.,2.77555756156305E-17));
#6623=DIRECTION('',(2.22044604925032E-16,2.77555756156305E-17,1.));
#6624=DIRECTION('',(-6.12323399573687E-17,1.,-2.77555756156305E-17));
#6625=DIRECTION('',(2.22044604925032E-16,2.77555756156305E-17,1.));
#6626=DIRECTION('center_axis',(-9.8686491077792E-17,-2.77555756156305E-17,
-1.));
#6627=DIRECTION('ref_axis',(-1.,-6.12323399573687E-17,9.8686491077792E-17));
#6628=DIRECTION('',(-1.,-6.12323399573687E-17,9.8686491077792E-17));
#6629=DIRECTION('',(-6.12323399573687E-17,1.,-2.77555756156305E-17));
#6630=DIRECTION('',(-1.,-6.12323399573687E-17,9.8686491077792E-17));
#6631=DIRECTION('center_axis',(-6.12323399573687E-17,1.,-2.77555756156305E-17));
#6632=DIRECTION('ref_axis',(1.,6.12323399573687E-17,-2.22044604925032E-16));
#6633=DIRECTION('',(1.,6.12323399573687E-17,-2.22044604925032E-16));
#6634=DIRECTION('',(1.05735526154781E-17,2.77555756156305E-17,1.));
#6635=DIRECTION('center_axis',(-6.12323399573687E-17,1.,-2.77555756156305E-17));
#6636=DIRECTION('ref_axis',(1.,6.12323399573687E-17,-2.22044604925032E-16));
#6637=DIRECTION('',(1.05735526154781E-17,2.77555756156305E-17,1.));
#6638=DIRECTION('',(1.,6.12323399573687E-17,-2.22044604925032E-16));
#6639=DIRECTION('',(1.,6.12323399573687E-17,-2.22044604925032E-16));
#6640=DIRECTION('',(2.75420711878164E-16,2.77555756156305E-17,1.));
#6641=DIRECTION('',(-1.,-6.12323399573687E-17,2.22044604925032E-16));
#6642=DIRECTION('center_axis',(2.22044604925032E-16,2.77555756156305E-17,
1.));
#6643=DIRECTION('ref_axis',(1.,6.12323399573687E-17,-2.22044604925032E-16));
#6644=DIRECTION('',(-6.12323399573687E-17,1.,-2.77555756156305E-17));
#6645=DIRECTION('center_axis',(1.,6.12323399573687E-17,-2.22044604925032E-16));
#6646=DIRECTION('ref_axis',(-6.12323399573687E-17,1.,-2.77555756156305E-17));
#6647=DIRECTION('',(-2.22044604925032E-16,-2.77555756156305E-17,-1.));
#6648=DIRECTION('center_axis',(-1.,-6.12323399573687E-17,2.75420711878164E-16));
#6649=DIRECTION('ref_axis',(2.75420711878164E-16,2.77555756156305E-17,1.));
#6650=DIRECTION('',(-6.12323399573687E-17,1.,-2.77555756156305E-17));
#6651=DIRECTION('',(-6.12323399573687E-17,1.,-2.77555756156305E-17));
#6652=DIRECTION('center_axis',(-2.22044604925032E-16,-2.77555756156305E-17,
-1.));
#6653=DIRECTION('ref_axis',(-1.,-6.12323399573687E-17,2.22044604925032E-16));
#6654=DIRECTION('center_axis',(2.22044604925032E-16,2.77555756156305E-17,
1.));
#6655=DIRECTION('ref_axis',(1.,6.12323399573687E-17,-2.22044604925032E-16));
#6656=DIRECTION('center_axis',(-2.22044604925032E-16,-2.77555756156305E-17,
-1.));
#6657=DIRECTION('ref_axis',(-0.835101624384691,-0.550095697992676,2.0069803300022E-16));
#6658=DIRECTION('center_axis',(0.707106781186547,6.29239585453237E-17,0.707106781186548));
#6659=DIRECTION('ref_axis',(-0.707106781186548,-8.87743979175957E-17,0.707106781186547));
#6660=DIRECTION('center_axis',(-2.22044604925032E-16,-2.77555756156305E-17,
-1.));
#6661=DIRECTION('ref_axis',(1.,1.17145536458252E-15,-2.22044604925032E-16));
#6662=DIRECTION('',(-2.22044604925032E-16,-2.77555756156305E-17,-1.));
#6663=DIRECTION('center_axis',(0.707106781186547,6.29239585453237E-17,0.707106781186548));
#6664=DIRECTION('ref_axis',(0.707106781186548,8.08717876420111E-16,-0.707106781186547));
#6665=DIRECTION('center_axis',(-2.22044604925032E-16,-2.77555756156305E-17,
-1.));
#6666=DIRECTION('ref_axis',(1.,1.17145536458252E-15,-2.22044604925032E-16));
#6667=DIRECTION('center_axis',(0.707106781186549,2.36716470782273E-17,-0.707106781186546));
#6668=DIRECTION('ref_axis',(0.707106781186546,8.47970187887205E-16,0.707106781186549));
#6669=DIRECTION('center_axis',(-2.22044604925032E-16,-2.77555756156305E-17,
-1.));
#6670=DIRECTION('ref_axis',(-0.642599582731122,-0.766202177152864,1.63952152937349E-16));
#6671=DIRECTION('center_axis',(-0.707106781186547,-6.29239585453237E-17,
-0.707106781186548));
#6672=DIRECTION('ref_axis',(-0.707106781186548,-8.87743979175957E-17,0.707106781186547));
#6673=DIRECTION('center_axis',(-2.22044604925032E-16,-2.77555756156305E-17,
-1.));
#6674=DIRECTION('ref_axis',(-0.0819487235887973,0.99663654694285,-9.465949086588E-18));
#6675=DIRECTION('center_axis',(-0.707106781186549,-2.36716470782273E-17,
0.707106781186546));
#6676=DIRECTION('ref_axis',(-0.707106781186546,-9.54753339650078E-17,-0.707106781186549));
#6677=DIRECTION('',(-2.22044604925032E-16,-2.77555756156305E-17,-1.));
#6678=DIRECTION('center_axis',(-2.22044604925032E-16,-2.77555756156305E-17,
-1.));
#6679=DIRECTION('ref_axis',(0.0819487235887943,-0.99663654694285,9.46594908658869E-18));
#6680=DIRECTION('center_axis',(0.707106781186549,2.36716470782273E-17,-0.707106781186546));
#6681=DIRECTION('ref_axis',(0.707106781186546,1.11989347879192E-16,0.707106781186549));
#6682=DIRECTION('center_axis',(0.707106781186547,6.29239585453237E-17,0.707106781186548));
#6683=DIRECTION('ref_axis',(0.707106781186548,2.36716470782272E-17,-0.707106781186547));
#6684=DIRECTION('center_axis',(0.707106781186547,6.29239585453237E-17,0.707106781186548));
#6685=DIRECTION('ref_axis',(0.707106781186548,2.36716470782272E-17,-0.707106781186547));
#6686=DIRECTION('center_axis',(0.707106781186549,2.36716470782273E-17,-0.707106781186546));
#6687=DIRECTION('ref_axis',(-0.707106781186546,-6.29239585453237E-17,-0.707106781186549));
#6688=DIRECTION('center_axis',(0.707106781186549,2.36716470782273E-17,-0.707106781186546));
#6689=DIRECTION('ref_axis',(-0.707106781186546,-6.29239585453237E-17,-0.707106781186549));
#6690=DIRECTION('center_axis',(-1.,-6.12323399573687E-17,1.05735526154781E-17));
#6691=DIRECTION('ref_axis',(1.05735526154781E-17,2.77555756156305E-17,1.));
#6692=DIRECTION('center_axis',(6.12323399573687E-17,-1.,2.77555756156305E-17));
#6693=DIRECTION('ref_axis',(-2.22044604925032E-16,-2.77555756156305E-17,
-1.));
#6694=DIRECTION('center_axis',(6.12323399573687E-17,-1.,2.77555756156305E-17));
#6695=DIRECTION('ref_axis',(-2.22044604925032E-16,-2.77555756156305E-17,
-1.));
#6696=DIRECTION('center_axis',(1.,0.,0.));
#6697=DIRECTION('ref_axis',(0.,-1.,0.));
#6698=DIRECTION('',(-1.,0.,0.));
#6699=DIRECTION('center_axis',(-1.,0.,0.));
#6700=DIRECTION('ref_axis',(0.,-1.,0.));
#6701=DIRECTION('',(1.,0.,0.));
#6702=DIRECTION('center_axis',(1.,0.,0.));
#6703=DIRECTION('ref_axis',(0.,-1.,0.));
#6704=DIRECTION('center_axis',(1.,0.,0.));
#6705=DIRECTION('ref_axis',(0.,-1.,0.));
#6706=DIRECTION('',(1.,0.,0.));
#6707=DIRECTION('center_axis',(1.,0.,0.));
#6708=DIRECTION('ref_axis',(0.,-1.,0.));
#6709=DIRECTION('',(-1.,0.,0.));
#6710=DIRECTION('center_axis',(-1.,0.,0.));
#6711=DIRECTION('ref_axis',(0.,-1.,0.));
#6712=DIRECTION('center_axis',(1.,0.,0.));
#6713=DIRECTION('ref_axis',(0.,-1.,0.));
#6714=DIRECTION('center_axis',(1.,0.,0.));
#6715=DIRECTION('ref_axis',(0.,-1.,0.));
#6716=DIRECTION('',(-1.,0.,0.));
#6717=DIRECTION('center_axis',(-1.,0.,0.));
#6718=DIRECTION('ref_axis',(0.,-1.,0.));
#6719=DIRECTION('',(1.,0.,0.));
#6720=DIRECTION('center_axis',(1.,0.,0.));
#6721=DIRECTION('ref_axis',(0.,0.,-1.));
#6722=DIRECTION('center_axis',(1.,0.,0.));
#6723=DIRECTION('ref_axis',(0.,-0.707106781186547,0.707106781186548));
#6724=DIRECTION('',(0.,1.,0.));
#6725=DIRECTION('',(0.,0.,1.));
#6726=DIRECTION('',(0.,-1.,0.));
#6727=DIRECTION('center_axis',(1.,0.,0.));
#6728=DIRECTION('ref_axis',(0.,-0.707106781186547,-0.707106781186548));
#6729=DIRECTION('center_axis',(1.,0.,0.));
#6730=DIRECTION('ref_axis',(0.,0.,-1.));
#6731=DIRECTION('center_axis',(1.,0.,0.));
#6732=DIRECTION('ref_axis',(0.,-0.707106781186547,0.707106781186548));
#6733=DIRECTION('',(0.,1.,0.));
#6734=DIRECTION('',(0.,0.,1.));
#6735=DIRECTION('',(0.,-1.,0.));
#6736=DIRECTION('center_axis',(1.,0.,0.));
#6737=DIRECTION('ref_axis',(0.,-0.707106781186547,-0.707106781186548));
#6738=DIRECTION('center_axis',(1.,0.,0.));
#6739=DIRECTION('ref_axis',(0.,0.,-1.));
#6740=DIRECTION('center_axis',(1.,0.,0.));
#6741=DIRECTION('ref_axis',(0.,-0.707106781186547,0.707106781186548));
#6742=DIRECTION('',(0.,1.,0.));
#6743=DIRECTION('',(0.,0.,1.));
#6744=DIRECTION('',(0.,-1.,0.));
#6745=DIRECTION('center_axis',(1.,0.,0.));
#6746=DIRECTION('ref_axis',(0.,-0.707106781186547,-0.707106781186548));
#6747=DIRECTION('center_axis',(0.707702586967084,0.706510472958538,0.));
#6748=DIRECTION('ref_axis',(0.706510472958538,-0.707702586967084,0.));
#6749=DIRECTION('',(-0.707702586967084,-0.706510472958538,0.));
#6750=DIRECTION('center_axis',(-0.707702586967084,-0.706510472958538,0.));
#6751=DIRECTION('ref_axis',(0.706510472958538,-0.707702586967084,0.));
#6752=DIRECTION('',(0.707702586967084,0.706510472958538,0.));
#6753=DIRECTION('center_axis',(0.707702586967084,0.706510472958538,0.));
#6754=DIRECTION('ref_axis',(0.706510472958538,-0.707702586967084,0.));
#6755=DIRECTION('center_axis',(-0.707702586967084,-0.706510472958538,0.));
#6756=DIRECTION('ref_axis',(0.706510472958538,-0.707702586967084,0.));
#6757=DIRECTION('',(0.,0.,-1.));
#6758=DIRECTION('center_axis',(-0.707702586967084,-0.706510472958538,0.));
#6759=DIRECTION('ref_axis',(0.499578346408298,-0.500421298307687,-0.707106781186547));
#6760=DIRECTION('',(-0.706510472958538,0.707702586967084,0.));
#6761=DIRECTION('',(0.,0.,-1.));
#6762=DIRECTION('',(0.706510472958538,-0.707702586967084,0.));
#6763=DIRECTION('center_axis',(-0.707702586967084,-0.706510472958538,0.));
#6764=DIRECTION('ref_axis',(0.499578346408298,-0.500421298307687,0.707106781186547));
#6765=DIRECTION('',(0.,0.,-1.));
#6766=DIRECTION('center_axis',(0.706510472958538,-0.707702586967084,0.));
#6767=DIRECTION('ref_axis',(0.,0.,-1.));
#6768=DIRECTION('',(0.,0.,1.));
#6769=DIRECTION('',(0.707702586967084,0.706510472958538,0.));
#6770=DIRECTION('center_axis',(0.,-1.,0.));
#6771=DIRECTION('ref_axis',(0.995351721782197,0.,0.0963065415494521));
#6772=DIRECTION('center_axis',(0.,-1.,0.));
#6773=DIRECTION('ref_axis',(-1.,0.,0.));
#6774=DIRECTION('center_axis',(0.,1.,0.));
#6775=DIRECTION('ref_axis',(-1.,0.,0.));
#6776=DIRECTION('center_axis',(0.,-1.,0.));
#6777=DIRECTION('ref_axis',(-1.,0.,0.));
#6778=DIRECTION('center_axis',(0.,-1.,0.));
#6779=DIRECTION('ref_axis',(0.999912596066485,0.,0.0132212037115518));
#6780=DIRECTION('center_axis',(0.,-1.,0.));
#6781=DIRECTION('ref_axis',(-1.,0.,0.));
#6782=DIRECTION('center_axis',(0.,1.,0.));
#6783=DIRECTION('ref_axis',(-1.,0.,0.));
#6784=DIRECTION('center_axis',(0.,-1.,0.));
#6785=DIRECTION('ref_axis',(0.999999997906378,0.,6.47089116920956E-5));
#6786=DIRECTION('',(0.,1.,0.));
#6787=DIRECTION('center_axis',(0.,1.,0.));
#6788=DIRECTION('ref_axis',(-1.,0.,0.));
#6789=DIRECTION('',(0.,-1.,0.));
#6790=DIRECTION('center_axis',(0.,-1.,0.));
#6791=DIRECTION('ref_axis',(-1.,0.,0.));
#6792=DIRECTION('center_axis',(0.,-1.,0.));
#6793=DIRECTION('ref_axis',(0.,0.,1.));
#6794=DIRECTION('',(0.,0.,1.));
#6795=DIRECTION('center_axis',(0.,-1.,0.));
#6796=DIRECTION('ref_axis',(0.,0.,-1.));
#6797=DIRECTION('',(-1.,0.,0.));
#6798=DIRECTION('',(0.,0.,-1.));
#6799=DIRECTION('',(1.,0.,0.));
#6800=DIRECTION('center_axis',(0.,-1.,0.));
#6801=DIRECTION('ref_axis',(-8.94957528246644E-15,0.,1.));
#6802=DIRECTION('center_axis',(-1.,0.,0.));
#6803=DIRECTION('ref_axis',(0.,0.,1.));
#6804=DIRECTION('',(0.,-0.995037190209989,-0.0995037190209988));
#6805=DIRECTION('',(0.,0.,-1.));
#6806=DIRECTION('center_axis',(-1.,0.,0.));
#6807=DIRECTION('ref_axis',(0.,0.,1.));
#6808=DIRECTION('',(0.,0.,-1.));
#6809=DIRECTION('',(0.,0.99666960405492,-0.0815456948772209));
#6810=DIRECTION('center_axis',(0.,1.,0.));
#6811=DIRECTION('ref_axis',(0.,0.,-1.));
#6812=DIRECTION('center_axis',(0.,1.,0.));
#6813=DIRECTION('ref_axis',(-8.94957528246644E-15,0.,1.));
#6814=DIRECTION('',(1.,0.,0.));
#6815=DIRECTION('center_axis',(0.,1.,0.));
#6816=DIRECTION('ref_axis',(1.,0.,0.));
#6817=DIRECTION('',(1.,0.,0.));
#6818=DIRECTION('center_axis',(0.,1.,0.));
#6819=DIRECTION('ref_axis',(0.,0.,-1.));
#6820=DIRECTION('center_axis',(0.,1.,0.));
#6821=DIRECTION('ref_axis',(0.,0.,-1.));
#6822=DIRECTION('center_axis',(0.,1.,0.));
#6823=DIRECTION('ref_axis',(2.09755670682807E-16,0.,1.));
#6824=DIRECTION('',(-1.,0.,0.));
#6825=DIRECTION('',(0.,0.,1.));
#6826=DIRECTION('',(1.,0.,0.));
#6827=DIRECTION('center_axis',(0.,1.,0.));
#6828=DIRECTION('ref_axis',(0.,0.,-1.));
#6829=DIRECTION('center_axis',(0.,-0.995037190209989,-0.0995037190209988));
#6830=DIRECTION('ref_axis',(0.707106781186548,-0.0703597544730296,0.703597544730292));
#6831=DIRECTION('',(0.,0.995037190209989,0.0995037190209988));
#6832=DIRECTION('center_axis',(0.,-1.,0.));
#6833=DIRECTION('ref_axis',(0.,0.,1.));
#6834=DIRECTION('',(-1.,0.,0.));
#6835=DIRECTION('',(0.,0.,-1.));
#6836=DIRECTION('',(1.,0.,0.));
#6837=DIRECTION('center_axis',(0.,1.,0.));
#6838=DIRECTION('ref_axis',(0.,0.,-1.));
#6839=DIRECTION('',(-1.,0.,0.));
#6840=DIRECTION('',(0.,0.,1.));
#6841=DIRECTION('',(1.,0.,0.));
#6842=DIRECTION('center_axis',(-0.706510472958538,0.707702586967084,0.));
#6843=DIRECTION('ref_axis',(-0.500421298307688,-0.499578346408296,0.707106781186548));
#6844=DIRECTION('',(-0.706510472958538,0.707702586967084,0.));
#6845=DIRECTION('',(0.706510472958538,-0.707702586967084,0.));
#6846=DIRECTION('center_axis',(0.92404074232879,0.382294005336807,1.57829431973099E-16));
#6847=DIRECTION('ref_axis',(0.382294005336807,-0.92404074232879,-6.5297170292476E-17));
#6848=DIRECTION('center_axis',(0.,-1.,0.));
#6849=DIRECTION('ref_axis',(0.707106781186548,0.,0.707106781186547));
#6850=DIRECTION('',(0.,1.,0.));
#6851=DIRECTION('',(0.,-1.,0.));
#6852=DIRECTION('center_axis',(0.707702586967084,0.706510472958538,0.));
#6853=DIRECTION('ref_axis',(-0.706510472958538,0.707702586967084,0.));
#6854=DIRECTION('',(0.,0.,1.));
#6855=DIRECTION('center_axis',(0.707702586967084,0.706510472958538,0.));
#6856=DIRECTION('ref_axis',(0.499578346408298,-0.500421298307687,0.707106781186547));
#6857=DIRECTION('',(0.,0.,1.));
#6858=DIRECTION('',(0.706510472958538,-0.707702586967084,0.));
#6859=DIRECTION('center_axis',(0.707702586967084,0.706510472958538,0.));
#6860=DIRECTION('ref_axis',(0.499578346408298,-0.500421298307687,-0.707106781186547));
#6861=DIRECTION('center_axis',(1.,0.,0.));
#6862=DIRECTION('ref_axis',(0.,1.,0.));
#6863=DIRECTION('center_axis',(-1.,0.,0.));
#6864=DIRECTION('ref_axis',(0.,-0.707106781186547,-0.707106781186548));
#6865=DIRECTION('',(0.,1.,0.));
#6866=DIRECTION('center_axis',(-1.,0.,0.));
#6867=DIRECTION('ref_axis',(0.,-0.707106781186547,0.707106781186548));
#6868=DIRECTION('center_axis',(0.706510472958538,-0.707702586967084,0.));
#6869=DIRECTION('ref_axis',(0.500421298307688,0.499578346408296,0.707106781186548));
#6870=DIRECTION('center_axis',(0.383072791412717,0.923718158573961,0.));
#6871=DIRECTION('ref_axis',(0.923718158573961,-0.383072791412717,0.));
#6872=DIRECTION('',(-0.706510472958538,0.707702586967084,0.));
#6873=DIRECTION('center_axis',(0.,0.,1.));
#6874=DIRECTION('ref_axis',(1.,0.,0.));
#6875=DIRECTION('',(1.,0.,0.));
#6876=DIRECTION('center_axis',(0.,0.,1.));
#6877=DIRECTION('ref_axis',(1.,0.,0.));
#6878=DIRECTION('center_axis',(0.,0.,1.));
#6879=DIRECTION('ref_axis',(1.,0.,0.));
#6880=DIRECTION('',(0.707702586967084,0.706510472958538,0.));
#6881=DIRECTION('center_axis',(0.,0.,1.));
#6882=DIRECTION('ref_axis',(1.,0.,0.));
#6883=DIRECTION('center_axis',(1.,0.,0.));
#6884=DIRECTION('ref_axis',(0.,-0.0498137018801596,0.998758526924799));
#6885=DIRECTION('',(-1.,0.,0.));
#6886=DIRECTION('center_axis',(-1.,0.,0.));
#6887=DIRECTION('ref_axis',(0.,-0.0498137018801596,0.998758526924799));
#6888=DIRECTION('center_axis',(0.,0.0995037190209988,-0.995037190209989));
#6889=DIRECTION('ref_axis',(0.,-0.995037190209989,-0.0995037190209988));
#6890=DIRECTION('',(0.,0.995037190209989,0.0995037190209988));
#6891=DIRECTION('',(0.,0.995037190209989,0.0995037190209988));
#6892=DIRECTION('',(0.,0.995037190209989,0.0995037190209988));
#6893=DIRECTION('',(-1.,0.,0.));
#6894=DIRECTION('',(0.,-0.995037190209989,-0.0995037190209988));
#6895=DIRECTION('',(-1.,5.5511151231258E-15,5.5511151231258E-16));
#6896=DIRECTION('',(-0.710240196944329,-0.700465801629145,-0.0700465801629144));
#6897=DIRECTION('',(0.,-0.995037190209989,-0.0995037190209988));
#6898=DIRECTION('center_axis',(0.,-0.995037190209989,-0.0995037190209988));
#6899=DIRECTION('ref_axis',(0.707106781186547,-0.070359754473028,0.703597544730292));
#6900=DIRECTION('center_axis',(-0.707702586967084,-0.706510472958538,0.));
#6901=DIRECTION('ref_axis',(0.499578346408298,-0.500421298307687,0.707106781186547));
#6902=DIRECTION('',(-0.707702586967084,-0.706510472958538,0.));
#6903=DIRECTION('center_axis',(0.706510472958538,-0.707702586967084,0.));
#6904=DIRECTION('ref_axis',(0.,0.,-1.));
#6905=DIRECTION('center_axis',(0.707702586967084,0.706510472958538,0.));
#6906=DIRECTION('ref_axis',(0.499578346408298,-0.500421298307687,-0.707106781186547));
#6907=DIRECTION('',(-0.707702586967084,-0.706510472958538,0.));
#6908=DIRECTION('center_axis',(0.,0.,1.));
#6909=DIRECTION('ref_axis',(1.,0.,0.));
#6910=DIRECTION('',(-1.,0.,0.));
#6911=DIRECTION('',(-1.,-3.94745964311167E-16,0.));
#6912=DIRECTION('',(0.,1.,0.));
#6913=DIRECTION('',(-1.,0.,0.));
#6914=DIRECTION('',(-1.,-3.94745964311167E-16,0.));
#6915=DIRECTION('',(0.,1.,0.));
#6916=DIRECTION('',(-1.,0.,0.));
#6917=DIRECTION('',(-1.,-3.94745964311167E-16,0.));
#6918=DIRECTION('',(0.,-1.,0.));
#6919=DIRECTION('',(1.,0.,0.));
#6920=DIRECTION('center_axis',(1.,0.,0.));
#6921=DIRECTION('ref_axis',(0.,0.671005320760946,0.741452533551878));
#6922=DIRECTION('center_axis',(-1.,0.,0.));
#6923=DIRECTION('ref_axis',(0.,0.671005320760946,0.741452533551878));
#6924=DIRECTION('',(1.,0.,0.));
#6925=DIRECTION('center_axis',(0.,-1.,0.));
#6926=DIRECTION('ref_axis',(0.,0.,1.));
#6927=DIRECTION('center_axis',(0.,-1.,0.));
#6928=DIRECTION('ref_axis',(2.09755670682807E-16,0.,1.));
#6929=DIRECTION('',(-1.,0.,0.));
#6930=DIRECTION('',(0.,0.,-1.));
#6931=DIRECTION('center_axis',(-1.,0.,0.));
#6932=DIRECTION('ref_axis',(0.,0.35444380210224,0.935077318274434));
#6933=DIRECTION('center_axis',(-1.,0.,0.));
#6934=DIRECTION('ref_axis',(0.,0.35444380210224,0.935077318274434));
#6935=DIRECTION('',(1.,0.,0.));
#6936=DIRECTION('center_axis',(-1.,0.,0.));
#6937=DIRECTION('ref_axis',(0.,0.199795659912443,0.97983758566415));
#6938=DIRECTION('center_axis',(-1.,0.,0.));
#6939=DIRECTION('ref_axis',(0.,0.199795659912443,0.97983758566415));
#6940=DIRECTION('',(1.,0.,0.));
#6941=DIRECTION('center_axis',(-1.,0.,0.));
#6942=DIRECTION('ref_axis',(0.,-0.0534513121665177,0.998570456816983));
#6943=DIRECTION('',(1.,0.,0.));
#6944=DIRECTION('center_axis',(-1.,0.,0.));
#6945=DIRECTION('ref_axis',(0.,-0.0534513121665177,0.998570456816983));
#6946=DIRECTION('',(1.,0.,0.));
#6947=DIRECTION('center_axis',(0.,-1.,0.));
#6948=DIRECTION('ref_axis',(0.,0.,1.));
#6949=DIRECTION('center_axis',(0.,-1.,0.));
#6950=DIRECTION('ref_axis',(0.,0.,-1.));
#6951=DIRECTION('',(-1.,0.,0.));
#6952=DIRECTION('',(0.,0.,-1.));
#6953=DIRECTION('center_axis',(-1.,0.,0.));
#6954=DIRECTION('ref_axis',(0.,-0.741452533551878,0.671005320760947));
#6955=DIRECTION('center_axis',(-1.,0.,0.));
#6956=DIRECTION('ref_axis',(0.,-0.741452533551878,0.671005320760947));
#6957=DIRECTION('center_axis',(1.,0.,0.));
#6958=DIRECTION('ref_axis',(0.,1.,0.));
#6959=DIRECTION('',(0.,0.99666960405492,-0.0815456948772209));
#6960=DIRECTION('center_axis',(-1.,0.,0.));
#6961=DIRECTION('ref_axis',(0.,-0.741452533551878,0.671005320760947));
#6962=DIRECTION('',(-1.,0.,0.));
#6963=DIRECTION('center_axis',(-1.,0.,0.));
#6964=DIRECTION('ref_axis',(0.,-0.741452533551878,0.671005320760947));
#6965=DIRECTION('center_axis',(1.,0.,0.));
#6966=DIRECTION('ref_axis',(0.,1.,0.));
#6967=DIRECTION('',(0.,0.99666960405492,-0.0815456948772209));
#6968=DIRECTION('center_axis',(-1.,0.,0.));
#6969=DIRECTION('ref_axis',(0.,-0.741452533551878,0.671005320760947));
#6970=DIRECTION('center_axis',(-1.,0.,0.));
#6971=DIRECTION('ref_axis',(0.,-0.741452533551878,0.671005320760947));
#6972=DIRECTION('',(-1.,0.,0.));
#6973=DIRECTION('center_axis',(0.,0.99666960405492,-0.0815456948772209));
#6974=DIRECTION('ref_axis',(0.707106781186548,-0.0576615138242518,-0.704751835629745));
#6975=DIRECTION('',(0.,-0.99666960405492,0.0815456948772209));
#6976=DIRECTION('center_axis',(0.,0.99666960405492,-0.0815456948772209));
#6977=DIRECTION('ref_axis',(0.707106781186548,-0.0576615138242518,-0.704751835629745));
#6978=DIRECTION('',(0.,-0.99666960405492,0.0815456948772209));
#6979=DIRECTION('center_axis',(0.,0.0815456948772209,0.99666960405492));
#6980=DIRECTION('ref_axis',(0.,0.99666960405492,-0.0815456948772209));
#6981=DIRECTION('',(-1.,0.,0.));
#6982=DIRECTION('',(0.,0.99666960405492,-0.0815456948772209));
#6983=DIRECTION('',(1.,0.,0.));
#6984=DIRECTION('',(0.,0.99666960405492,-0.0815456948772209));
#6985=DIRECTION('',(0.,-0.995037190209989,-0.0995037190209988));
#6986=DIRECTION('center_axis',(0.,-0.995037190209989,-0.0995037190209988));
#6987=DIRECTION('ref_axis',(0.707106781186548,-0.0703597544730296,0.703597544730292));
#6988=DIRECTION('center_axis',(0.,1.,0.));
#6989=DIRECTION('ref_axis',(2.09755670682807E-16,0.,1.));
#6990=DIRECTION('center_axis',(0.,-0.995037190209989,-0.0995037190209988));
#6991=DIRECTION('ref_axis',(0.707106781186548,-0.0703597544730296,0.703597544730292));
#6992=DIRECTION('center_axis',(0.,1.,0.));
#6993=DIRECTION('ref_axis',(2.09755670682807E-16,0.,1.));
#6994=DIRECTION('center_axis',(0.,-1.,8.88178419700125E-15));
#6995=DIRECTION('ref_axis',(0.,8.88178419700125E-15,1.));
#6996=DIRECTION('',(-5.55111512312578E-16,2.21350936963398E-16,-1.));
#6997=DIRECTION('',(-1.,0.,0.));
#6998=DIRECTION('',(5.55111512312578E-16,-2.21350936963398E-16,1.));
#6999=DIRECTION('',(-1.,0.,0.));
#7000=DIRECTION('center_axis',(0.,-1.,8.88178419700125E-15));
#7001=DIRECTION('ref_axis',(0.,8.88178419700125E-15,1.));
#7002=DIRECTION('',(-1.,0.,0.));
#7003=DIRECTION('',(-1.,0.,0.));
#7004=DIRECTION('center_axis',(-5.55111512312578E-16,2.21350936963398E-16,
-1.));
#7005=DIRECTION('ref_axis',(-1.,-8.88178419700126E-16,5.55111512312578E-16));
#7006=DIRECTION('center_axis',(5.55111512312578E-16,-2.21350936963398E-16,
1.));
#7007=DIRECTION('ref_axis',(-1.,-8.88178419700126E-16,5.55111512312578E-16));
#7008=DIRECTION('center_axis',(5.55111512312578E-16,-2.21350936963398E-16,
1.));
#7009=DIRECTION('ref_axis',(-1.,-8.88178419700126E-16,5.55111512312578E-16));
#7010=DIRECTION('center_axis',(-5.55111512312578E-16,2.21350936963398E-16,
-1.));
#7011=DIRECTION('ref_axis',(1.,1.22874453369558E-31,-5.55111512312578E-16));
#7012=DIRECTION('center_axis',(5.55111512312578E-16,-2.21350936963398E-16,
1.));
#7013=DIRECTION('ref_axis',(-1.77635683940025E-15,1.,2.21350936963399E-16));
#7014=DIRECTION('',(0.,1.,2.21350936963398E-16));
#7015=DIRECTION('center_axis',(0.,1.,0.));
#7016=DIRECTION('ref_axis',(0.,0.,-1.));
#7017=DIRECTION('',(0.,0.,1.));
#7018=DIRECTION('center_axis',(1.,0.,0.));
#7019=DIRECTION('ref_axis',(0.,1.,0.));
#7020=DIRECTION('center_axis',(0.,1.,0.));
#7021=DIRECTION('ref_axis',(0.,0.,-1.));
#7022=DIRECTION('center_axis',(1.,0.,0.));
#7023=DIRECTION('ref_axis',(0.,1.,0.));
#7024=DIRECTION('',(0.,-1.,-2.21350936963398E-16));
#7025=DIRECTION('center_axis',(0.,1.,0.));
#7026=DIRECTION('ref_axis',(-0.707106781186547,0.,0.707106781186547));
#7027=DIRECTION('center_axis',(-3.94745964311167E-16,1.,0.));
#7028=DIRECTION('ref_axis',(-0.707106781186547,0.,0.707106781186547));
#7029=DIRECTION('center_axis',(3.94745964311167E-16,-1.,0.));
#7030=DIRECTION('ref_axis',(1.,3.94745964311167E-16,0.));
#7031=DIRECTION('center_axis',(-3.94745964311167E-16,1.,0.));
#7032=DIRECTION('ref_axis',(0.707106781186547,0.,0.707106781186547));
#7033=DIRECTION('',(0.,0.,-1.));
#7034=DIRECTION('center_axis',(0.,-1.,0.));
#7035=DIRECTION('ref_axis',(0.707106781186547,0.,0.707106781186547));
#7036=DIRECTION('',(0.,-1.,0.));
#7037=DIRECTION('center_axis',(-1.,0.,0.));
#7038=DIRECTION('ref_axis',(0.,0.,1.));
#7039=DIRECTION('center_axis',(-1.,0.,0.));
#7040=DIRECTION('ref_axis',(0.,-0.707106781186547,-0.707106781186548));
#7041=DIRECTION('center_axis',(-1.,0.,0.));
#7042=DIRECTION('ref_axis',(0.,-0.707106781186547,0.707106781186548));
#7043=DIRECTION('center_axis',(0.,-1.,0.));
#7044=DIRECTION('ref_axis',(0.707106781186547,0.,0.707106781186547));
#7045=DIRECTION('center_axis',(-3.94745964311167E-16,1.,0.));
#7046=DIRECTION('ref_axis',(0.707106781186547,0.,0.707106781186547));
#7047=DIRECTION('',(0.,-1.,0.));
#7048=DIRECTION('center_axis',(0.,1.,0.));
#7049=DIRECTION('ref_axis',(-0.707106781186547,0.,0.707106781186547));
#7050=DIRECTION('center_axis',(-3.94745964311167E-16,1.,0.));
#7051=DIRECTION('ref_axis',(-0.707106781186547,0.,0.707106781186547));
#7052=DIRECTION('center_axis',(3.94745964311167E-16,-1.,0.));
#7053=DIRECTION('ref_axis',(1.,3.94745964311167E-16,0.));
#7054=DIRECTION('',(0.,0.,-1.));
#7055=DIRECTION('center_axis',(0.,1.,0.));
#7056=DIRECTION('ref_axis',(-0.707106781186547,0.,0.707106781186547));
#7057=DIRECTION('center_axis',(-3.94745964311167E-16,1.,0.));
#7058=DIRECTION('ref_axis',(-0.707106781186547,0.,0.707106781186547));
#7059=DIRECTION('center_axis',(1.,0.,0.));
#7060=DIRECTION('ref_axis',(0.,-0.707106781186547,-0.707106781186548));
#7061=DIRECTION('center_axis',(1.,0.,0.));
#7062=DIRECTION('ref_axis',(0.,-0.707106781186547,-0.707106781186548));
#7063=DIRECTION('center_axis',(1.,0.,0.));
#7064=DIRECTION('ref_axis',(0.,-0.707106781186547,-0.707106781186548));
#7065=DIRECTION('center_axis',(-1.,0.,0.));
#7066=DIRECTION('ref_axis',(0.,-0.707106781186547,-0.707106781186548));
#7067=DIRECTION('center_axis',(-1.,0.,0.));
#7068=DIRECTION('ref_axis',(0.,-0.707106781186547,0.707106781186548));
#7069=DIRECTION('center_axis',(-1.,0.,0.));
#7070=DIRECTION('ref_axis',(0.,-0.707106781186547,0.707106781186548));
#7071=DIRECTION('center_axis',(-1.,0.,0.));
#7072=DIRECTION('ref_axis',(0.,-0.707106781186547,0.707106781186548));
#7073=DIRECTION('center_axis',(-1.,0.,0.));
#7074=DIRECTION('ref_axis',(0.,-0.707106781186547,0.707106781186548));
#7075=DIRECTION('center_axis',(-1.,0.,0.));
#7076=DIRECTION('ref_axis',(0.,0.,1.));
#7077=DIRECTION('center_axis',(3.94745964311167E-16,-1.,0.));
#7078=DIRECTION('ref_axis',(1.,3.94745964311167E-16,0.));
#7079=DIRECTION('',(0.,0.,-1.));
#7080=DIRECTION('center_axis',(1.,0.,0.));
#7081=DIRECTION('ref_axis',(0.,1.,0.));
#7082=DIRECTION('center_axis',(-5.55111512312578E-16,2.21350936963398E-16,
-1.));
#7083=DIRECTION('ref_axis',(-1.77635683940025E-15,1.,2.21350936963399E-16));
#7084=DIRECTION('center_axis',(5.55111512312578E-16,-2.21350936963398E-16,
1.));
#7085=DIRECTION('ref_axis',(-1.77635683940025E-15,1.,2.21350936963399E-16));
#7086=DIRECTION('center_axis',(-5.55111512312578E-16,2.21350936963398E-16,
-1.));
#7087=DIRECTION('ref_axis',(1.,1.22874453369558E-31,-5.55111512312578E-16));
#7088=DIRECTION('',(1.,-4.7766306688735E-17,2.8737913626382E-31));
#7089=DIRECTION('',(-0.711989040207748,-0.702190577139888,4.22462893909787E-15));
#7090=DIRECTION('center_axis',(-0.702190577139888,0.711989040207748,0.));
#7091=DIRECTION('ref_axis',(0.711989040207748,0.702190577139888,0.));
#7092=DIRECTION('',(0.,0.,1.));
#7093=DIRECTION('',(0.,0.,-1.));
#7094=DIRECTION('center_axis',(1.,0.,0.));
#7095=DIRECTION('ref_axis',(0.,1.,0.));
#7096=DIRECTION('',(0.,0.,1.));
#7097=DIRECTION('center_axis',(-1.,0.,0.));
#7098=DIRECTION('ref_axis',(0.,-1.,0.));
#7099=DIRECTION('',(0.,0.,1.));
#7100=DIRECTION('',(-5.55111512312578E-16,2.21350936963398E-16,-1.));
#7101=DIRECTION('center_axis',(1.,1.22874453369558E-31,-5.55111512312578E-16));
#7102=DIRECTION('ref_axis',(5.30055835823646E-16,-0.297044278168091,0.954863705880372));
#7103=DIRECTION('',(1.,1.22874453369558E-31,-5.55111512312578E-16));
#7104=DIRECTION('center_axis',(1.,1.22874453369558E-31,-5.55111512312578E-16));
#7105=DIRECTION('ref_axis',(5.30055835823646E-16,-0.297044278168091,0.954863705880372));
#7106=DIRECTION('',(-1.,-1.22874453369558E-31,5.55111512312578E-16));
#7107=DIRECTION('center_axis',(-5.55111512312578E-16,2.21350936963398E-16,
-1.));
#7108=DIRECTION('ref_axis',(1.,1.22874453369558E-31,-5.55111512312578E-16));
#7109=DIRECTION('',(1.8610995229314E-46,-1.,-2.21350936963398E-16));
#7110=DIRECTION('',(-1.8610995229314E-46,1.,2.21350936963398E-16));
#7111=DIRECTION('center_axis',(5.55111512312578E-16,-2.21350936963398E-16,
1.));
#7112=DIRECTION('ref_axis',(-1.77635683940025E-15,1.,2.21350936963399E-16));
#7113=DIRECTION('',(-1.,-1.22874453369558E-31,5.55111512312578E-16));
#7114=DIRECTION('center_axis',(5.55111512312578E-16,-2.21350936963398E-16,
1.));
#7115=DIRECTION('ref_axis',(-1.,-8.88178419700126E-16,5.55111512312578E-16));
#7116=DIRECTION('',(-6.10622663543836E-16,-1.,-2.21350936963398E-16));
#7117=DIRECTION('',(1.,1.22874453369558E-31,-5.55111512312578E-16));
#7118=DIRECTION('',(-1.8610995229314E-46,1.,2.21350936963398E-16));
#7119=DIRECTION('center_axis',(1.,1.22874453369558E-31,-5.55111512312578E-16));
#7120=DIRECTION('ref_axis',(5.30055837187515E-16,-0.297044270270175,0.9548637083373));
#7121=DIRECTION('',(-1.,-1.22874453369558E-31,5.55111512312578E-16));
#7122=DIRECTION('center_axis',(-1.,-1.22874453369558E-31,5.55111512312578E-16));
#7123=DIRECTION('ref_axis',(5.30055837187515E-16,-0.297044270270175,0.9548637083373));
#7124=DIRECTION('center_axis',(1.,1.22874453369558E-31,-5.55111512312578E-16));
#7125=DIRECTION('ref_axis',(-8.57746370906395E-24,-1.,-1.54517850231888E-8));
#7126=DIRECTION('center_axis',(1.,1.22874453369558E-31,-5.55111512312578E-16));
#7127=DIRECTION('ref_axis',(5.55111512312578E-16,-2.21350936963398E-16,
1.));
#7128=DIRECTION('',(1.,1.22874453369558E-31,-5.55111512312578E-16));
#7129=DIRECTION('center_axis',(-1.,-1.22874453369558E-31,5.55111512312578E-16));
#7130=DIRECTION('ref_axis',(-5.55111512312578E-16,2.21350936963398E-16,
-1.));
#7131=DIRECTION('center_axis',(-1.,-1.22874453369558E-31,5.55111512312578E-16));
#7132=DIRECTION('ref_axis',(-5.30055839735401E-16,-0.297044255515828,-0.954863712927163));
#7133=DIRECTION('center_axis',(-1.,-1.22874453369558E-31,5.55111512312578E-16));
#7134=DIRECTION('ref_axis',(-5.30055839735401E-16,-0.297044255515828,-0.954863712927163));
#7135=DIRECTION('center_axis',(-1.,-1.22874453369558E-31,5.55111512312578E-16));
#7136=DIRECTION('ref_axis',(-5.30055838371533E-16,-0.297044263413743,-0.954863710470236));
#7137=DIRECTION('',(1.,1.22874453369558E-31,-5.55111512312578E-16));
#7138=DIRECTION('center_axis',(1.,1.22874453369558E-31,-5.55111512312578E-16));
#7139=DIRECTION('ref_axis',(-5.30055838371533E-16,-0.297044263413743,-0.954863710470236));
#7140=DIRECTION('center_axis',(-1.,-1.22874453369558E-31,5.55111512312578E-16));
#7141=DIRECTION('ref_axis',(-8.57746327784175E-24,-1.,-1.5451784257475E-8));
#7142=DIRECTION('center_axis',(1.,1.22874453369558E-31,-5.55111512312578E-16));
#7143=DIRECTION('ref_axis',(5.55111512312578E-16,-2.21350936963398E-16,
1.));
#7144=DIRECTION('center_axis',(-1.,-1.22874453369558E-31,5.55111512312578E-16));
#7145=DIRECTION('ref_axis',(5.55111512312578E-16,-2.21350936963398E-16,
1.));
#7146=DIRECTION('center_axis',(1.,1.22874453369558E-31,-5.55111512312578E-16));
#7147=DIRECTION('ref_axis',(0.,1.,1.54517851844076E-8));
#7148=DIRECTION('center_axis',(1.,1.22874453369558E-31,-5.55111512312578E-16));
#7149=DIRECTION('ref_axis',(5.55111512312578E-16,-2.21350936963398E-16,
1.));
#7150=DIRECTION('center_axis',(1.,1.22874453369558E-31,-5.55111512312578E-16));
#7151=DIRECTION('ref_axis',(1.34809222088701E-19,-0.999999970511767,0.000242850704945691));
#7152=DIRECTION('center_axis',(1.,-6.10622663543836E-16,-5.55111512312578E-16));
#7153=DIRECTION('ref_axis',(-6.10622663543836E-16,-1.,-2.21350936963398E-16));
#7154=DIRECTION('',(-5.55111512312578E-16,2.21350936963398E-16,-1.));
#7155=DIRECTION('center_axis',(-1.,-1.22874453369558E-31,5.55111512312578E-16));
#7156=DIRECTION('ref_axis',(0.,1.,1.54517838495606E-8));
#7157=DIRECTION('center_axis',(-1.,-1.22874453369558E-31,5.55111512312578E-16));
#7158=DIRECTION('ref_axis',(5.55111512312578E-16,-2.21350936963398E-16,
1.));
#7159=DIRECTION('center_axis',(-1.,-1.22874453369558E-31,5.55111512312578E-16));
#7160=DIRECTION('ref_axis',(1.34828553323436E-19,-0.99999997050331,0.000242885529002311));
#7161=DIRECTION('center_axis',(-1.,-1.22874453369558E-31,5.55111512312578E-16));
#7162=DIRECTION('ref_axis',(-1.8610995229314E-46,1.,2.21350936963398E-16));
#7163=DIRECTION('',(-5.55111512312578E-16,2.21350936963398E-16,-1.));
#7164=DIRECTION('center_axis',(-1.,-1.22874453369558E-31,5.55111512312578E-16));
#7165=DIRECTION('ref_axis',(5.55111512312578E-16,-2.21350936963398E-16,
1.));
#7166=DIRECTION('center_axis',(-1.,-1.22874453369558E-31,5.55111512312578E-16));
#7167=DIRECTION('ref_axis',(5.55111512312578E-16,-2.21350936963398E-16,
1.));
#7168=DIRECTION('',(-1.,-1.22874453369558E-31,5.55111512312578E-16));
#7169=DIRECTION('center_axis',(1.,1.22874453369558E-31,-5.55111512312578E-16));
#7170=DIRECTION('ref_axis',(5.28677638651794E-16,0.304910633645936,0.952380966572534));
#7171=DIRECTION('center_axis',(1.,1.22874453369558E-31,-5.55111512312578E-16));
#7172=DIRECTION('ref_axis',(-5.55111512312578E-16,2.21350936963398E-16,
-1.));
#7173=DIRECTION('center_axis',(1.,1.22874453369558E-31,-5.55111512312578E-16));
#7174=DIRECTION('ref_axis',(-5.55111512312578E-16,2.21350936963398E-16,
-1.));
#7175=DIRECTION('',(1.,1.22874453369558E-31,-5.55111512312578E-16));
#7176=DIRECTION('center_axis',(1.,1.22874453369558E-31,-5.55111512312578E-16));
#7177=DIRECTION('ref_axis',(-5.55111512312578E-16,2.21350936963398E-16,
-1.));
#7178=DIRECTION('center_axis',(-1.,-1.22874453369558E-31,5.55111512312578E-16));
#7179=DIRECTION('ref_axis',(-5.55111512312578E-16,2.21350936963398E-16,
-1.));
#7180=DIRECTION('center_axis',(-1.,-1.22874453369558E-31,5.55111512312578E-16));
#7181=DIRECTION('ref_axis',(-5.55111512312578E-16,2.21350936963398E-16,
-1.));
#7182=DIRECTION('center_axis',(-1.,-1.22874453369558E-31,5.55111512312578E-16));
#7183=DIRECTION('ref_axis',(-5.55111512312578E-16,2.21350936963398E-16,
-1.));
#7184=DIRECTION('center_axis',(-1.,-1.22874453369558E-31,5.55111512312578E-16));
#7185=DIRECTION('ref_axis',(-5.55111512312578E-16,2.21350936963398E-16,
-1.));
#7186=DIRECTION('center_axis',(-1.,-1.22874453369558E-31,5.55111512312578E-16));
#7187=DIRECTION('ref_axis',(-5.55111512312578E-16,2.21350936963398E-16,
-1.));
#7188=DIRECTION('center_axis',(-1.,-1.22874453369558E-31,5.55111512312578E-16));
#7189=DIRECTION('ref_axis',(-5.55111512312578E-16,2.21350936963398E-16,
-1.));
#7190=DIRECTION('center_axis',(1.,1.22874453369558E-31,-5.55111512312578E-16));
#7191=DIRECTION('ref_axis',(5.55111512312578E-16,-2.21350936963398E-16,
1.));
#7192=DIRECTION('center_axis',(1.,1.22874453369558E-31,-5.55111512312578E-16));
#7193=DIRECTION('ref_axis',(-5.55111512312578E-16,2.21350936963398E-16,
-1.));
#7194=DIRECTION('center_axis',(1.,1.22874453369558E-31,-5.55111512312578E-16));
#7195=DIRECTION('ref_axis',(-5.55111512312578E-16,2.21350936963398E-16,
-1.));
#7196=DIRECTION('center_axis',(1.,1.22874453369558E-31,-5.55111512312578E-16));
#7197=DIRECTION('ref_axis',(-5.55111512312578E-16,2.21350936963398E-16,
-1.));
#7198=DIRECTION('center_axis',(1.,1.22874453369558E-31,-5.55111512312578E-16));
#7199=DIRECTION('ref_axis',(-5.55111512312578E-16,2.21350936963398E-16,
-1.));
#7200=DIRECTION('center_axis',(1.,1.22874453369558E-31,-5.55111512312578E-16));
#7201=DIRECTION('ref_axis',(-5.55111512312578E-16,2.21350936963398E-16,
-1.));
#7202=DIRECTION('center_axis',(1.,1.22874453369558E-31,-5.55111512312578E-16));
#7203=DIRECTION('ref_axis',(1.8610995229314E-46,-1.,-2.21350936963398E-16));
#7204=DIRECTION('center_axis',(-1.,-1.22874453369558E-31,5.55111512312578E-16));
#7205=DIRECTION('ref_axis',(-5.55111512312578E-16,2.21350936963398E-16,
-1.));
#7206=DIRECTION('center_axis',(-1.,-1.22874453369558E-31,5.55111512312578E-16));
#7207=DIRECTION('ref_axis',(-5.55111512312578E-16,2.21350936963398E-16,
-1.));
#7208=DIRECTION('center_axis',(-1.,-1.22874453369558E-31,5.55111512312578E-16));
#7209=DIRECTION('ref_axis',(-5.55111512312578E-16,2.21350936963398E-16,
-1.));
#7210=DIRECTION('center_axis',(-1.,-1.22874453369558E-31,5.55111512312578E-16));
#7211=DIRECTION('ref_axis',(-5.55111512312578E-16,2.21350936963398E-16,
-1.));
#7212=DIRECTION('center_axis',(-1.,-1.22874453369558E-31,5.55111512312578E-16));
#7213=DIRECTION('ref_axis',(-5.55111512312578E-16,2.21350936963398E-16,
-1.));
#7214=DIRECTION('center_axis',(1.,1.22874453369558E-31,-5.55111512312578E-16));
#7215=DIRECTION('ref_axis',(-5.55111512312578E-16,2.21350936963398E-16,
-1.));
#7216=DIRECTION('center_axis',(1.,1.22874453369558E-31,-5.55111512312578E-16));
#7217=DIRECTION('ref_axis',(-5.55111512312578E-16,2.21350936963398E-16,
-1.));
#7218=DIRECTION('',(1.,1.22874453369558E-31,-5.55111512312578E-16));
#7219=DIRECTION('center_axis',(1.,1.22874453369558E-31,-5.55111512312578E-16));
#7220=DIRECTION('ref_axis',(-5.55111512312578E-16,2.21350936963398E-16,
-1.));
#7221=DIRECTION('',(1.,1.22874453369558E-31,-5.55111512312578E-16));
#7222=DIRECTION('center_axis',(1.,1.22874453369558E-31,-5.55111512312578E-16));
#7223=DIRECTION('ref_axis',(-5.55111512312578E-16,2.21350936963398E-16,
-1.));
#7224=DIRECTION('center_axis',(1.,1.22874453369558E-31,-5.55111512312578E-16));
#7225=DIRECTION('ref_axis',(-5.55111512312578E-16,2.21350936963398E-16,
-1.));
#7226=DIRECTION('',(1.,1.22874453369558E-31,-5.55111512312578E-16));
#7227=DIRECTION('center_axis',(1.,1.22874453369558E-31,-5.55111512312578E-16));
#7228=DIRECTION('ref_axis',(-5.55111512312578E-16,2.21350936963398E-16,
-1.));
#7229=DIRECTION('',(1.,1.22874453369558E-31,-5.55111512312578E-16));
#7230=DIRECTION('center_axis',(1.,1.22874453369558E-31,-5.55111512312578E-16));
#7231=DIRECTION('ref_axis',(-5.55111512312578E-16,2.21350936963398E-16,
-1.));
#7232=DIRECTION('center_axis',(1.,1.22874453369558E-31,-5.55111512312578E-16));
#7233=DIRECTION('ref_axis',(-5.55111512312578E-16,2.21350936963398E-16,
-1.));
#7234=DIRECTION('',(1.,1.22874453369558E-31,-5.55111512312578E-16));
#7235=DIRECTION('center_axis',(1.,1.22874453369558E-31,-5.55111512312578E-16));
#7236=DIRECTION('ref_axis',(-5.55111512312578E-16,2.21350936963398E-16,
-1.));
#7237=DIRECTION('',(1.,1.22874453369558E-31,-5.55111512312578E-16));
#7238=DIRECTION('center_axis',(1.,1.22874453369558E-31,-5.55111512312578E-16));
#7239=DIRECTION('ref_axis',(-5.55111512312578E-16,2.21350936963398E-16,
-1.));
#7240=DIRECTION('center_axis',(1.,1.22874453369558E-31,-5.55111512312578E-16));
#7241=DIRECTION('ref_axis',(-5.55111512312578E-16,2.21350936963398E-16,
-1.));
#7242=DIRECTION('',(1.,1.22874453369558E-31,-5.55111512312578E-16));
#7243=DIRECTION('center_axis',(1.,1.22874453369558E-31,-5.55111512312578E-16));
#7244=DIRECTION('ref_axis',(-5.55111512312578E-16,2.21350936963398E-16,
-1.));
#7245=DIRECTION('',(1.,1.22874453369558E-31,-5.55111512312578E-16));
#7246=DIRECTION('center_axis',(1.,1.22874453369558E-31,-5.55111512312578E-16));
#7247=DIRECTION('ref_axis',(-5.55111512312578E-16,2.21350936963398E-16,
-1.));
#7248=DIRECTION('center_axis',(1.,1.22874453369558E-31,-5.55111512312578E-16));
#7249=DIRECTION('ref_axis',(-5.55111512312578E-16,2.21350936963398E-16,
-1.));
#7250=DIRECTION('',(1.,1.22874453369558E-31,-5.55111512312578E-16));
#7251=DIRECTION('center_axis',(1.,1.22874453369558E-31,-5.55111512312578E-16));
#7252=DIRECTION('ref_axis',(-5.55111512312578E-16,2.21350936963398E-16,
-1.));
#7253=DIRECTION('',(1.,1.22874453369558E-31,-5.55111512312578E-16));
#7254=DIRECTION('center_axis',(-1.,-1.22874453369558E-31,5.55111512312578E-16));
#7255=DIRECTION('ref_axis',(-1.8610995229314E-46,1.,2.21350936963398E-16));
#7256=DIRECTION('center_axis',(-1.,-1.22874453369558E-31,5.55111512312578E-16));
#7257=DIRECTION('ref_axis',(-1.8610995229314E-46,1.,2.21350936963398E-16));
#7258=DIRECTION('center_axis',(-5.55111512312578E-16,2.21350936963398E-16,
-1.));
#7259=DIRECTION('ref_axis',(-1.,-8.88178419700126E-16,5.55111512312578E-16));
#7260=DIRECTION('',(-5.55111512312578E-16,2.21350936963398E-16,-1.));
#7261=DIRECTION('center_axis',(1.8610995229314E-46,-1.,-2.21350936963398E-16));
#7262=DIRECTION('ref_axis',(-1.,-1.22874453369558E-31,5.55111512312578E-16));
#7263=DIRECTION('',(-5.55111512312578E-16,2.21350936963398E-16,-1.));
#7264=DIRECTION('center_axis',(-5.55111512312578E-16,2.21350936963398E-16,
-1.));
#7265=DIRECTION('ref_axis',(-1.77635683940025E-15,1.,2.21350936963399E-16));
#7266=DIRECTION('center_axis',(1.,1.22874453369558E-31,-5.55111512312578E-16));
#7267=DIRECTION('ref_axis',(1.8610995229314E-46,-1.,-2.21350936963398E-16));
#7268=DIRECTION('center_axis',(-4.7766306688735E-17,-1.,0.));
#7269=DIRECTION('ref_axis',(1.,-4.7766306688735E-17,0.));
#7270=DIRECTION('center_axis',(0.,0.,1.));
#7271=DIRECTION('ref_axis',(1.,0.,0.));
#7272=DIRECTION('',(-3.69778549322367E-32,-1.,-2.21350936963398E-16));
#7273=DIRECTION('',(1.,7.3724672021735E-32,-3.33066907387547E-16));
#7274=DIRECTION('',(1.,6.12323399573676E-17,-2.22044604925032E-16));
#7275=DIRECTION('',(6.12323399573687E-17,-1.,2.77555756156305E-17));
#7276=CARTESIAN_POINT('',(0.,0.,0.));
#7277=CARTESIAN_POINT('',(0.,0.,0.));
#7278=CARTESIAN_POINT('Ctrl Pts',(34.1999999552965,-3.00000004470349,3.76427131976491));
#7279=CARTESIAN_POINT('Ctrl Pts',(34.1999999552965,-23.0000000447035,3.76427131976491));
#7280=CARTESIAN_POINT('Ctrl Pts',(34.2655667352341,-3.00000004470349,4.03042890182196));
#7281=CARTESIAN_POINT('Ctrl Pts',(34.2655667352341,-23.0000000447035,4.03042890182196));
#7282=CARTESIAN_POINT('Ctrl Pts',(34.3998613177662,-3.00000004470349,4.55593608817555));
#7283=CARTESIAN_POINT('Ctrl Pts',(34.3998613177662,-23.0000000447035,4.55593608817555));
#7284=CARTESIAN_POINT('Ctrl Pts',(34.6107843345198,-3.00000004470349,5.32377273309384));
#7285=CARTESIAN_POINT('Ctrl Pts',(34.6107843345198,-23.0000000447035,5.32377273309384));
#7286=CARTESIAN_POINT('Ctrl Pts',(34.9110712953148,-3.00000004470349,6.30654170535511));
#7287=CARTESIAN_POINT('Ctrl Pts',(34.9110712953148,-23.0000000447035,6.30654170535511));
#7288=CARTESIAN_POINT('Ctrl Pts',(35.3206900906856,-3.00000004470349,7.46644710698407));
#7289=CARTESIAN_POINT('Ctrl Pts',(35.3206900906856,-23.0000000447035,7.46644710698407));
#7290=CARTESIAN_POINT('Ctrl Pts',(35.77160458215,-3.00000004470349,8.55895943310716));
#7291=CARTESIAN_POINT('Ctrl Pts',(35.77160458215,-23.0000000447035,8.55895943310716));
#7292=CARTESIAN_POINT('Ctrl Pts',(36.2767894887267,-3.00000004470349,9.58771421932896));
#7293=CARTESIAN_POINT('Ctrl Pts',(36.2767894887267,-23.0000000447035,9.58771421932896));
#7294=CARTESIAN_POINT('Ctrl Pts',(36.8587036721011,-3.00000004470349,10.5602584339409));
#7295=CARTESIAN_POINT('Ctrl Pts',(36.8587036721011,-23.0000000447035,10.5602584339409));
#7296=CARTESIAN_POINT('Ctrl Pts',(37.5447265830207,-3.00000004470349,11.4893225691882));
#7297=CARTESIAN_POINT('Ctrl Pts',(37.5447265830207,-23.0000000447035,11.4893225691882));
#7298=CARTESIAN_POINT('Ctrl Pts',(38.3547734271439,-3.00000004470349,12.3925052553169));
#7299=CARTESIAN_POINT('Ctrl Pts',(38.3547734271439,-23.0000000447035,12.3925052553169));
#7300=CARTESIAN_POINT('Ctrl Pts',(39.2921847406532,-3.00000004470349,13.2922781573943));
#7301=CARTESIAN_POINT('Ctrl Pts',(39.2921847406532,-23.0000000447035,13.2922781573943));
#7302=CARTESIAN_POINT('Ctrl Pts',(40.3301017801502,-3.00000004470349,14.2163459295901));
#7303=CARTESIAN_POINT('Ctrl Pts',(40.3301017801502,-23.0000000447035,14.2163459295901));
#7304=CARTESIAN_POINT('Ctrl Pts',(41.4083681399474,-3.00000004470349,15.1967618368571));
#7305=CARTESIAN_POINT('Ctrl Pts',(41.4083681399474,-23.0000000447035,15.1967618368571));
#7306=CARTESIAN_POINT('Ctrl Pts',(42.4519390131933,-3.00000004470349,16.2662337119871));
#7307=CARTESIAN_POINT('Ctrl Pts',(42.4519390131933,-23.0000000447035,16.2662337119871));
#7308=CARTESIAN_POINT('Ctrl Pts',(43.385055891588,-3.00000004470349,17.4548560164174));
#7309=CARTESIAN_POINT('Ctrl Pts',(43.385055891588,-23.0000000447035,17.4548560164174));
#7310=CARTESIAN_POINT('Ctrl Pts',(44.1459721509104,-3.00000004470349,18.7868408250398));
#7311=CARTESIAN_POINT('Ctrl Pts',(44.1459721509104,-23.0000000447035,18.7868408250398));
#7312=CARTESIAN_POINT('Ctrl Pts',(44.7042550823652,-3.00000004470349,20.2763638618299));
#7313=CARTESIAN_POINT('Ctrl Pts',(44.7042550823652,-23.0000000447035,20.2763638618299));
#7314=CARTESIAN_POINT('Ctrl Pts',(45.0694213310597,-3.00000004470349,21.9256636663218));
#7315=CARTESIAN_POINT('Ctrl Pts',(45.0694213310597,-23.0000000447035,21.9256636663218));
#7316=CARTESIAN_POINT('Ctrl Pts',(45.2751233101781,-3.00000004470349,23.7295288999005));
#7317=CARTESIAN_POINT('Ctrl Pts',(45.2751233101781,-23.0000000447035,23.7295288999005));
#7318=CARTESIAN_POINT('Ctrl Pts',(45.368535783886,-3.00000004470349,25.6783133662472));
#7319=CARTESIAN_POINT('Ctrl Pts',(45.368535783886,-23.0000000447035,25.6783133662472));
#7320=CARTESIAN_POINT('Ctrl Pts',(45.392218167036,-3.00000004470349,27.3446835343546));
#7321=CARTESIAN_POINT('Ctrl Pts',(45.392218167036,-23.0000000447035,27.3446835343546));
#7322=CARTESIAN_POINT('Ctrl Pts',(45.3985852968282,-3.00000004470349,28.6508645290113));
#7323=CARTESIAN_POINT('Ctrl Pts',(45.3985852968282,-23.0000000447035,28.6508645290113));
#7324=CARTESIAN_POINT('Ctrl Pts',(45.3999999552965,-3.00000004470349,29.5461972938723));
#7325=CARTESIAN_POINT('Ctrl Pts',(45.3999999552965,-23.0000000447035,29.5461972938723));
#7326=CARTESIAN_POINT('Ctrl Pts',(45.3999999552965,-3.00000004470349,30.));
#7327=CARTESIAN_POINT('Ctrl Pts',(45.3999999552965,-23.0000000447035,30.));
#7328=CARTESIAN_POINT('',(45.3246867545407,-23.0000000447035,25.));
#7329=CARTESIAN_POINT('',(45.3246867545407,-18.0000000447035,25.));
#7330=CARTESIAN_POINT('Ctrl Pts',(45.3246867545407,-23.0000000447035,25.));
#7331=CARTESIAN_POINT('Ctrl Pts',(45.3246867545407,-21.3333333780368,25.));
#7332=CARTESIAN_POINT('Ctrl Pts',(45.3246867545407,-19.6666667113702,25.));
#7333=CARTESIAN_POINT('Ctrl Pts',(45.3246867545407,-18.0000000447035,25.));
#7334=CARTESIAN_POINT('',(45.3246867545407,-3.00000004470349,25.));
#7335=CARTESIAN_POINT('Ctrl Pts',(45.3246867545407,-18.0000000447035,25.));
#7336=CARTESIAN_POINT('Ctrl Pts',(45.3246867545407,-13.0000000447035,25.));
#7337=CARTESIAN_POINT('Ctrl Pts',(45.3246867545407,-8.00000004470349,25.));
#7338=CARTESIAN_POINT('Ctrl Pts',(45.3246867545407,-3.00000004470349,25.));
#7339=CARTESIAN_POINT('',(45.3999999552965,-3.00000004470349,30.));
#7340=CARTESIAN_POINT('Ctrl Pts',(45.3999999552965,-3.00000004470349,30.));
#7341=CARTESIAN_POINT('Ctrl Pts',(45.3999999552965,-3.00000004470349,29.5461972938723));
#7342=CARTESIAN_POINT('Ctrl Pts',(45.3985852968282,-3.00000004470349,28.6508645290113));
#7343=CARTESIAN_POINT('Ctrl Pts',(45.3935816202254,-3.00000004470349,27.6243883151927));
#7344=CARTESIAN_POINT('Ctrl Pts',(45.3815408660603,-3.00000004470349,26.6327455201931));
#7345=CARTESIAN_POINT('Ctrl Pts',(45.3540573161603,-3.00000004470349,25.6778662218804));
#7346=CARTESIAN_POINT('Ctrl Pts',(45.3312228141517,-3.00000004470349,25.1406245338931));
#7347=CARTESIAN_POINT('Ctrl Pts',(45.3246867545407,-3.00000004470349,25.));
#7348=CARTESIAN_POINT('',(45.3999999552965,-23.0000000447035,30.));
#7349=CARTESIAN_POINT('',(45.3999999552965,-3.00000004470349,30.));
#7350=CARTESIAN_POINT('Ctrl Pts',(45.3246867545407,-23.0000000447035,25.));
#7351=CARTESIAN_POINT('Ctrl Pts',(45.3312228141517,-23.0000000447035,25.1406245338931));
#7352=CARTESIAN_POINT('Ctrl Pts',(45.3540573161603,-23.0000000447035,25.6778662218804));
#7353=CARTESIAN_POINT('Ctrl Pts',(45.3815408660603,-23.0000000447035,26.6327455201931));
#7354=CARTESIAN_POINT('Ctrl Pts',(45.3935816202254,-23.0000000447035,27.6243883151927));
#7355=CARTESIAN_POINT('Ctrl Pts',(45.3985852968282,-23.0000000447035,28.6508645290113));
#7356=CARTESIAN_POINT('Ctrl Pts',(45.3999999552965,-23.0000000447035,29.5461972938723));
#7357=CARTESIAN_POINT('Ctrl Pts',(45.3999999552965,-23.0000000447035,30.));
#7358=CARTESIAN_POINT('Origin',(45.3999999552965,-27.0000000447035,45.3563497242789));
#7359=CARTESIAN_POINT('',(39.3999999552965,-23.7058824702427,47.6254441263761));
#7360=CARTESIAN_POINT('',(41.0676554159742,-23.0000000447035,45.3563497242783));
#7361=CARTESIAN_POINT('Ctrl Pts',(39.3999999552965,-23.7058824702427,47.6254441263761));
#7362=CARTESIAN_POINT('Ctrl Pts',(39.3999999552965,-23.6820750129098,47.5908820722231));
#7363=CARTESIAN_POINT('Ctrl Pts',(39.4033471225481,-23.6587244357486,47.5558247891242));
#7364=CARTESIAN_POINT('Ctrl Pts',(39.4282263216093,-23.5738788743379,47.4238970899108));
#7365=CARTESIAN_POINT('Ctrl Pts',(39.4712935581149,-23.5127806739922,47.3203549094413));
#7366=CARTESIAN_POINT('Ctrl Pts',(39.6751163508881,-23.3385512516607,46.98518351072));
#7367=CARTESIAN_POINT('Ctrl Pts',(39.8888391945982,-23.2365262328643,46.7395677983505));
#7368=CARTESIAN_POINT('Ctrl Pts',(40.3976973104385,-23.0684321148208,46.161405862946));
#7369=CARTESIAN_POINT('Ctrl Pts',(40.7364446364588,-23.0000000447034,45.7833975511322));
#7370=CARTESIAN_POINT('Ctrl Pts',(41.0676554159738,-23.0000000447035,45.356349724278));
#7371=CARTESIAN_POINT('',(45.3999999552965,-23.0000000447035,45.3563497242789));
#7372=CARTESIAN_POINT('',(45.3999999552965,-23.0000000447035,45.3563497242789));
#7373=CARTESIAN_POINT('',(45.3999999552965,-23.7058824702427,47.6254441263761));
#7374=CARTESIAN_POINT('Origin',(45.3999999552965,-27.0000000447035,45.3563497242789));
#7375=CARTESIAN_POINT('',(45.3999999552965,-23.7058824702427,47.6254441263761));
#7376=CARTESIAN_POINT('Origin',(21.1999999552965,-23.0000000447035,32.5));
#7377=CARTESIAN_POINT('',(-2.92468684394771,-23.0000000447035,25.));
#7378=CARTESIAN_POINT('',(33.2623433549186,-23.0000000447035,25.));
#7379=CARTESIAN_POINT('',(45.3999999552965,-23.0000000447035,30.));
#7380=CARTESIAN_POINT('',(42.3999999552965,-23.0000000447035,41.4096523897638));
#7381=CARTESIAN_POINT('Ctrl Pts',(42.3999999552965,-23.0000000447035,41.4096523897638));
#7382=CARTESIAN_POINT('Ctrl Pts',(42.3999999552965,-23.0000000447035,41.7480964705495));
#7383=CARTESIAN_POINT('Ctrl Pts',(42.3703470953924,-23.0000000447035,42.1182582782972));
#7384=CARTESIAN_POINT('Ctrl Pts',(42.2461173574902,-23.0000000447035,42.8477375725773));
#7385=CARTESIAN_POINT('Ctrl Pts',(42.1517078580983,-23.0000000447035,43.2070835536725));
#7386=CARTESIAN_POINT('Ctrl Pts',(41.9348090011323,-23.0000000447035,43.8407309638354));
#7387=CARTESIAN_POINT('Ctrl Pts',(41.7928380863857,-23.0000000447035,44.1756212851488));
#7388=CARTESIAN_POINT('Ctrl Pts',(41.4574965834267,-23.0000000447035,44.8053044985614));
#7389=CARTESIAN_POINT('Ctrl Pts',(41.2657174657113,-23.0000000447035,45.1009776979009));
#7390=CARTESIAN_POINT('Ctrl Pts',(41.0676554159738,-23.0000000447035,45.356349724278));
#7391=CARTESIAN_POINT('',(42.3999999552965,-23.0000000447035,35.));
#7392=CARTESIAN_POINT('',(42.3999999552965,-23.0000000447035,41.2500002607703));
#7393=CARTESIAN_POINT('',(37.3999999552965,-23.0000000447035,30.));
#7394=CARTESIAN_POINT('Origin',(37.3999999552965,-23.0000000447035,35.));
#7395=CARTESIAN_POINT('',(4.99999995529651,-23.0000000447035,30.));
#7396=CARTESIAN_POINT('',(4.99999995529651,-23.0000000447035,30.));
#7397=CARTESIAN_POINT('',(-4.47034881334574E-8,-23.0000000447035,35.));
#7398=CARTESIAN_POINT('Origin',(4.99999995529651,-23.0000000447035,35.));
#7399=CARTESIAN_POINT('',(-4.4703492019238E-8,-23.0000000447035,41.4096526302692));
#7400=CARTESIAN_POINT('',(-4.47034881334574E-8,-23.0000000447035,35.));
#7401=CARTESIAN_POINT('',(1.33234454303261,-23.0000000447035,45.3563500657627));
#7402=CARTESIAN_POINT('Ctrl Pts',(1.33234454303294,-23.0000000447035,45.3563500657624));
#7403=CARTESIAN_POINT('Ctrl Pts',(1.13428247761047,-23.0000000447035,45.1009780228236));
#7404=CARTESIAN_POINT('Ctrl Pts',(0.942503343436992,-23.0000000447035,44.8053047993733));
#7405=CARTESIAN_POINT('Ctrl Pts',(0.607161827080104,-23.0000000447035,44.175621555104));
#7406=CARTESIAN_POINT('Ctrl Pts',(0.465190911521444,-23.0000000447035,43.8407312291845));
#7407=CARTESIAN_POINT('Ctrl Pts',(0.248292053633205,-23.0000000447035,43.2070838115659));
#7408=CARTESIAN_POINT('Ctrl Pts',(0.153882553874027,-23.0000000447035,42.8477378269035));
#7409=CARTESIAN_POINT('Ctrl Pts',(0.0296528153959169,-23.0000000447035,
42.1182585255359));
#7410=CARTESIAN_POINT('Ctrl Pts',(-4.47034992356876E-8,-23.0000000447035,
41.7480967142657));
#7411=CARTESIAN_POINT('Ctrl Pts',(-4.47034992356876E-8,-23.0000000447035,
41.4096526302692));
#7412=CARTESIAN_POINT('',(-3.00000004470349,-23.0000000447035,45.3563500657634));
#7413=CARTESIAN_POINT('',(-3.00000004470349,-23.0000000447035,45.3563500657634));
#7414=CARTESIAN_POINT('',(-3.00000004470349,-23.0000000447035,30.));
#7415=CARTESIAN_POINT('',(-3.00000004470349,-23.0000000447035,45.));
#7416=CARTESIAN_POINT('Ctrl Pts',(-3.00000004470349,-23.0000000447035,30.));
#7417=CARTESIAN_POINT('Ctrl Pts',(-3.00000004470349,-23.0000000447035,29.5461972938723));
#7418=CARTESIAN_POINT('Ctrl Pts',(-2.99858538623516,-23.0000000447035,28.6508645290113));
#7419=CARTESIAN_POINT('Ctrl Pts',(-2.99358170963237,-23.0000000447035,27.6243883151927));
#7420=CARTESIAN_POINT('Ctrl Pts',(-2.98154095546726,-23.0000000447035,26.6327455201931));
#7421=CARTESIAN_POINT('Ctrl Pts',(-2.95405740556726,-23.0000000447035,25.6778662218804));
#7422=CARTESIAN_POINT('Ctrl Pts',(-2.93122290355868,-23.0000000447035,25.1406245338931));
#7423=CARTESIAN_POINT('Ctrl Pts',(-2.92468684394771,-23.0000000447035,25.));
#7424=CARTESIAN_POINT('Origin',(-3.00000004470349,-27.0000000447035,45.3563500657634));
#7425=CARTESIAN_POINT('',(2.99999995529651,-23.7058824327062,47.6254444133676));
#7426=CARTESIAN_POINT('Ctrl Pts',(1.33234454303015,-23.0000000447035,45.3563500657588));
#7427=CARTESIAN_POINT('Ctrl Pts',(1.70244697229063,-23.0000000447029,45.8335429762503));
#7428=CARTESIAN_POINT('Ctrl Pts',(2.08038516923887,-23.0852693802234,46.2477285792816));
#7429=CARTESIAN_POINT('Ctrl Pts',(2.553492113529,-23.2590121885946,46.7898382212774));
#7430=CARTESIAN_POINT('Ctrl Pts',(2.72119642734114,-23.3427486443516,46.9887588090548));
#7431=CARTESIAN_POINT('Ctrl Pts',(2.90688322374606,-23.4905549853222,47.2797899066532));
#7432=CARTESIAN_POINT('Ctrl Pts',(2.95199899178634,-23.5457287098078,47.3759148213841));
#7433=CARTESIAN_POINT('Ctrl Pts',(2.99210694991782,-23.6342328803428,47.518714992925));
#7434=CARTESIAN_POINT('Ctrl Pts',(2.9999999552965,-23.6693244165783,47.5723719596312));
#7435=CARTESIAN_POINT('Ctrl Pts',(2.9999999552965,-23.7058824327062,47.6254444133676));
#7436=CARTESIAN_POINT('',(-3.00000004470349,-23.7058824327062,47.6254444133676));
#7437=CARTESIAN_POINT('',(-3.00000004470349,-23.7058824327062,47.6254444133676));
#7438=CARTESIAN_POINT('Origin',(-3.00000004470349,-27.0000000447035,45.3563500657634));
#7439=CARTESIAN_POINT('Origin',(-3.00000004470349,-13.0000001937151,55.0000010430813));
#7440=CARTESIAN_POINT('',(2.99999995529652,-2.29411772682387,47.6254447442176));
#7441=CARTESIAN_POINT('Origin',(2.99999995529651,-13.0000001937151,55.0000010430813));
#7442=CARTESIAN_POINT('',(-3.00000004470348,-2.29411772682386,47.6254447442176));
#7443=CARTESIAN_POINT('',(-3.00000004470348,-2.29411772682387,47.6254447442176));
#7444=CARTESIAN_POINT('Origin',(-3.00000004470349,-13.0000001937151,55.0000010430813));
#7445=CARTESIAN_POINT('Origin',(-3.00000004470348,0.999999955296515,45.3563504984133));
#7446=CARTESIAN_POINT('',(1.33234463890568,-3.00000004470349,45.3563504984126));
#7447=CARTESIAN_POINT('Ctrl Pts',(2.99999995529649,-2.29411772682386,47.6254447442176));
#7448=CARTESIAN_POINT('Ctrl Pts',(2.99999995529649,-2.31792526072967,47.590882575391));
#7449=CARTESIAN_POINT('Ctrl Pts',(2.99665276604645,-2.34127590995245,47.5558251765859));
#7450=CARTESIAN_POINT('Ctrl Pts',(2.97177346370245,-2.42612153355882,47.4238973370385));
#7451=CARTESIAN_POINT('Ctrl Pts',(2.92870616103151,-2.4872197342466,47.3203551212649));
#7452=CARTESIAN_POINT('Ctrl Pts',(2.72488299348929,-2.66144928542489,46.9851833310366));
#7453=CARTESIAN_POINT('Ctrl Pts',(2.51115963758672,-2.76347442826771,46.7395671446819));
#7454=CARTESIAN_POINT('Ctrl Pts',(2.00230127758766,-2.9315682731082,46.1614049803861));
#7455=CARTESIAN_POINT('Ctrl Pts',(1.66355470549268,-3.00000004470359,45.7833973888053));
#7456=CARTESIAN_POINT('Ctrl Pts',(1.33234463890602,-3.00000004470349,45.3563504984124));
#7457=CARTESIAN_POINT('',(-3.00000004470348,-3.00000004470348,45.3563504984133));
#7458=CARTESIAN_POINT('',(-3.00000004470348,-3.00000004470348,45.3563504984133));
#7459=CARTESIAN_POINT('Origin',(-3.00000004470348,0.999999955296515,45.3563504984133));
#7460=CARTESIAN_POINT('Origin',(21.1999999552965,-3.00000004470349,32.5));
#7461=CARTESIAN_POINT('',(-4.47034875783459E-8,-3.00000004470348,41.4096528495595));
#7462=CARTESIAN_POINT('Ctrl Pts',(-4.47034958529768E-8,-3.00000004470349,
41.4096528495595));
#7463=CARTESIAN_POINT('Ctrl Pts',(-4.47034958999454E-8,-3.00000004470349,
41.7480969415855));
#7464=CARTESIAN_POINT('Ctrl Pts',(0.0296528158456871,-3.00000004470348,
42.118258761671));
#7465=CARTESIAN_POINT('Ctrl Pts',(0.153882555772308,-3.00000004470348,42.8477380807456));
#7466=CARTESIAN_POINT('Ctrl Pts',(0.248292056506534,-3.00000004470348,43.2070840743032));
#7467=CARTESIAN_POINT('Ctrl Pts',(0.465190916596536,-3.00000004470348,43.8407315090872));
#7468=CARTESIAN_POINT('Ctrl Pts',(0.607161833787886,-3.00000004470348,44.1756218449848));
#7469=CARTESIAN_POINT('Ctrl Pts',(0.942503376401458,-3.00000004470349,44.8053051512004));
#7470=CARTESIAN_POINT('Ctrl Pts',(1.13428254272139,-3.00000004470349,45.1009784224606));
#7471=CARTESIAN_POINT('Ctrl Pts',(1.332344638906,-3.00000004470349,45.3563504984124));
#7472=CARTESIAN_POINT('',(-4.47034836925653E-8,-3.00000004470348,35.));
#7473=CARTESIAN_POINT('',(-4.47034836925653E-8,-3.00000004470348,35.));
#7474=CARTESIAN_POINT('',(4.99999995529651,-3.00000004470349,30.));
#7475=CARTESIAN_POINT('Origin',(4.99999995529651,-3.00000004470349,35.));
#7476=CARTESIAN_POINT('',(37.3999999552965,-3.00000004470349,30.));
#7477=CARTESIAN_POINT('',(4.99999995529651,-3.00000004470349,30.));
#7478=CARTESIAN_POINT('',(42.3999999552965,-3.00000004470349,35.));
#7479=CARTESIAN_POINT('Origin',(37.3999999552965,-3.00000004470349,35.));
#7480=CARTESIAN_POINT('',(42.3999999552965,-3.00000004470349,41.4096526090541));
#7481=CARTESIAN_POINT('',(42.3999999552965,-3.00000004470349,41.2500002607703));
#7482=CARTESIAN_POINT('',(41.0676553201011,-3.00000004470349,45.3563501569282));
#7483=CARTESIAN_POINT('Ctrl Pts',(41.0676553201008,-3.00000004470349,45.356350156928));
#7484=CARTESIAN_POINT('Ctrl Pts',(41.2657174006004,-3.00000004470349,45.1009780975379));
#7485=CARTESIAN_POINT('Ctrl Pts',(41.4574965504622,-3.00000004470349,44.8053048503885));
#7486=CARTESIAN_POINT('Ctrl Pts',(41.7928380796779,-3.00000004470349,44.1756215750296));
#7487=CARTESIAN_POINT('Ctrl Pts',(41.9348089960573,-3.00000004470349,43.8407312437381));
#7488=CARTESIAN_POINT('Ctrl Pts',(42.1517078552249,-3.00000004470349,43.2070838164098));
#7489=CARTESIAN_POINT('Ctrl Pts',(42.2461173555919,-3.00000004470349,42.8477378264194));
#7490=CARTESIAN_POINT('Ctrl Pts',(42.3703470949426,-3.00000004470349,42.1182585144323));
#7491=CARTESIAN_POINT('Ctrl Pts',(42.3999999552965,-3.00000004470349,41.7480966978692));
#7492=CARTESIAN_POINT('Ctrl Pts',(42.3999999552965,-3.00000004470349,41.4096526090541));
#7493=CARTESIAN_POINT('',(45.3999999552965,-3.00000004470349,45.3563501569289));
#7494=CARTESIAN_POINT('',(45.3999999552965,-3.00000004470349,45.3563501569289));
#7495=CARTESIAN_POINT('',(45.3999999552965,-3.00000004470349,30.));
#7496=CARTESIAN_POINT('',(-2.92468684394771,-3.00000004470348,25.));
#7497=CARTESIAN_POINT('',(9.09999995529651,-3.00000004470349,25.));
#7498=CARTESIAN_POINT('',(-3.00000004470348,-3.00000004470348,30.));
#7499=CARTESIAN_POINT('Ctrl Pts',(-3.00000004470348,-3.00000004470348,30.));
#7500=CARTESIAN_POINT('Ctrl Pts',(-3.00000004470348,-3.00000004470348,29.5461972938723));
#7501=CARTESIAN_POINT('Ctrl Pts',(-2.99858538623515,-3.00000004470348,28.6508645290113));
#7502=CARTESIAN_POINT('Ctrl Pts',(-2.99358170963236,-3.00000004470348,27.6243883151927));
#7503=CARTESIAN_POINT('Ctrl Pts',(-2.98154095546725,-3.00000004470348,26.6327455201931));
#7504=CARTESIAN_POINT('Ctrl Pts',(-2.95405740556726,-3.00000004470348,25.6778662218804));
#7505=CARTESIAN_POINT('Ctrl Pts',(-2.93122290355868,-3.00000004470348,25.1406245338931));
#7506=CARTESIAN_POINT('Ctrl Pts',(-2.92468684394771,-3.00000004470348,25.));
#7507=CARTESIAN_POINT('',(-3.00000004470348,-3.00000004470348,45.));
#7508=CARTESIAN_POINT('Origin',(45.3999999552965,0.999999955296504,45.3563501569289));
#7509=CARTESIAN_POINT('',(39.3999999552965,-2.29411768928738,47.625444457226));
#7510=CARTESIAN_POINT('Ctrl Pts',(41.0676553201036,-3.0000000447035,45.3563501569244));
#7511=CARTESIAN_POINT('Ctrl Pts',(40.6975528021555,-3.00000004470403,45.8335431761812));
#7512=CARTESIAN_POINT('Ctrl Pts',(40.3196145164834,-2.91473067047993,46.2477288586865));
#7513=CARTESIAN_POINT('Ctrl Pts',(39.846507624072,-2.74098783880915,46.7898384623418));
#7514=CARTESIAN_POINT('Ctrl Pts',(39.6788033708363,-2.65725139987935,46.988758996399));
#7515=CARTESIAN_POINT('Ctrl Pts',(39.4931166386147,-2.50944508091612,47.279790038906));
#7516=CARTESIAN_POINT('Ctrl Pts',(39.4480008857149,-2.45427136111421,47.3759149438301));
#7517=CARTESIAN_POINT('Ctrl Pts',(39.4078929530886,-2.36576720759945,47.518715085538));
#7518=CARTESIAN_POINT('Ctrl Pts',(39.3999999552965,-2.33067568716137,47.572372028358));
#7519=CARTESIAN_POINT('Ctrl Pts',(39.3999999552965,-2.29411768928739,47.625444457226));
#7520=CARTESIAN_POINT('',(45.3999999552965,-2.29411768928738,47.625444457226));
#7521=CARTESIAN_POINT('',(45.3999999552965,-2.29411768928738,47.625444457226));
#7522=CARTESIAN_POINT('Origin',(45.3999999552965,0.999999955296504,45.3563501569289));
#7523=CARTESIAN_POINT('Origin',(45.3999999552965,-13.0000001937151,55.0000010430813));
#7524=CARTESIAN_POINT('Origin',(45.3999999552965,-13.0000001937151,55.0000010430813));
#7525=CARTESIAN_POINT('Origin',(39.3999999552965,-13.0000001937151,55.0000010430813));
#7526=CARTESIAN_POINT('Origin',(3.9999999552965,-13.0000001937151,55.0000010430813));
#7527=CARTESIAN_POINT('Origin',(2.99999995529651,-13.0000001937151,55.0000010430813));
#7528=CARTESIAN_POINT('Origin',(-4.47034981254646E-8,-13.0000001937151,
55.0000010430813));
#7529=CARTESIAN_POINT('Origin',(-4.47034836925653E-8,-3.00000004470348,
35.));
#7530=CARTESIAN_POINT('',(-4.47034836925653E-8,-3.00000004470348,35.));
#7531=CARTESIAN_POINT('Origin',(38.3999999552965,-13.0000001937151,55.0000010430813));
#7532=CARTESIAN_POINT('Origin',(39.3999999552965,-13.0000001937151,55.0000010430813));
#7533=CARTESIAN_POINT('Origin',(42.3999999552965,-13.0000001937151,55.0000010430813));
#7534=CARTESIAN_POINT('Origin',(42.3999999552965,-3.00000004470349,45.));
#7535=CARTESIAN_POINT('',(42.3999999552965,-3.00000004470349,35.));
#7536=CARTESIAN_POINT('Origin',(45.3999999552965,-13.0000001937151,55.0000010430813));
#7537=CARTESIAN_POINT('',(45.3999999552965,-23.5000001937151,55.0000010430813));
#7538=CARTESIAN_POINT('Origin',(45.3999999552965,-13.0000001937151,55.0000010430813));
#7539=CARTESIAN_POINT('',(41.3999999552965,-23.5000001937151,55.0000010430813));
#7540=CARTESIAN_POINT('',(45.3999999552965,-23.5000001937151,55.0000010430813));
#7541=CARTESIAN_POINT('Origin',(41.3999999552965,-13.0000001937151,55.0000010430813));
#7542=CARTESIAN_POINT('Origin',(-3.00000004470349,-13.0000001937151,55.0000010430813));
#7543=CARTESIAN_POINT('',(-3.00000004470348,-2.50000019371509,55.0000010430813));
#7544=CARTESIAN_POINT('Origin',(-3.00000004470349,-13.0000001937151,55.0000010430813));
#7545=CARTESIAN_POINT('',(0.999999955296516,-2.50000019371509,55.0000010430813));
#7546=CARTESIAN_POINT('',(-3.00000004470348,-2.50000019371509,55.0000010430813));
#7547=CARTESIAN_POINT('Origin',(0.999999955296514,-13.0000001937151,55.0000010430813));
#7548=CARTESIAN_POINT('Origin',(-3.00000004470348,-3.00000004470348,25.));
#7549=CARTESIAN_POINT('',(-2.92468684394771,-18.0000000447035,25.));
#7550=CARTESIAN_POINT('Ctrl Pts',(-2.92468684394771,-3.00000004470348,25.));
#7551=CARTESIAN_POINT('Ctrl Pts',(-2.92468684394771,-8.00000004470349,25.));
#7552=CARTESIAN_POINT('Ctrl Pts',(-2.92468684394771,-13.0000000447035,25.));
#7553=CARTESIAN_POINT('Ctrl Pts',(-2.92468684394771,-18.0000000447035,25.));
#7554=CARTESIAN_POINT('Ctrl Pts',(-2.92468684394771,-18.0000000447035,25.));
#7555=CARTESIAN_POINT('Ctrl Pts',(-2.92468684394771,-19.6666667113701,25.));
#7556=CARTESIAN_POINT('Ctrl Pts',(-2.92468684394771,-21.3333333780368,25.));
#7557=CARTESIAN_POINT('Ctrl Pts',(-2.92468684394771,-23.0000000447035,25.));
#7558=CARTESIAN_POINT('Origin',(0.999999955296514,-13.0000001937151,55.0000010430813));
#7559=CARTESIAN_POINT('',(0.999999955296516,-4.5000001937151,55.0000010430813));
#7560=CARTESIAN_POINT('Origin',(0.999999955296516,-6.0000001937151,55.0000010430813));
#7561=CARTESIAN_POINT('',(0.999999955296514,-11.5000001937151,48.0000009387732));
#7562=CARTESIAN_POINT('Origin',(0.999999955296514,-13.0000001937151,48.0000009387732));
#7563=CARTESIAN_POINT('',(0.999999955296514,-11.5000001937151,62.0000011473894));
#7564=CARTESIAN_POINT('Origin',(0.999999955296514,-13.0000001937151,62.0000011473894));
#7565=CARTESIAN_POINT('',(0.999999955296513,-18.5000001937151,55.0000010430813));
#7566=CARTESIAN_POINT('Origin',(0.999999955296512,-20.0000001937151,55.0000010430813));
#7567=CARTESIAN_POINT('',(0.999999955296514,-10.2000001937151,55.0000010430813));
#7568=CARTESIAN_POINT('Origin',(0.999999955296514,-13.0000001937151,55.0000010430813));
#7569=CARTESIAN_POINT('Origin',(41.3999999552965,-13.0000001937151,55.0000010430813));
#7570=CARTESIAN_POINT('',(41.3999999552965,-18.5000001937151,55.0000010430813));
#7571=CARTESIAN_POINT('Origin',(41.3999999552965,-20.0000001937151,55.0000010430813));
#7572=CARTESIAN_POINT('',(41.3999999552965,-11.5000001937151,62.0000011473894));
#7573=CARTESIAN_POINT('Origin',(41.3999999552965,-13.0000001937151,62.0000011473894));
#7574=CARTESIAN_POINT('',(41.3999999552965,-10.2000001937151,55.0000010430813));
#7575=CARTESIAN_POINT('Origin',(41.3999999552965,-13.0000001937151,55.0000010430813));
#7576=CARTESIAN_POINT('',(41.3999999552965,-11.5000001937151,48.0000009387732));
#7577=CARTESIAN_POINT('Origin',(41.3999999552965,-13.0000001937151,48.0000009387732));
#7578=CARTESIAN_POINT('',(41.3999999552965,-4.50000019371511,55.0000010430813));
#7579=CARTESIAN_POINT('Origin',(41.3999999552965,-6.00000019371511,55.0000010430813));
#7580=CARTESIAN_POINT('Origin',(2.99999995529651,-3.00000004470349,45.));
#7581=CARTESIAN_POINT('',(2.99999995529651,-18.5000001937151,55.0000010430813));
#7582=CARTESIAN_POINT('Origin',(2.99999995529651,-20.0000001937151,55.0000010430813));
#7583=CARTESIAN_POINT('',(2.99999995529651,-11.5000001937151,62.0000011473894));
#7584=CARTESIAN_POINT('Origin',(2.99999995529651,-13.0000001937151,62.0000011473894));
#7585=CARTESIAN_POINT('',(2.99999995529651,-4.5000001937151,55.0000010430813));
#7586=CARTESIAN_POINT('Origin',(2.99999995529651,-6.0000001937151,55.0000010430813));
#7587=CARTESIAN_POINT('',(2.99999995529651,-10.2000001937151,55.0000010430813));
#7588=CARTESIAN_POINT('Origin',(2.99999995529651,-13.0000001937151,55.0000010430813));
#7589=CARTESIAN_POINT('',(2.99999995529651,-11.5000001937151,48.0000009387732));
#7590=CARTESIAN_POINT('Origin',(2.99999995529651,-13.0000001937151,48.0000009387732));
#7591=CARTESIAN_POINT('Origin',(-3.00000004470349,-13.0000001937151,48.0000009387732));
#7592=CARTESIAN_POINT('',(39.3999999552965,-11.5000001937151,48.0000009387732));
#7593=CARTESIAN_POINT('Origin',(39.3999999552965,-13.0000001937151,48.0000009387732));
#7594=CARTESIAN_POINT('',(-3.00000004470349,-11.5000001937151,48.0000009387732));
#7595=CARTESIAN_POINT('Origin',(-3.00000004470349,-13.0000001937151,48.0000009387732));
#7596=CARTESIAN_POINT('',(-3.00000004470349,-11.5000001937151,48.0000009387732));
#7597=CARTESIAN_POINT('Origin',(-3.00000004470349,-13.0000001937151,55.0000010430813));
#7598=CARTESIAN_POINT('',(39.3999999552965,-10.2000001937151,55.0000010430813));
#7599=CARTESIAN_POINT('Origin',(39.3999999552965,-13.0000001937151,55.0000010430813));
#7600=CARTESIAN_POINT('',(-3.00000004470349,-10.2000001937151,55.0000010430813));
#7601=CARTESIAN_POINT('Origin',(-3.00000004470349,-13.0000001937151,55.0000010430813));
#7602=CARTESIAN_POINT('',(-3.00000004470349,-10.2000001937151,55.0000010430813));
#7603=CARTESIAN_POINT('Origin',(-3.00000004470348,-6.0000001937151,55.0000010430813));
#7604=CARTESIAN_POINT('',(39.3999999552965,-4.50000019371511,55.0000010430813));
#7605=CARTESIAN_POINT('Origin',(39.3999999552965,-6.0000001937151,55.0000010430813));
#7606=CARTESIAN_POINT('',(-3.00000004470348,-4.5000001937151,55.0000010430813));
#7607=CARTESIAN_POINT('Origin',(-3.00000004470348,-6.0000001937151,55.0000010430813));
#7608=CARTESIAN_POINT('',(-3.00000004470348,-4.5000001937151,55.0000010430813));
#7609=CARTESIAN_POINT('Origin',(-3.00000004470349,-13.0000001937151,62.0000011473894));
#7610=CARTESIAN_POINT('',(39.3999999552965,-11.5000001937151,62.0000011473894));
#7611=CARTESIAN_POINT('Origin',(39.3999999552965,-13.0000001937151,62.0000011473894));
#7612=CARTESIAN_POINT('',(-3.00000004470349,-11.5000001937151,62.0000011473894));
#7613=CARTESIAN_POINT('Origin',(-3.00000004470349,-13.0000001937151,62.0000011473894));
#7614=CARTESIAN_POINT('',(-3.00000004470349,-11.5000001937151,62.0000011473894));
#7615=CARTESIAN_POINT('Origin',(-3.00000004470349,-20.0000001937151,55.0000010430813));
#7616=CARTESIAN_POINT('',(39.3999999552965,-18.5000001937151,55.0000010430813));
#7617=CARTESIAN_POINT('Origin',(39.3999999552965,-20.0000001937151,55.0000010430813));
#7618=CARTESIAN_POINT('',(-3.00000004470349,-18.5000001937151,55.0000010430813));
#7619=CARTESIAN_POINT('Origin',(-3.00000004470349,-20.0000001937151,55.0000010430813));
#7620=CARTESIAN_POINT('',(-3.00000004470349,-18.5000001937151,55.0000010430813));
#7621=CARTESIAN_POINT('Origin',(39.3999999552965,-3.00000004470349,65.));
#7622=CARTESIAN_POINT('Origin',(-3.00000004470348,-3.00000004470348,65.));
#7623=CARTESIAN_POINT('',(-3.00000004470348,-3.00000004470348,30.));
#7624=CARTESIAN_POINT('Origin',(4.99999995529651,-3.00000004470349,35.));
#7625=CARTESIAN_POINT('',(4.99999995529651,-3.00000004470349,30.));
#7626=CARTESIAN_POINT('Origin',(37.3999999552965,-3.00000004470349,30.));
#7627=CARTESIAN_POINT('',(37.3999999552965,-3.00000004470349,30.));
#7628=CARTESIAN_POINT('Origin',(37.3999999552965,-3.00000004470349,35.));
#7629=CARTESIAN_POINT('Origin',(45.3999999552965,-3.00000004470349,30.));
#7630=CARTESIAN_POINT('Ctrl Pts',(-3.00000004470348,-3.00000004470348,30.));
#7631=CARTESIAN_POINT('Ctrl Pts',(-3.00000004470349,-23.0000000447035,30.));
#7632=CARTESIAN_POINT('Ctrl Pts',(-3.00000004470348,-3.00000004470348,29.5461972938723));
#7633=CARTESIAN_POINT('Ctrl Pts',(-3.00000004470349,-23.0000000447035,29.5461972938723));
#7634=CARTESIAN_POINT('Ctrl Pts',(-2.99858538623515,-3.00000004470348,28.6508645290113));
#7635=CARTESIAN_POINT('Ctrl Pts',(-2.99858538623516,-23.0000000447035,28.6508645290113));
#7636=CARTESIAN_POINT('Ctrl Pts',(-2.99221825644297,-3.00000004470348,27.3446835343546));
#7637=CARTESIAN_POINT('Ctrl Pts',(-2.99221825644298,-23.0000000447035,27.3446835343546));
#7638=CARTESIAN_POINT('Ctrl Pts',(-2.96853587329294,-3.00000004470348,25.6783133662472));
#7639=CARTESIAN_POINT('Ctrl Pts',(-2.96853587329295,-23.0000000447035,25.6783133662472));
#7640=CARTESIAN_POINT('Ctrl Pts',(-2.87512339958511,-3.00000004470348,23.7295288999005));
#7641=CARTESIAN_POINT('Ctrl Pts',(-2.87512339958511,-23.0000000447035,23.7295288999005));
#7642=CARTESIAN_POINT('Ctrl Pts',(-2.66942142046668,-3.00000004470348,21.9256636663218));
#7643=CARTESIAN_POINT('Ctrl Pts',(-2.66942142046668,-23.0000000447035,21.9256636663218));
#7644=CARTESIAN_POINT('Ctrl Pts',(-2.30425517177213,-3.00000004470348,20.2763638618299));
#7645=CARTESIAN_POINT('Ctrl Pts',(-2.30425517177214,-23.0000000447035,20.2763638618299));
#7646=CARTESIAN_POINT('Ctrl Pts',(-1.74597224031737,-3.00000004470348,18.7868408250398));
#7647=CARTESIAN_POINT('Ctrl Pts',(-1.74597224031737,-23.0000000447035,18.7868408250398));
#7648=CARTESIAN_POINT('Ctrl Pts',(-0.985055980994956,-3.00000004470348,
17.4548560164174));
#7649=CARTESIAN_POINT('Ctrl Pts',(-0.985055980994961,-23.0000000447035,
17.4548560164174));
#7650=CARTESIAN_POINT('Ctrl Pts',(-0.0519391026002231,-3.00000004470348,
16.2662337119871));
#7651=CARTESIAN_POINT('Ctrl Pts',(-0.0519391026002275,-23.0000000447035,
16.2662337119871));
#7652=CARTESIAN_POINT('Ctrl Pts',(0.991631770645646,-3.00000004470349,15.1967618368571));
#7653=CARTESIAN_POINT('Ctrl Pts',(0.991631770645642,-23.0000000447035,15.1967618368571));
#7654=CARTESIAN_POINT('Ctrl Pts',(2.06989813044287,-3.00000004470349,14.2163459295901));
#7655=CARTESIAN_POINT('Ctrl Pts',(2.06989813044287,-23.0000000447035,14.2163459295901));
#7656=CARTESIAN_POINT('Ctrl Pts',(3.10781516993986,-3.00000004470349,13.2922781573943));
#7657=CARTESIAN_POINT('Ctrl Pts',(3.10781516993985,-23.0000000447035,13.2922781573943));
#7658=CARTESIAN_POINT('Ctrl Pts',(4.0452264834491,-3.00000004470349,12.3925052553169));
#7659=CARTESIAN_POINT('Ctrl Pts',(4.0452264834491,-23.0000000447035,12.3925052553169));
#7660=CARTESIAN_POINT('Ctrl Pts',(4.85527332757237,-3.00000004470349,11.4893225691882));
#7661=CARTESIAN_POINT('Ctrl Pts',(4.85527332757237,-23.0000000447035,11.4893225691882));
#7662=CARTESIAN_POINT('Ctrl Pts',(5.54129623849189,-3.00000004470349,10.5602584339409));
#7663=CARTESIAN_POINT('Ctrl Pts',(5.54129623849189,-23.0000000447035,10.5602584339409));
#7664=CARTESIAN_POINT('Ctrl Pts',(6.12321042186636,-3.00000004470349,9.58771421932896));
#7665=CARTESIAN_POINT('Ctrl Pts',(6.12321042186635,-23.0000000447035,9.58771421932896));
#7666=CARTESIAN_POINT('Ctrl Pts',(6.62839532844302,-3.00000004470349,8.55895943310716));
#7667=CARTESIAN_POINT('Ctrl Pts',(6.62839532844302,-23.0000000447035,8.55895943310716));
#7668=CARTESIAN_POINT('Ctrl Pts',(7.07930981990744,-3.00000004470349,7.46644710698407));
#7669=CARTESIAN_POINT('Ctrl Pts',(7.07930981990744,-23.0000000447035,7.46644710698407));
#7670=CARTESIAN_POINT('Ctrl Pts',(7.48892861527827,-3.00000004470349,6.30654170535511));
#7671=CARTESIAN_POINT('Ctrl Pts',(7.48892861527826,-23.0000000447035,6.30654170535511));
#7672=CARTESIAN_POINT('Ctrl Pts',(7.78921557607327,-3.00000004470349,5.32377273309384));
#7673=CARTESIAN_POINT('Ctrl Pts',(7.78921557607326,-23.0000000447035,5.32377273309384));
#7674=CARTESIAN_POINT('Ctrl Pts',(8.00013859282687,-3.00000004470349,4.55593608817555));
#7675=CARTESIAN_POINT('Ctrl Pts',(8.00013859282687,-23.0000000447035,4.55593608817555));
#7676=CARTESIAN_POINT('Ctrl Pts',(8.13443317535897,-3.00000004470349,4.03042890182196));
#7677=CARTESIAN_POINT('Ctrl Pts',(8.13443317535897,-23.0000000447035,4.03042890182196));
#7678=CARTESIAN_POINT('Ctrl Pts',(8.19999995529652,-3.00000004470349,3.76427131976491));
#7679=CARTESIAN_POINT('Ctrl Pts',(8.19999995529651,-23.0000000447035,3.76427131976491));
#7680=CARTESIAN_POINT('',(0.,0.,0.));
#7681=CARTESIAN_POINT('Origin',(0.,2.60000004470348,-8.1));
#7682=CARTESIAN_POINT('',(13.85,2.60000004470348,45.5));
#7683=CARTESIAN_POINT('',(3.,2.60000004470348,25.5));
#7684=CARTESIAN_POINT('Origin',(-10.2667367406594,2.60000004470348,45.64026666732));
#7685=CARTESIAN_POINT('',(13.85,2.60000004470348,47.5));
#7686=CARTESIAN_POINT('',(13.85,2.60000004470348,19.7));
#7687=CARTESIAN_POINT('',(14.85,2.6,48.5));
#7688=CARTESIAN_POINT('Origin',(14.85,2.60000004470348,47.5));
#7689=CARTESIAN_POINT('',(22.85,2.60000004470348,48.5));
#7690=CARTESIAN_POINT('',(0.,2.60000004470348,48.5));
#7691=CARTESIAN_POINT('',(23.85,2.60000004470348,47.5));
#7692=CARTESIAN_POINT('Origin',(22.85,2.60000004470348,47.5));
#7693=CARTESIAN_POINT('',(23.85,2.60000004470348,45.5));
#7694=CARTESIAN_POINT('',(23.85,2.60000004470348,18.7));
#7695=CARTESIAN_POINT('',(34.6999992243946,2.60000004470348,25.5));
#7696=CARTESIAN_POINT('Origin',(47.9667367406593,2.60000004470348,45.6402666673201));
#7697=CARTESIAN_POINT('',(34.7,2.60000004470348,-8.1));
#7698=CARTESIAN_POINT('',(34.7,2.60000004470348,6.05));
#7699=CARTESIAN_POINT('',(0.,2.60000004470348,-8.1));
#7700=CARTESIAN_POINT('',(0.,2.60000004470348,-8.1));
#7701=CARTESIAN_POINT('',(0.,2.60000004470348,25.5));
#7702=CARTESIAN_POINT('',(0.,2.60000004470348,6.05));
#7703=CARTESIAN_POINT('',(1.5,2.60000004470348,25.5));
#7704=CARTESIAN_POINT('Origin',(23.85,-27.8,45.5));
#7705=CARTESIAN_POINT('',(23.85,-27.4,47.5));
#7706=CARTESIAN_POINT('',(23.85,-27.8,47.5));
#7707=CARTESIAN_POINT('',(23.85,-27.4,45.5));
#7708=CARTESIAN_POINT('',(23.85,-27.4,47.));
#7709=CARTESIAN_POINT('',(23.85,-22.6786796564404,45.5));
#7710=CARTESIAN_POINT('',(23.85,-27.8,45.5));
#7711=CARTESIAN_POINT('',(23.85,-2.12132034355965,45.5));
#7712=CARTESIAN_POINT('',(23.85,-27.8,45.5));
#7713=CARTESIAN_POINT('',(23.85,-27.8,45.5));
#7714=CARTESIAN_POINT('Origin',(22.85,-27.8,47.5));
#7715=CARTESIAN_POINT('',(22.85,-27.4,48.5));
#7716=CARTESIAN_POINT('',(22.85,-27.8,48.5));
#7717=CARTESIAN_POINT('Origin',(22.85,-27.4,47.5));
#7718=CARTESIAN_POINT('Origin',(0.,3.,48.5));
#7719=CARTESIAN_POINT('',(14.85,-27.4,48.5));
#7720=CARTESIAN_POINT('',(14.85,-27.8,48.5));
#7721=CARTESIAN_POINT('',(0.,-27.4,48.5));
#7722=CARTESIAN_POINT('Origin',(14.85,-27.8,47.5));
#7723=CARTESIAN_POINT('',(13.85,-27.4,47.5));
#7724=CARTESIAN_POINT('',(13.85,-27.8,47.5));
#7725=CARTESIAN_POINT('Origin',(14.85,-27.4,47.5));
#7726=CARTESIAN_POINT('Origin',(13.85,-27.8,47.5));
#7727=CARTESIAN_POINT('',(13.85,-2.12132034355965,45.5));
#7728=CARTESIAN_POINT('',(13.85,-27.8,45.5));
#7729=CARTESIAN_POINT('',(13.85,-22.6786796564404,45.5));
#7730=CARTESIAN_POINT('',(13.85,-27.8,45.5));
#7731=CARTESIAN_POINT('',(13.85,-27.4,45.5));
#7732=CARTESIAN_POINT('',(13.85,-27.8,45.5));
#7733=CARTESIAN_POINT('',(13.85,-27.4,48.));
#7734=CARTESIAN_POINT('Origin',(-10.2667367406594,-27.8,45.64026666732));
#7735=CARTESIAN_POINT('',(3.,4.44089209850063E-15,25.5));
#7736=CARTESIAN_POINT('',(3.,-27.8,25.5));
#7737=CARTESIAN_POINT('',(13.7441335048868,4.44089209850063E-15,43.3786796564404));
#7738=CARTESIAN_POINT('Origin',(-10.2667367406594,4.44089209850063E-15,
45.64026666732));
#7739=CARTESIAN_POINT('Origin',(-10.2667367406594,-2.2615870108797,45.64026666732));
#7740=CARTESIAN_POINT('Origin',(0.,-27.4,48.5));
#7741=CARTESIAN_POINT('',(34.6999992243946,-27.4,25.5));
#7742=CARTESIAN_POINT('Origin',(47.9667367406593,-27.4,45.6402666673201));
#7743=CARTESIAN_POINT('',(3.,-27.4,25.5));
#7744=CARTESIAN_POINT('Origin',(-10.2667367406594,-27.4,45.64026666732));
#7745=CARTESIAN_POINT('',(0.,-27.4,25.5));
#7746=CARTESIAN_POINT('',(17.35,-27.4,25.4999996436979));
#7747=CARTESIAN_POINT('',(0.,-27.4,-8.1));
#7748=CARTESIAN_POINT('',(0.,-27.4,34.35));
#7749=CARTESIAN_POINT('',(34.7,-27.4,-8.1));
#7750=CARTESIAN_POINT('',(0.,-27.4,-8.1));
#7751=CARTESIAN_POINT('',(34.7,-27.4,34.35));
#7752=CARTESIAN_POINT('Origin',(47.9667367406593,-27.8,45.6402666673201));
#7753=CARTESIAN_POINT('',(34.6999992243946,-24.8,25.5));
#7754=CARTESIAN_POINT('',(34.7,-27.8,25.4999994890955));
#7755=CARTESIAN_POINT('',(23.9558664951133,-24.8,43.3786796564404));
#7756=CARTESIAN_POINT('Origin',(47.9667367406593,-24.8,45.6402666673201));
#7757=CARTESIAN_POINT('Origin',(47.9667367406593,-22.5384129891203,45.6402666673201));
#7758=CARTESIAN_POINT('Origin',(3.,3.00000004470348,25.5));
#7759=CARTESIAN_POINT('',(0.,0.,25.5000003427267));
#7760=CARTESIAN_POINT('',(2.22044604925031E-15,7.00000010430813,25.5000003427267));
#7761=CARTESIAN_POINT('',(3.00000004470348,4.44089209850063E-15,25.5000003427267));
#7762=CARTESIAN_POINT('Origin',(34.7,-12.3999999776483,20.2));
#7763=CARTESIAN_POINT('',(34.6999992243946,4.44089209850063E-15,25.5));
#7764=CARTESIAN_POINT('',(34.7,-27.8,25.4999994890955));
#7765=CARTESIAN_POINT('',(34.7,0.,0.));
#7766=CARTESIAN_POINT('',(34.7,1.11022302462516E-15,31.7893398282202));
#7767=CARTESIAN_POINT('',(34.7,-2.,0.));
#7768=CARTESIAN_POINT('',(34.7,-6.19999998882413,0.));
#7769=CARTESIAN_POINT('',(34.7,-2.,-5.7));
#7770=CARTESIAN_POINT('',(34.7,-2.,10.1));
#7771=CARTESIAN_POINT('',(34.7,-22.8,-5.7));
#7772=CARTESIAN_POINT('',(34.7,-7.19999998882413,-5.7));
#7773=CARTESIAN_POINT('',(34.7,-22.8,0.));
#7774=CARTESIAN_POINT('',(34.7,-22.8,7.25));
#7775=CARTESIAN_POINT('',(34.7,-24.8,0.));
#7776=CARTESIAN_POINT('',(34.7,-6.19999998882413,0.));
#7777=CARTESIAN_POINT('',(34.7,-24.8,10.1));
#7778=CARTESIAN_POINT('',(34.7,-27.8,-8.1));
#7779=CARTESIAN_POINT('',(34.7,-26.55,-2.5));
#7780=CARTESIAN_POINT('Origin',(34.7,-25.3,-2.5));
#7781=CARTESIAN_POINT('',(34.7,-0.749999999999998,-2.5));
#7782=CARTESIAN_POINT('Origin',(34.7,0.500000000000002,-2.5));
#7783=CARTESIAN_POINT('Origin',(0.,-27.8,-8.1));
#7784=CARTESIAN_POINT('',(0.,3.00000004470348,-8.1));
#7785=CARTESIAN_POINT('Origin',(-7.26673674065935,-27.8,45.64026666732));
#7786=CARTESIAN_POINT('',(16.7441335048867,0.,43.3786796564404));
#7787=CARTESIAN_POINT('',(16.7692910189748,4.47034831374538E-8,43.6638974471776));
#7788=CARTESIAN_POINT('Origin',(-7.26673674065935,4.47034853578998E-8,45.64026666732));
#7789=CARTESIAN_POINT('',(16.7692910189748,-0.285217790737224,43.6638974471776));
#7790=CARTESIAN_POINT('',(16.7692910189748,-27.8,43.6638974471776));
#7791=CARTESIAN_POINT('Origin',(-7.26673674065935,-2.2615870108797,45.64026666732));
#7792=CARTESIAN_POINT('Origin',(44.9667367406593,-27.8,45.6402666673201));
#7793=CARTESIAN_POINT('',(20.9558664951133,-24.8,43.3786796564404));
#7794=CARTESIAN_POINT('',(20.9307089810252,-24.8,43.6638974471776));
#7795=CARTESIAN_POINT('Origin',(44.9667367406593,-24.8,45.6402666673201));
#7796=CARTESIAN_POINT('',(20.9307089810252,-24.5147822092628,43.6638974471776));
#7797=CARTESIAN_POINT('',(20.9307089810252,-27.8,43.6638974471776));
#7798=CARTESIAN_POINT('Origin',(44.9667367406593,-22.5384129891203,45.6402666673201));
#7799=CARTESIAN_POINT('Origin',(18.9374358871395,-27.8,43.5));
#7800=CARTESIAN_POINT('',(18.9374358871395,-24.8,45.5));
#7801=CARTESIAN_POINT('Origin',(18.9374358871395,-24.8,43.5));
#7802=CARTESIAN_POINT('',(18.9374358871395,-22.6786796564404,45.5));
#7803=CARTESIAN_POINT('',(18.9374358871395,-27.8,45.5));
#7804=CARTESIAN_POINT('Origin',(18.9374358871395,-24.6786796564404,43.5));
#7805=CARTESIAN_POINT('Origin',(34.7,-22.6786796564404,45.5));
#7806=CARTESIAN_POINT('',(18.7625641128605,4.47034831374538E-8,45.5));
#7807=CARTESIAN_POINT('',(18.9374358871395,4.47034831374538E-8,45.5));
#7808=CARTESIAN_POINT('',(26.775,4.47034809170077E-8,45.5));
#7809=CARTESIAN_POINT('',(18.9374358871395,-2.12132034355964,45.5));
#7810=CARTESIAN_POINT('',(18.9374358871395,-27.8,45.5));
#7811=CARTESIAN_POINT('',(34.7,-2.12132034355965,45.5));
#7812=CARTESIAN_POINT('',(34.7,-22.6786796564404,45.5));
#7813=CARTESIAN_POINT('',(18.7625641128605,-24.8,45.5));
#7814=CARTESIAN_POINT('',(26.775,-24.8,45.5));
#7815=CARTESIAN_POINT('',(18.7625641128605,-22.6786796564404,45.5));
#7816=CARTESIAN_POINT('',(18.7625641128605,-27.8,45.5));
#7817=CARTESIAN_POINT('',(34.7,-22.6786796564404,45.5));
#7818=CARTESIAN_POINT('',(18.7625641128605,-2.12132034355965,45.5));
#7819=CARTESIAN_POINT('',(34.7,-2.12132034355965,45.5));
#7820=CARTESIAN_POINT('',(18.7625641128605,-27.8,45.5));
#7821=CARTESIAN_POINT('Origin',(34.7,-24.8,0.));
#7822=CARTESIAN_POINT('',(34.7,-24.8,43.3786796564404));
#7823=CARTESIAN_POINT('',(3.00000000000001,-24.8,0.));
#7824=CARTESIAN_POINT('',(34.7,-24.8,0.));
#7825=CARTESIAN_POINT('',(3.00000004470348,-24.8,13.0000003427267));
#7826=CARTESIAN_POINT('',(3.00000000000001,-24.8,0.));
#7827=CARTESIAN_POINT('',(2.22044604925031E-15,-24.8,13.0000003427267));
#7828=CARTESIAN_POINT('',(3.00000004470348,-24.8,13.0000003427267));
#7829=CARTESIAN_POINT('',(2.22044604925031E-15,-24.8,25.5000003427267));
#7830=CARTESIAN_POINT('',(2.22044604925031E-15,-24.8,13.0000003427267));
#7831=CARTESIAN_POINT('',(3.,-24.8,25.5));
#7832=CARTESIAN_POINT('',(3.00000004470348,-24.8,25.5000003427267));
#7833=CARTESIAN_POINT('',(13.7441335048868,-24.8,43.3786796564404));
#7834=CARTESIAN_POINT('Origin',(-10.2667367406594,-24.8,45.64026666732));
#7835=CARTESIAN_POINT('',(16.7441335048867,-24.8,43.3786796564404));
#7836=CARTESIAN_POINT('',(34.7,-24.8,43.3786796564404));
#7837=CARTESIAN_POINT('',(16.7692910189748,-24.8,43.6638974471776));
#7838=CARTESIAN_POINT('Origin',(-7.26673674065935,-24.8,45.64026666732));
#7839=CARTESIAN_POINT('Origin',(18.7625641128605,-24.8,43.5));
#7840=CARTESIAN_POINT('Origin',(3.00000004470348,-31.8,13.0000003427267));
#7841=CARTESIAN_POINT('',(3.00000004470348,-22.8999999900878,13.0000003427267));
#7842=CARTESIAN_POINT('',(3.00000000000001,-22.1,13.0000003427267));
#7843=CARTESIAN_POINT('',(1.20000000000001,-22.8999999900878,13.0000003427267));
#7844=CARTESIAN_POINT('',(18.8500000223517,-22.8999999900878,13.0000003427267));
#7845=CARTESIAN_POINT('',(1.20000000000001,-1.89999999008783,13.0000003427267));
#7846=CARTESIAN_POINT('',(1.20000000000001,-22.0999999950439,13.0000003427267));
#7847=CARTESIAN_POINT('',(3.00000004470348,-1.89999999008784,13.0000003427267));
#7848=CARTESIAN_POINT('',(18.8500000223517,-1.89999999008783,13.0000003427267));
#7849=CARTESIAN_POINT('',(3.00000004470348,4.44089209850063E-15,13.0000003427267));
#7850=CARTESIAN_POINT('',(3.00000000000001,-22.1,13.0000003427267));
#7851=CARTESIAN_POINT('',(0.,0.,13.0000003427267));
#7852=CARTESIAN_POINT('',(1.50000002235172,2.22044604925031E-15,13.0000003427267));
#7853=CARTESIAN_POINT('',(2.22044604925031E-15,-31.7999998956919,13.0000001937151));
#7854=CARTESIAN_POINT('Origin',(0.,-12.3999999776483,20.2));
#7855=CARTESIAN_POINT('',(2.22044604925031E-15,7.00000010430813,25.5000003427267));
#7856=CARTESIAN_POINT('',(0.,0.,13.0000003427267));
#7857=CARTESIAN_POINT('Origin',(34.7,-1.89999999008784,23.3999999997236));
#7858=CARTESIAN_POINT('',(1.20000000000001,-1.89999999008783,5.39999999972356));
#7859=CARTESIAN_POINT('',(1.20000000000001,-1.89999999008783,5.39999999972356));
#7860=CARTESIAN_POINT('',(3.00000000000001,-1.89999999008783,5.39999999972356));
#7861=CARTESIAN_POINT('',(34.7,-1.89999999008783,5.39999999972356));
#7862=CARTESIAN_POINT('',(3.00000000000001,-1.89999999008784,23.0749999998618));
#7863=CARTESIAN_POINT('Origin',(1.20000000000001,-12.3999999900878,14.3999999997236));
#7864=CARTESIAN_POINT('',(1.20000000000001,-22.8999999900878,5.39999999972356));
#7865=CARTESIAN_POINT('',(1.20000000000001,-22.8999999900878,23.3999999997236));
#7866=CARTESIAN_POINT('',(1.20000000000001,-22.8999999900878,5.39999999972356));
#7867=CARTESIAN_POINT('Origin',(3.00000000000001,-12.4,22.75));
#7868=CARTESIAN_POINT('',(3.00000000000001,-22.8999999900878,5.39999999972356));
#7869=CARTESIAN_POINT('',(3.00000000000001,-7.14999999504391,5.39999999972356));
#7870=CARTESIAN_POINT('',(3.00000000000001,-22.8999999900878,14.0749999998618));
#7871=CARTESIAN_POINT('',(3.00000000000001,-22.8,0.));
#7872=CARTESIAN_POINT('',(3.00000000000001,0.,0.));
#7873=CARTESIAN_POINT('',(3.00000000000001,-22.8,-5.7));
#7874=CARTESIAN_POINT('',(3.00000000000001,-22.8,0.));
#7875=CARTESIAN_POINT('',(3.00000000000001,-2.,-5.7));
#7876=CARTESIAN_POINT('',(3.00000000000001,-22.8,-5.7));
#7877=CARTESIAN_POINT('',(3.00000000000001,-2.,0.));
#7878=CARTESIAN_POINT('',(3.00000000000001,-2.,-5.));
#7879=CARTESIAN_POINT('',(3.00000000000001,0.,0.));
#7880=CARTESIAN_POINT('',(3.00000000000001,0.,0.));
#7881=CARTESIAN_POINT('',(3.00000000000001,3.29739479288932E-15,45.5));
#7882=CARTESIAN_POINT('Origin',(34.7,-22.8999999900878,5.39999999972356));
#7883=CARTESIAN_POINT('',(34.7,-22.8999999900878,5.39999999972356));
#7884=CARTESIAN_POINT('Origin',(34.7,-27.8,25.4999996436979));
#7885=CARTESIAN_POINT('',(3.,-27.8,25.5));
#7886=CARTESIAN_POINT('Origin',(34.7,-2.,-5.7));
#7887=CARTESIAN_POINT('',(34.7,-2.,-5.7));
#7888=CARTESIAN_POINT('',(34.7,-22.8,-5.7));
#7889=CARTESIAN_POINT('Origin',(34.7,-2.,0.));
#7890=CARTESIAN_POINT('',(34.7,-2.,0.));
#7891=CARTESIAN_POINT('Origin',(34.7,-22.8,-5.7));
#7892=CARTESIAN_POINT('',(34.7,-22.8,0.));
#7893=CARTESIAN_POINT('Origin',(34.7,0.,0.));
#7894=CARTESIAN_POINT('',(34.7,0.,0.));
#7895=CARTESIAN_POINT('Origin',(-10.2667367406594,-27.8,45.64026666732));
#7896=CARTESIAN_POINT('Origin',(-10.2667367406594,-22.5384129891203,45.64026666732));
#7897=CARTESIAN_POINT('Origin',(47.9667367406593,-27.8,45.6402666673201));
#7898=CARTESIAN_POINT('',(23.9558664951133,0.,43.3786796564404));
#7899=CARTESIAN_POINT('Origin',(47.9667367406593,-2.26158701087971,45.6402666673201));
#7900=CARTESIAN_POINT('Origin',(47.9667367406593,4.44089209850063E-15,45.6402666673201));
#7901=CARTESIAN_POINT('Origin',(18.7625641128605,-27.8,43.5));
#7902=CARTESIAN_POINT('',(16.7692910189748,-24.5147822092628,43.6638974471776));
#7903=CARTESIAN_POINT('',(16.7692910189748,-27.8,43.6638974471776));
#7904=CARTESIAN_POINT('Origin',(18.7625641128605,-24.6786796564404,43.5));
#7905=CARTESIAN_POINT('Origin',(18.7625641128605,-27.8,43.5));
#7906=CARTESIAN_POINT('Origin',(18.7625641128605,4.47034853578998E-8,43.5));
#7907=CARTESIAN_POINT('Origin',(18.7625641128605,-0.121320343559628,43.5));
#7908=CARTESIAN_POINT('Origin',(-7.26673674065935,-27.8,45.64026666732));
#7909=CARTESIAN_POINT('Origin',(-7.26673674065935,-22.5384129891203,45.64026666732));
#7910=CARTESIAN_POINT('Origin',(44.9667367406593,-27.8,45.6402666673201));
#7911=CARTESIAN_POINT('',(20.9307089810252,4.47034831374538E-8,43.6638974471776));
#7912=CARTESIAN_POINT('',(20.9558664951133,8.88178419700125E-15,43.3786796564404));
#7913=CARTESIAN_POINT('Origin',(44.9667367406593,4.47034853578998E-8,45.6402666673201));
#7914=CARTESIAN_POINT('',(20.9307089810252,-0.285217790737233,43.6638974471776));
#7915=CARTESIAN_POINT('Origin',(44.9667367406593,-2.26158701087971,45.6402666673201));
#7916=CARTESIAN_POINT('',(20.9307089810252,-27.8,43.6638974471776));
#7917=CARTESIAN_POINT('Origin',(18.9374358871395,-27.8,43.5));
#7918=CARTESIAN_POINT('Origin',(18.9374358871395,4.47034853578998E-8,43.5));
#7919=CARTESIAN_POINT('Origin',(18.9374358871395,-0.121320343559641,43.5));
#7920=CARTESIAN_POINT('Origin',(34.7,-24.8,43.3786796564404));
#7921=CARTESIAN_POINT('Origin',(34.7,-24.8,43.3786796564404));
#7922=CARTESIAN_POINT('Origin',(34.7,-2.12132034355965,45.5));
#7923=CARTESIAN_POINT('',(34.7,3.14366225102331E-15,43.3786796564404));
#7924=CARTESIAN_POINT('Origin',(34.7,-2.12132034355965,45.5));
#7925=CARTESIAN_POINT('',(34.7,3.14366225102331E-15,43.3786796564404));
#7926=CARTESIAN_POINT('Origin',(34.7,3.14366225102331E-15,43.3786796564404));
#7927=CARTESIAN_POINT('Origin',(34.7,-1.89999999008783,5.39999999972356));
#7928=CARTESIAN_POINT('Origin',(34.7,0.,0.));
#7929=CARTESIAN_POINT('Origin',(34.7,-25.3,-2.5));
#7930=CARTESIAN_POINT('',(3.00000000000001,-26.55,-2.5));
#7931=CARTESIAN_POINT('',(34.7,-26.55,-2.5));
#7932=CARTESIAN_POINT('Origin',(3.00000000000001,-25.3,-2.5));
#7933=CARTESIAN_POINT('Origin',(3.00000000000001,-25.3,-2.5));
#7934=CARTESIAN_POINT('Origin',(34.7,0.500000000000002,-2.5));
#7935=CARTESIAN_POINT('',(3.00000000000001,-0.749999999999998,-2.5));
#7936=CARTESIAN_POINT('',(34.7,-0.749999999999998,-2.5));
#7937=CARTESIAN_POINT('Origin',(3.00000000000001,0.500000000000002,-2.5));
#7938=CARTESIAN_POINT('Origin',(3.00000000000001,0.500000000000002,-2.5));
#7939=CARTESIAN_POINT('Origin',(12.8,0.509049539216614,8.47171659042542));
#7940=CARTESIAN_POINT('',(16.7999778168642,55.,4.));
#7941=CARTESIAN_POINT('',(16.8,55.,4.0133660981795));
#7942=CARTESIAN_POINT('Origin',(12.8,55.,4.0133660981795));
#7943=CARTESIAN_POINT('',(16.8,-1.11230402851006E-14,8.51336609817951));
#7944=CARTESIAN_POINT('',(16.8,0.509049539216614,8.47171659042542));
#7945=CARTESIAN_POINT('',(14.9087971388598,7.37050927077274,4.50000000000001));
#7946=CARTESIAN_POINT('Ctrl Pts',(14.9087971388598,7.37050927077273,4.5));
#7947=CARTESIAN_POINT('Ctrl Pts',(15.4067693240268,6.59906449836629,4.87310398428233));
#7948=CARTESIAN_POINT('Ctrl Pts',(15.8318148490519,5.71791151404574,5.36404247034141));
#7949=CARTESIAN_POINT('Ctrl Pts',(16.1482415316614,4.62651283822969,5.93907843753103));
#7950=CARTESIAN_POINT('Ctrl Pts',(16.6028191483562,3.05861279634659,6.76517337150809));
#7951=CARTESIAN_POINT('Ctrl Pts',(16.7078004474964,1.50048145107607,7.47334408428165));
#7952=CARTESIAN_POINT('Ctrl Pts',(16.7722326794187,0.53949708309342,7.98457375169848));
#7953=CARTESIAN_POINT('Ctrl Pts',(16.7822804238683,0.353777057147299,8.09619058188838));
#7954=CARTESIAN_POINT('Ctrl Pts',(16.7921803389895,0.162618094434967,8.24559941568405));
#7955=CARTESIAN_POINT('Ctrl Pts',(16.7948796327935,0.107695311642857,8.29582818806046));
#7956=CARTESIAN_POINT('Ctrl Pts',(16.7978408725772,0.0460470222184035,8.37523393302433));
#7957=CARTESIAN_POINT('Ctrl Pts',(16.7987533476199,0.0266849537412336,8.40603060716772));
#7958=CARTESIAN_POINT('Ctrl Pts',(16.7997455662735,0.00548584187451087,
8.46230683450323));
#7959=CARTESIAN_POINT('Ctrl Pts',(16.7999888813675,0.000239218519325536,
8.48657546390731));
#7960=CARTESIAN_POINT('Ctrl Pts',(16.7999998765016,2.65709705336308E-6,
8.51221402385021));
#7961=CARTESIAN_POINT('Ctrl Pts',(16.8,-5.85884295854247E-14,8.51279030545599));
#7962=CARTESIAN_POINT('Ctrl Pts',(16.8,-5.85805275815643E-14,8.5133660981795));
#7963=CARTESIAN_POINT('',(12.8,-1.33226762955019E-14,4.50000000000001));
#7964=CARTESIAN_POINT('Origin',(12.8,49.0522523110826,4.50000000000002));
#7965=CARTESIAN_POINT('',(12.8,55.,5.55111512312578E-16));
#7966=CARTESIAN_POINT('',(12.8,0.18286675970773,4.48503817420574));
#7967=CARTESIAN_POINT('',(14.3821084129803,59.,5.55111512312578E-16));
#7968=CARTESIAN_POINT('Origin',(12.8,104.052252311083,1.11022302462516E-15));
#7969=CARTESIAN_POINT('Ctrl Pts',(16.7999778168642,55.,4.00000000000173));
#7970=CARTESIAN_POINT('Ctrl Pts',(16.7993440203234,54.9999999999999,3.80905848089812));
#7971=CARTESIAN_POINT('Ctrl Pts',(16.7849613833679,55.0138391086884,3.61664441179014));
#7972=CARTESIAN_POINT('Ctrl Pts',(16.691125129929,55.1077647342992,2.96690250489299));
#7973=CARTESIAN_POINT('Ctrl Pts',(16.5441884101347,55.2585922522835,2.52649618505989));
#7974=CARTESIAN_POINT('Ctrl Pts',(16.2460392835801,55.5773722539448,1.91072382394341));
#7975=CARTESIAN_POINT('Ctrl Pts',(16.0943347778763,55.7422933924023,1.66080332347841));
#7976=CARTESIAN_POINT('Ctrl Pts',(15.7642793391799,56.1147092915151,1.21439580481911));
#7977=CARTESIAN_POINT('Ctrl Pts',(15.5863884796976,56.3220587661703,1.01744767156428));
#7978=CARTESIAN_POINT('Ctrl Pts',(15.1937276428544,56.8065686965286,0.635935927536755));
#7979=CARTESIAN_POINT('Ctrl Pts',(14.9387866718673,57.1382126660983,0.438328601786293));
#7980=CARTESIAN_POINT('Ctrl Pts',(14.6217876049031,57.679858864876,0.219105543847662));
#7981=CARTESIAN_POINT('Ctrl Pts',(14.5277668537926,57.8678832859169,0.158283447568143));
#7982=CARTESIAN_POINT('Ctrl Pts',(14.3918498507482,58.259016085232,0.0640887626335672));
#7983=CARTESIAN_POINT('Ctrl Pts',(14.3508086400442,58.4623977930756,0.0306195369324989));
#7984=CARTESIAN_POINT('Ctrl Pts',(14.3508086400442,58.7839852425416,0.00430783652163985));
#7985=CARTESIAN_POINT('Ctrl Pts',(14.361798449325,58.8927427141784,-1.4885894413681E-16));
#7986=CARTESIAN_POINT('Ctrl Pts',(14.3821084129803,59.,-8.67361737988404E-17));
#7987=CARTESIAN_POINT('Origin',(24.3,42.5,0.));
#7988=CARTESIAN_POINT('',(98.7029133098295,59.,-2.2351753852454E-8));
#7989=CARTESIAN_POINT('',(20.55,59.,0.));
#7990=CARTESIAN_POINT('',(-9.19795385783949,55.,5.55890151226042E-16));
#7991=CARTESIAN_POINT('',(20.55,55.,5.55111512312578E-16));
#7992=CARTESIAN_POINT('',(-9.19999999999919,55.000006417216,0.));
#7993=CARTESIAN_POINT('',(20.55,55.,5.55111512312578E-16));
#7994=CARTESIAN_POINT('',(16.8,81.,0.));
#7995=CARTESIAN_POINT('Origin',(16.8,55.,0.));
#7996=CARTESIAN_POINT('',(58.3848641580588,81.,0.));
#7997=CARTESIAN_POINT('',(43.05,81.,0.));
#7998=CARTESIAN_POINT('',(67.640183306995,89.7000000000001,-2.23517474951381E-8));
#7999=CARTESIAN_POINT('',(41.5578498460718,65.1826065467321,0.));
#8000=CARTESIAN_POINT('',(95.3999999999999,89.7000000000001,-2.23517537811802E-8));
#8001=CARTESIAN_POINT('',(75.9499999999999,89.7000000000001,-2.23517493402881E-8));
#8002=CARTESIAN_POINT('',(95.3999999999999,86.7,-2.23517537811802E-8));
#8003=CARTESIAN_POINT('',(95.3999999999999,88.2000000000001,-2.23517537811802E-8));
#8004=CARTESIAN_POINT('',(115.4,75.8500000000001,-2.23517576669607E-8));
#8005=CARTESIAN_POINT('Origin',(115.54026666732,99.9667367406594,-2.23517587771838E-8));
#8006=CARTESIAN_POINT('',(117.4,75.8500000000001,-2.23517582220722E-8));
#8007=CARTESIAN_POINT('',(89.5999999999999,75.8500000000001,-2.23517521158456E-8));
#8008=CARTESIAN_POINT('',(118.4,74.8500000000001,2.23517226949355E-8));
#8009=CARTESIAN_POINT('Origin',(117.4,74.8500000000001,-2.23517582220722E-8));
#8010=CARTESIAN_POINT('',(118.4,66.8500000000001,-2.23517582220722E-8));
#8011=CARTESIAN_POINT('',(118.4,89.7000000000001,-2.23517587771838E-8));
#8012=CARTESIAN_POINT('',(117.4,65.8500000000001,-2.23517582220722E-8));
#8013=CARTESIAN_POINT('Origin',(117.4,66.8500000000001,-2.23517582220722E-8));
#8014=CARTESIAN_POINT('',(115.4,65.8500000000001,-2.23517576669607E-8));
#8015=CARTESIAN_POINT('',(88.5999999999999,65.8500000000001,-2.23517515607341E-8));
#8016=CARTESIAN_POINT('Origin',(115.54026666732,41.7332632593407,-2.23517571118492E-8));
#8017=CARTESIAN_POINT('Origin',(16.8,-1.33226762955019E-14,4.50000000000001));
#8018=CARTESIAN_POINT('',(-25.4239808380605,-1.33226762955019E-14,4.50000000000003));
#8019=CARTESIAN_POINT('',(4.7376566003779,-1.33226762955019E-14,4.50000000000002));
#8020=CARTESIAN_POINT('',(-9.19999999999999,16.0007048210462,3.19085142373259));
#8021=CARTESIAN_POINT('',(-16.7993994645299,8.50588903798616,3.80406362416478));
#8022=CARTESIAN_POINT('',(-9.19999999999999,54.6738172204911,0.0266876819598166));
#8023=CARTESIAN_POINT('',(-9.19999999999999,27.5,2.25));
#8024=CARTESIAN_POINT('Origin',(16.8,54.6738172204911,0.0266876819598177));
#8025=CARTESIAN_POINT('Origin',(20.55,59.,4.));
#8026=CARTESIAN_POINT('',(69.8999999999999,55.2530011926096,2.60000002235174));
#8027=CARTESIAN_POINT('',(69.8999999999999,55.0000000000001,4.));
#8028=CARTESIAN_POINT('Origin',(69.8999999999999,59.,4.));
#8029=CARTESIAN_POINT('',(20.55,55.,4.));
#8030=CARTESIAN_POINT('',(95.5689534412961,55.2530011926097,2.60000002235173));
#8031=CARTESIAN_POINT('Ctrl Pts',(98.7029133098295,59.,2.61943244872498E-15));
#8032=CARTESIAN_POINT('Ctrl Pts',(98.2179342928399,58.5270812775645,3.61590347961363E-15));
#8033=CARTESIAN_POINT('Ctrl Pts',(97.7135940213022,57.991175596734,0.0883955435884215));
#8034=CARTESIAN_POINT('Ctrl Pts',(96.8157851084023,56.9485107460255,0.520090381520422));
#8035=CARTESIAN_POINT('Ctrl Pts',(96.4216758315511,56.4428670215451,0.864749413173588));
#8036=CARTESIAN_POINT('Ctrl Pts',(95.9040100608782,55.739995345618,1.64080448042825));
#8037=CARTESIAN_POINT('Ctrl Pts',(95.7141282815691,55.4668362166103,2.05854270558028));
#8038=CARTESIAN_POINT('Ctrl Pts',(95.5817216554232,55.2718483502695,2.5503142955111));
#8039=CARTESIAN_POINT('Ctrl Pts',(95.5752523638805,55.2623059407151,2.57509653620115));
#8040=CARTESIAN_POINT('Ctrl Pts',(95.5689534412961,55.2530011926097,2.60000002235173));
#8041=CARTESIAN_POINT('',(20.55,55.2530011926096,2.60000002235175));
#8042=CARTESIAN_POINT('',(67.3999999999999,55.0531658219458,3.35000002235173));
#8043=CARTESIAN_POINT('Ctrl Pts',(67.3999999999999,55.0531658219458,3.35000002235173));
#8044=CARTESIAN_POINT('Ctrl Pts',(67.5561297284073,55.0531658219458,3.35000002235173));
#8045=CARTESIAN_POINT('Ctrl Pts',(67.7225745848541,55.057893532211,3.31890883616045));
#8046=CARTESIAN_POINT('Ctrl Pts',(68.0281610566339,55.0816774865369,3.19325507384418));
#8047=CARTESIAN_POINT('Ctrl Pts',(68.1672622396929,55.1012763327975,3.0986974612724));
#8048=CARTESIAN_POINT('Ctrl Pts',(68.3953196380556,55.1597774805498,2.87428556125138));
#8049=CARTESIAN_POINT('Ctrl Pts',(68.4944034479547,55.2042290805093,2.72713668518369));
#8050=CARTESIAN_POINT('Ctrl Pts',(68.6215849581069,55.3239373963073,2.41424410235862));
#8051=CARTESIAN_POINT('Ctrl Pts',(68.6499999999999,55.3997205166738,2.24883116979948));
#8052=CARTESIAN_POINT('Ctrl Pts',(68.6499999999999,55.5745935739717,1.92486104612027));
#8053=CARTESIAN_POINT('Ctrl Pts',(68.6116584434924,55.6891917100044,1.74642739664522));
#8054=CARTESIAN_POINT('Ctrl Pts',(68.4679627880021,55.930630980498,1.42725542569528));
#8055=CARTESIAN_POINT('Ctrl Pts',(68.3630543964017,56.0572612776998,1.28615724349596));
#8056=CARTESIAN_POINT('Ctrl Pts',(68.1405314758415,56.2590282443785,1.08390150456112));
#8057=CARTESIAN_POINT('Ctrl Pts',(68.0138726212984,56.352623011255,1.00006312736985));
#8058=CARTESIAN_POINT('Ctrl Pts',(67.7976256992581,56.456645358673,0.912378940006478));
#8059=CARTESIAN_POINT('Ctrl Pts',(67.7211203913296,56.4852607712482,0.889262467184921));
#8060=CARTESIAN_POINT('Ctrl Pts',(67.5630855558239,56.5243248905229,0.858076849976255));
#8061=CARTESIAN_POINT('Ctrl Pts',(67.481549578664,56.5347413643157,0.850000022351735));
#8062=CARTESIAN_POINT('Ctrl Pts',(67.3184504213359,56.5347413643157,0.850000022351735));
#8063=CARTESIAN_POINT('Ctrl Pts',(67.236914444176,56.5243248905229,0.858076849976255));
#8064=CARTESIAN_POINT('Ctrl Pts',(67.0788796086703,56.4852607712482,0.889262467184921));
#8065=CARTESIAN_POINT('Ctrl Pts',(67.0023743007418,56.456645358673,0.912378940006478));
#8066=CARTESIAN_POINT('Ctrl Pts',(66.7861273787015,56.352623011255,1.00006312736985));
#8067=CARTESIAN_POINT('Ctrl Pts',(66.6594685241584,56.2590282443785,1.08390150456112));
#8068=CARTESIAN_POINT('Ctrl Pts',(66.4369456035982,56.0572612776998,1.28615724349596));
#8069=CARTESIAN_POINT('Ctrl Pts',(66.3320372119978,55.930630980498,1.42725542569528));
#8070=CARTESIAN_POINT('Ctrl Pts',(66.1883415565075,55.6891917100044,1.74642739664522));
#8071=CARTESIAN_POINT('Ctrl Pts',(66.1499999999999,55.5745935739717,1.92486104612027));
#8072=CARTESIAN_POINT('Ctrl Pts',(66.1499999999999,55.3997205166738,2.24883116979948));
#8073=CARTESIAN_POINT('Ctrl Pts',(66.178415041893,55.3239373963073,2.41424410235861));
#8074=CARTESIAN_POINT('Ctrl Pts',(66.3055965520452,55.2042290805093,2.72713668518368));
#8075=CARTESIAN_POINT('Ctrl Pts',(66.4046803619443,55.1597774805498,2.87428556125138));
#8076=CARTESIAN_POINT('Ctrl Pts',(66.632737760307,55.1012763327975,3.0986974612724));
#8077=CARTESIAN_POINT('Ctrl Pts',(66.771838943366,55.0816774865369,3.19325507384418));
#8078=CARTESIAN_POINT('Ctrl Pts',(67.0774254151458,55.057893532211,3.31890883616045));
#8079=CARTESIAN_POINT('Ctrl Pts',(67.2438702715926,55.0531658219458,3.35000002235173));
#8080=CARTESIAN_POINT('Ctrl Pts',(67.3999999999999,55.0531658219458,3.35000002235173));
#8081=CARTESIAN_POINT('Origin',(16.8,55.,0.));
#8082=CARTESIAN_POINT('',(69.8999999999999,55.0000000000001,4.60000002235173));
#8083=CARTESIAN_POINT('',(69.8999999999999,55.0000000000001,8.80000001117587));
#8084=CARTESIAN_POINT('',(64.1999999999999,55.0000000000001,4.60000002235173));
#8085=CARTESIAN_POINT('',(79.9999999999999,55.0000000000001,4.60000002235173));
#8086=CARTESIAN_POINT('',(64.2,55.0000000000001,25.4000000223517));
#8087=CARTESIAN_POINT('',(64.1999999999999,55.0000000000001,9.80000001117587));
#8088=CARTESIAN_POINT('',(69.9,55.0000000000001,25.4000000223517));
#8089=CARTESIAN_POINT('',(77.1499999999999,55.0000000000001,25.4000000223517));
#8090=CARTESIAN_POINT('',(69.8999999999999,55.0000000000001,26.));
#8091=CARTESIAN_POINT('',(69.8999999999999,55.0000000000001,8.80000001117587));
#8092=CARTESIAN_POINT('',(16.7999507407347,55.,26.));
#8093=CARTESIAN_POINT('',(20.55,55.,26.));
#8094=CARTESIAN_POINT('',(16.8,55.,25.9800497515516));
#8095=CARTESIAN_POINT('Origin',(12.8,55.,25.9800497515517));
#8096=CARTESIAN_POINT('',(16.8,55.,0.));
#8097=CARTESIAN_POINT('Origin',(69.8999999999999,55.0000000000001,2.60000002235174));
#8098=CARTESIAN_POINT('',(69.8999999999999,86.7,2.60000002235174));
#8099=CARTESIAN_POINT('',(69.8999999999999,55.0000000000001,2.60000002235174));
#8100=CARTESIAN_POINT('',(69.8999999999999,86.7,4.60000002235173));
#8101=CARTESIAN_POINT('',(69.8999999999999,86.7,2.60000002235174));
#8102=CARTESIAN_POINT('',(69.8999999999999,55.0000000000001,4.60000002235173));
#8103=CARTESIAN_POINT('Origin',(113.27867965644,55.0000000000001,2.60000002235172));
#8104=CARTESIAN_POINT('',(113.27867965644,65.7441335048868,2.60000002235173));
#8105=CARTESIAN_POINT('Origin',(115.54026666732,41.7332632593407,2.60000002235172));
#8106=CARTESIAN_POINT('',(113.27867965644,68.7441335048868,2.60000002235172));
#8107=CARTESIAN_POINT('',(113.27867965644,55.0000000000001,2.60000002235172));
#8108=CARTESIAN_POINT('',(113.563897447178,68.7692910189749,2.59999997764824));
#8109=CARTESIAN_POINT('Origin',(115.54026666732,44.7332632593407,2.59999997764824));
#8110=CARTESIAN_POINT('',(115.4,70.7625641128606,2.59999997764824));
#8111=CARTESIAN_POINT('Origin',(113.4,70.7625641128606,2.59999997764824));
#8112=CARTESIAN_POINT('',(115.4,70.9374358871395,2.59999997764824));
#8113=CARTESIAN_POINT('',(115.4,62.9250000000001,2.59999997764824));
#8114=CARTESIAN_POINT('',(113.563897447178,72.9307089810253,2.59999997764824));
#8115=CARTESIAN_POINT('Origin',(113.4,70.9374358871395,2.59999997764824));
#8116=CARTESIAN_POINT('',(113.27867965644,72.9558664951133,2.60000002235173));
#8117=CARTESIAN_POINT('Origin',(115.54026666732,96.9667367406594,2.59999997764824));
#8118=CARTESIAN_POINT('',(113.27867965644,75.9558664951133,2.60000002235172));
#8119=CARTESIAN_POINT('',(113.27867965644,55.0000000000001,2.60000002235172));
#8120=CARTESIAN_POINT('',(95.3999999999999,86.7,2.60000002235173));
#8121=CARTESIAN_POINT('Origin',(115.54026666732,99.9667367406594,2.60000002235172));
#8122=CARTESIAN_POINT('',(95.4000003427267,89.7000000000001,2.60000002235173));
#8123=CARTESIAN_POINT('',(95.4000003427267,86.6999999552966,2.60000002235173));
#8124=CARTESIAN_POINT('',(82.9000003427267,89.7000000000001,2.60000002235173));
#8125=CARTESIAN_POINT('',(82.9000003427267,89.7000000000001,2.60000002235173));
#8126=CARTESIAN_POINT('',(82.9000003427267,86.6999999552966,2.60000002235173));
#8127=CARTESIAN_POINT('',(82.9000003427267,88.1999999776483,2.60000002235173));
#8128=CARTESIAN_POINT('',(115.4,86.7,2.60000002235172));
#8129=CARTESIAN_POINT('Origin',(115.54026666732,41.7332632593407,30.4000000223517));
#8130=CARTESIAN_POINT('',(115.4,65.8500000000001,4.72132036591137));
#8131=CARTESIAN_POINT('',(115.4,65.8500000000001,30.4000000223517));
#8132=CARTESIAN_POINT('Origin',(115.54026666732,41.7332632593407,4.86158703323143));
#8133=CARTESIAN_POINT('Origin',(67.3999999999999,55.0000000000001,2.10000002235173));
#8134=CARTESIAN_POINT('',(67.3999999999999,86.7,3.35000002235173));
#8135=CARTESIAN_POINT('',(67.3999999999999,55.0000000000001,3.35000002235173));
#8136=CARTESIAN_POINT('Origin',(67.3999999999999,86.7,2.10000002235173));
#8137=CARTESIAN_POINT('Origin',(12.8,26.6851435889553,23.1485641104472));
#8138=CARTESIAN_POINT('',(16.8,-1.11230402851006E-14,20.4800497515517));
#8139=CARTESIAN_POINT('',(15.0714204209896,7.11014503556544,24.5));
#8140=CARTESIAN_POINT('Ctrl Pts',(16.8,9.38376980286204E-14,20.4800497515517));
#8141=CARTESIAN_POINT('Ctrl Pts',(16.8,9.71238727692555E-14,20.4863531133175));
#8142=CARTESIAN_POINT('Ctrl Pts',(16.7999852534634,0.000317344572902419,
20.4926453922182));
#8143=CARTESIAN_POINT('Ctrl Pts',(16.7998121952922,0.00403901099948243,
20.5302364081199));
#8144=CARTESIAN_POINT('Ctrl Pts',(16.7993301790853,0.0144057780531792,20.5592158569226));
#8145=CARTESIAN_POINT('Ctrl Pts',(16.797685278976,0.0493156876458265,20.6273244141993));
#8146=CARTESIAN_POINT('Ctrl Pts',(16.7961922725697,0.0806344758530888,20.6665918133953));
#8147=CARTESIAN_POINT('Ctrl Pts',(16.7875013758343,0.257359606164299,20.8499339061628));
#8148=CARTESIAN_POINT('Ctrl Pts',(16.7744713777617,0.522336820529714,21.0144389718018));
#8149=CARTESIAN_POINT('Ctrl Pts',(16.6976870619996,1.61138926343822,21.5988646849886));
#8150=CARTESIAN_POINT('Ctrl Pts',(16.5790757690463,3.13125415857416,22.3264230099299));
#8151=CARTESIAN_POINT('Ctrl Pts',(16.1537821976174,4.60734258320152,23.1315981099196));
#8152=CARTESIAN_POINT('Ctrl Pts',(15.9515136853288,5.30936638443749,23.5145372854625));
#8153=CARTESIAN_POINT('Ctrl Pts',(15.6885825651919,5.98105554182687,23.8954001552696));
#8154=CARTESIAN_POINT('Ctrl Pts',(15.2552751244926,6.79625971688194,24.3351890170688));
#8155=CARTESIAN_POINT('Ctrl Pts',(15.1652786185964,6.95472562520353,24.4193847672503));
#8156=CARTESIAN_POINT('Ctrl Pts',(15.0714204209895,7.11014503556552,24.5));
#8157=CARTESIAN_POINT('',(16.8,26.6851435889553,23.1485641104472));
#8158=CARTESIAN_POINT('',(14.5394548476715,59.,30.));
#8159=CARTESIAN_POINT('Ctrl Pts',(14.5394548476715,59.,30.));
#8160=CARTESIAN_POINT('Ctrl Pts',(14.5124195573531,58.8687911981914,30.));
#8161=CARTESIAN_POINT('Ctrl Pts',(14.4977341838757,58.7359352217636,29.9935437706247));
#8162=CARTESIAN_POINT('Ctrl Pts',(14.4977341838757,58.3871068881813,29.9586609372665));
#8163=CARTESIAN_POINT('Ctrl Pts',(14.5360779965645,58.1786361755878,29.9202488214958));
#8164=CARTESIAN_POINT('Ctrl Pts',(14.6660678880552,57.7773681809056,29.8142247830737));
#8165=CARTESIAN_POINT('Ctrl Pts',(14.7569986989329,57.5843603609498,29.7465340579523));
#8166=CARTESIAN_POINT('Ctrl Pts',(15.0656013938922,57.0306712645051,29.5048481730944));
#8167=CARTESIAN_POINT('Ctrl Pts',(15.3161866380556,56.6945652160252,29.2896262289703));
#8168=CARTESIAN_POINT('Ctrl Pts',(15.6942429609212,56.2172600107081,28.8847855810228));
#8169=CARTESIAN_POINT('Ctrl Pts',(15.861060758809,56.0191285389683,28.6827170539248));
#8170=CARTESIAN_POINT('Ctrl Pts',(16.1691568839394,55.666284984917,28.2291051777596));
#8171=CARTESIAN_POINT('Ctrl Pts',(16.3099467234592,55.5117113167816,27.977122627107));
#8172=CARTESIAN_POINT('Ctrl Pts',(16.5849361765499,55.2156555439104,27.3584110876276));
#8173=CARTESIAN_POINT('Ctrl Pts',(16.7174819134588,55.0799317806127,26.9185392241803));
#8174=CARTESIAN_POINT('Ctrl Pts',(16.7895165185357,55.0089993756413,26.3093903202809));
#8175=CARTESIAN_POINT('Ctrl Pts',(16.799188823506,55.,26.1542891911975));
#8176=CARTESIAN_POINT('Ctrl Pts',(16.7999507407347,55.,25.9999999999994));
#8177=CARTESIAN_POINT('',(12.8,55.,30.));
#8178=CARTESIAN_POINT('Origin',(12.8,95.1995024844836,30.));
#8179=CARTESIAN_POINT('',(12.8,-1.05384986771011E-14,24.5));
#8180=CARTESIAN_POINT('',(12.8,26.2871287128713,27.1287128712871));
#8181=CARTESIAN_POINT('Origin',(12.8,40.1995024844836,24.5));
#8182=CARTESIAN_POINT('Origin',(16.8,55.,30.));
#8183=CARTESIAN_POINT('',(-9.19695336300803,55.,30.));
#8184=CARTESIAN_POINT('',(20.55,55.,30.));
#8185=CARTESIAN_POINT('',(-9.19999999999999,54.601985123916,29.9601985123916));
#8186=CARTESIAN_POINT('Origin',(16.8,54.601985123916,29.9601985123916));
#8187=CARTESIAN_POINT('',(-9.19999999999999,15.9288727244711,26.0928872724471));
#8188=CARTESIAN_POINT('',(-9.19999999999999,53.5148514851485,29.8514851485149));
#8189=CARTESIAN_POINT('',(-25.3511463866144,-8.71615931827126E-15,24.5));
#8190=CARTESIAN_POINT('',(-2.30346674511762,22.7304952116617,26.7730495211662));
#8191=CARTESIAN_POINT('',(-10.2623433996221,-9.43689570931383E-15,24.5));
#8192=CARTESIAN_POINT('Origin',(24.3,42.5,30.));
#8193=CARTESIAN_POINT('',(98.7029133098295,59.,30.0000000223517));
#8194=CARTESIAN_POINT('',(20.55,59.,30.));
#8195=CARTESIAN_POINT('',(115.4,65.8500000000001,30.0000000223517));
#8196=CARTESIAN_POINT('Origin',(115.54026666732,41.7332632593407,30.0000000223517));
#8197=CARTESIAN_POINT('',(117.4,65.8500000000001,30.0000000223517));
#8198=CARTESIAN_POINT('',(116.9,65.8500000000001,30.0000000223517));
#8199=CARTESIAN_POINT('',(118.4,66.8500000000001,30.0000000223517));
#8200=CARTESIAN_POINT('Origin',(117.4,66.8500000000001,30.0000000223517));
#8201=CARTESIAN_POINT('',(118.4,74.8500000000001,30.0000000223517));
#8202=CARTESIAN_POINT('',(118.4,89.7000000000001,30.0000000223517));
#8203=CARTESIAN_POINT('',(117.4,75.8500000000001,30.0000000223517));
#8204=CARTESIAN_POINT('Origin',(117.4,74.8500000000001,30.0000000223517));
#8205=CARTESIAN_POINT('',(115.4,75.8500000000001,30.0000000223517));
#8206=CARTESIAN_POINT('',(117.9,75.8500000000001,30.0000000223517));
#8207=CARTESIAN_POINT('',(95.3999999999999,86.7,30.0000000223517));
#8208=CARTESIAN_POINT('Origin',(115.54026666732,99.9667367406594,30.0000000223517));
#8209=CARTESIAN_POINT('',(95.3999999999999,89.7000000000001,30.0000000223517));
#8210=CARTESIAN_POINT('',(95.3999996436978,72.3500000000001,30.0000000223517));
#8211=CARTESIAN_POINT('',(67.640183306995,89.7000000000001,30.0000000223517));
#8212=CARTESIAN_POINT('',(104.25,89.7000000000001,30.0000000223517));
#8213=CARTESIAN_POINT('',(58.3848641580588,81.,30.));
#8214=CARTESIAN_POINT('',(41.5578498460718,65.1826065467321,30.));
#8215=CARTESIAN_POINT('',(16.8,81.,30.));
#8216=CARTESIAN_POINT('',(43.05,81.,30.));
#8217=CARTESIAN_POINT('',(-9.19999999999737,55.0000116590133,30.));
#8218=CARTESIAN_POINT('Origin',(16.8,55.,30.));
#8219=CARTESIAN_POINT('Ctrl Pts',(-9.19695336300803,55.,30.));
#8220=CARTESIAN_POINT('Ctrl Pts',(-9.19796955800003,55.,30.));
#8221=CARTESIAN_POINT('Ctrl Pts',(-9.1989850946634,55.0000038948659,29.9999999737541));
#8222=CARTESIAN_POINT('Ctrl Pts',(-9.19999997249473,55.0000116664724,29.9999999210344));
#8223=CARTESIAN_POINT('Origin',(20.55,59.,26.));
#8224=CARTESIAN_POINT('',(95.5689534526031,55.2530012093123,27.4000000223517));
#8225=CARTESIAN_POINT('Ctrl Pts',(95.5689534526031,55.2530012093123,27.4000000223517));
#8226=CARTESIAN_POINT('Ctrl Pts',(95.5752523716223,55.2623059521345,27.4249034934559));
#8227=CARTESIAN_POINT('Ctrl Pts',(95.5817216593947,55.2718483561181,27.4496857192394));
#8228=CARTESIAN_POINT('Ctrl Pts',(95.7141282815691,55.4668362166103,27.9414572944197));
#8229=CARTESIAN_POINT('Ctrl Pts',(95.9040100608782,55.739995345618,28.3591955195717));
#8230=CARTESIAN_POINT('Ctrl Pts',(96.4216758315511,56.4428670215451,29.1352505868264));
#8231=CARTESIAN_POINT('Ctrl Pts',(96.8157851084023,56.9485107460255,29.4799096184796));
#8232=CARTESIAN_POINT('Ctrl Pts',(97.7135940213022,57.991175596734,29.9116044564116));
#8233=CARTESIAN_POINT('Ctrl Pts',(98.2179342928399,58.5270812775645,30.));
#8234=CARTESIAN_POINT('Ctrl Pts',(98.7029133098295,59.,30.));
#8235=CARTESIAN_POINT('',(69.9,55.2530012093123,27.4000000223517));
#8236=CARTESIAN_POINT('Origin',(69.8999999999999,59.,26.));
#8237=CARTESIAN_POINT('',(20.55,55.2530012093123,27.4000000223517));
#8238=CARTESIAN_POINT('',(67.4,56.5347414214359,29.1500000223517));
#8239=CARTESIAN_POINT('Ctrl Pts',(67.4,56.5347414214359,29.1500000223517));
#8240=CARTESIAN_POINT('Ctrl Pts',(67.4815495788917,56.5347414214359,29.1500000223517));
#8241=CARTESIAN_POINT('Ctrl Pts',(67.563085556059,56.5243249472024,29.1419231946886));
#8242=CARTESIAN_POINT('Ctrl Pts',(67.7211203913302,56.4852608265314,29.1107375775107));
#8243=CARTESIAN_POINT('Ctrl Pts',(67.7976256990176,56.4566454130035,29.0876211047573));
#8244=CARTESIAN_POINT('Ctrl Pts',(68.0138726202391,56.3526230624343,28.9999369178375));
#8245=CARTESIAN_POINT('Ctrl Pts',(68.1405314741227,56.2590282930998,28.9160985412751));
#8246=CARTESIAN_POINT('Ctrl Pts',(68.3630543947689,56.057261320643,28.7138428032158));
#8247=CARTESIAN_POINT('Ctrl Pts',(68.4679627868274,55.930631019459,28.5727446209859));
#8248=CARTESIAN_POINT('Ctrl Pts',(68.6116584431464,55.689191741231,28.2535726494586));
#8249=CARTESIAN_POINT('Ctrl Pts',(68.65,55.5745936014318,28.075138999431));
#8250=CARTESIAN_POINT('Ctrl Pts',(68.65,55.3997205385117,27.7511688751796));
#8251=CARTESIAN_POINT('Ctrl Pts',(68.621584958212,55.3239374156859,27.585755942664));
#8252=CARTESIAN_POINT('Ctrl Pts',(68.4944034479768,55.2042290954563,27.2728633595135));
#8253=CARTESIAN_POINT('Ctrl Pts',(68.3953196378722,55.1597774935265,27.1257144830904));
#8254=CARTESIAN_POINT('Ctrl Pts',(68.1672622391351,55.1012763430431,26.9013025830494));
#8255=CARTESIAN_POINT('Ctrl Pts',(68.0281610562176,55.0816774956956,26.8067449706423));
#8256=CARTESIAN_POINT('Ctrl Pts',(67.7225745846764,55.0578935399292,26.6810912085158));
#8257=CARTESIAN_POINT('Ctrl Pts',(67.5561297283286,55.0531658293079,26.6500000223517));
#8258=CARTESIAN_POINT('Ctrl Pts',(67.2438702716714,55.0531658293079,26.6500000223517));
#8259=CARTESIAN_POINT('Ctrl Pts',(67.0774254153235,55.0578935399292,26.6810912085158));
#8260=CARTESIAN_POINT('Ctrl Pts',(66.7718389437823,55.0816774956956,26.8067449706423));
#8261=CARTESIAN_POINT('Ctrl Pts',(66.6327377608648,55.1012763430431,26.9013025830494));
#8262=CARTESIAN_POINT('Ctrl Pts',(66.4046803621277,55.1597774935265,27.1257144830904));
#8263=CARTESIAN_POINT('Ctrl Pts',(66.3055965520231,55.2042290954563,27.2728633595135));
#8264=CARTESIAN_POINT('Ctrl Pts',(66.1784150417879,55.3239374156859,27.585755942664));
#8265=CARTESIAN_POINT('Ctrl Pts',(66.15,55.3997205385117,27.7511688751796));
#8266=CARTESIAN_POINT('Ctrl Pts',(66.15,55.5745936014318,28.075138999431));
#8267=CARTESIAN_POINT('Ctrl Pts',(66.1883415568535,55.689191741231,28.2535726494586));
#8268=CARTESIAN_POINT('Ctrl Pts',(66.3320372131726,55.930631019459,28.5727446209859));
#8269=CARTESIAN_POINT('Ctrl Pts',(66.4369456052311,56.057261320643,28.7138428032158));
#8270=CARTESIAN_POINT('Ctrl Pts',(66.6594685258772,56.2590282930998,28.9160985412751));
#8271=CARTESIAN_POINT('Ctrl Pts',(66.7861273797608,56.3526230624343,28.9999369178375));
#8272=CARTESIAN_POINT('Ctrl Pts',(67.0023743009824,56.4566454130035,29.0876211047573));
#8273=CARTESIAN_POINT('Ctrl Pts',(67.0788796086697,56.4852608265314,29.1107375775107));
#8274=CARTESIAN_POINT('Ctrl Pts',(67.2369144439409,56.5243249472024,29.1419231946886));
#8275=CARTESIAN_POINT('Ctrl Pts',(67.3184504211082,56.5347414214359,29.1500000223517));
#8276=CARTESIAN_POINT('Ctrl Pts',(67.4,56.5347414214359,29.1500000223517));
#8277=CARTESIAN_POINT('Origin',(69.8999999999999,55.0000000000001,2.60000002235174));
#8278=CARTESIAN_POINT('',(69.9,86.7,25.4000000223517));
#8279=CARTESIAN_POINT('',(69.9,55.0000000000001,25.4000000223517));
#8280=CARTESIAN_POINT('',(69.9,86.7,27.4000000223517));
#8281=CARTESIAN_POINT('',(69.8999999999999,86.7,2.60000002235174));
#8282=CARTESIAN_POINT('',(69.9,55.0000000000001,27.4000000223517));
#8283=CARTESIAN_POINT('Origin',(67.4,55.0000000000001,27.9000000223517));
#8284=CARTESIAN_POINT('',(67.4,86.7,29.1500000223517));
#8285=CARTESIAN_POINT('',(67.4,55.0000000000001,29.1500000223517));
#8286=CARTESIAN_POINT('Origin',(67.4,86.7,27.9000000223517));
#8287=CARTESIAN_POINT('Origin',(43.05,81.,4.));
#8288=CARTESIAN_POINT('',(16.8,85.,4.));
#8289=CARTESIAN_POINT('Origin',(16.8,81.,4.));
#8290=CARTESIAN_POINT('',(56.8,85.,4.));
#8291=CARTESIAN_POINT('',(43.05,85.,4.));
#8292=CARTESIAN_POINT('Origin',(58.3848641580588,81.,4.));
#8293=CARTESIAN_POINT('Origin',(16.8,55.,4.));
#8294=CARTESIAN_POINT('',(-13.1994078135108,55.1884962563794,4.));
#8295=CARTESIAN_POINT('Origin',(16.8,55.,4.));
#8296=CARTESIAN_POINT('Ctrl Pts',(-9.19999998769096,55.000006419964,3.55481192046955E-8));
#8297=CARTESIAN_POINT('Ctrl Pts',(-9.32134278812024,55.0007679078321,4.2495636502713E-6));
#8298=CARTESIAN_POINT('Ctrl Pts',(-9.44228674312659,55.0017834759027,0.00589986010389143));
#8299=CARTESIAN_POINT('Ctrl Pts',(-9.56251816004512,55.0030300992586,0.0174104332305711));
#8300=CARTESIAN_POINT('Ctrl Pts',(-9.68656649674194,55.0043162984715,0.0292864261065368));
#8301=CARTESIAN_POINT('Ctrl Pts',(-9.80985699854193,55.0058484565847,0.0471396287148112));
#8302=CARTESIAN_POINT('Ctrl Pts',(-9.93204683545331,55.0076069523234,0.0707213576461861));
#8303=CARTESIAN_POINT('Ctrl Pts',(-10.0556023245867,55.009385101854,0.094566647290365));
#8304=CARTESIAN_POINT('Ctrl Pts',(-10.1780331529977,55.0113946971306,0.124269501816338));
#8305=CARTESIAN_POINT('Ctrl Pts',(-10.2989757912237,55.0136209673087,0.159625128109456));
#8306=CARTESIAN_POINT('Ctrl Pts',(-10.4201319209222,55.0158511673638,0.195043165185328));
#8307=CARTESIAN_POINT('Ctrl Pts',(-10.5397953610297,55.0182988362706,0.236134296107227));
#8308=CARTESIAN_POINT('Ctrl Pts',(-10.6575802776956,55.0209542475979,0.282740051980493));
#8309=CARTESIAN_POINT('Ctrl Pts',(-10.6766237655754,55.0213835750097,0.290275279514055));
#8310=CARTESIAN_POINT('Ctrl Pts',(-10.6956180905095,55.0218183432342,0.297954755963198));
#8311=CARTESIAN_POINT('Ctrl Pts',(-10.7145615507968,55.0222585229411,0.305777918193051));
#8312=CARTESIAN_POINT('Ctrl Pts',(-10.8348385101196,55.0250533384551,0.355449211136681));
#8313=CARTESIAN_POINT('Ctrl Pts',(-10.9524986182397,55.0280531362602,0.410673845129681));
#8314=CARTESIAN_POINT('Ctrl Pts',(-11.0671641364155,55.0312409870799,0.471180845074655));
#8315=CARTESIAN_POINT('Ctrl Pts',(-11.179072672809,55.0343521902136,0.53023303367613));
#8316=CARTESIAN_POINT('Ctrl Pts',(-11.2881295944505,55.0376425727245,0.594317248824853));
#8317=CARTESIAN_POINT('Ctrl Pts',(-11.3939662399382,55.0411019757156,0.663231664477632));
#8318=CARTESIAN_POINT('Ctrl Pts',(-11.5037139771921,55.0446892176275,0.734692746291226));
#8319=CARTESIAN_POINT('Ctrl Pts',(-11.6100000855465,55.0484582074401,0.811347755986785));
#8320=CARTESIAN_POINT('Ctrl Pts',(-11.7123808420371,55.0524032689911,0.893021037073782));
#8321=CARTESIAN_POINT('Ctrl Pts',(-11.808403937405,55.0561033493044,0.969622554074208));
#8322=CARTESIAN_POINT('Ctrl Pts',(-11.9009919796244,55.0599583885922,1.05063918200221));
#8323=CARTESIAN_POINT('Ctrl Pts',(-11.9897416859454,55.0639678510127,1.13596096022697));
#8324=CARTESIAN_POINT('Ctrl Pts',(-11.9956177781018,55.0642333163495,1.14161009026444));
#8325=CARTESIAN_POINT('Ctrl Pts',(-12.0014770286793,55.0644994600047,1.1472781041322));
#8326=CARTESIAN_POINT('Ctrl Pts',(-12.0073193138954,55.064766282398,1.15296497460445));
#8327=CARTESIAN_POINT('Ctrl Pts',(-12.0976622325149,55.068892324328,1.240904617615));
#8328=CARTESIAN_POINT('Ctrl Pts',(-12.1835379191143,55.0731611240757,1.332947981022));
#8329=CARTESIAN_POINT('Ctrl Pts',(-12.2645900133309,55.0775664130338,1.42889942999198));
#8330=CARTESIAN_POINT('Ctrl Pts',(-12.2856837211007,55.0787128840637,1.45387067649989));
#8331=CARTESIAN_POINT('Ctrl Pts',(-12.306450570271,55.0798686242102,1.47910683644994));
#8332=CARTESIAN_POINT('Ctrl Pts',(-12.3268839169641,55.081033574006,1.50460491400796));
#8333=CARTESIAN_POINT('Ctrl Pts',(-12.4043867356468,55.0854521792471,1.6013180423772));
#8334=CARTESIAN_POINT('Ctrl Pts',(-12.4770948043732,55.0900030178179,1.70179658924829));
#8335=CARTESIAN_POINT('Ctrl Pts',(-12.544920407256,55.0946639358444,1.80560412225687));
#8336=CARTESIAN_POINT('Ctrl Pts',(-12.6135467149106,55.0993798776251,1.91063713920506));
#8337=CARTESIAN_POINT('Ctrl Pts',(-12.6771749560573,55.1042085755384,2.01907895808446));
#8338=CARTESIAN_POINT('Ctrl Pts',(-12.7356694054882,55.1091300343535,2.13050615972124));
#8339=CARTESIAN_POINT('Ctrl Pts',(-12.7867947854295,55.1134314929405,2.22789587917137));
#8340=CARTESIAN_POINT('Ctrl Pts',(-12.8339978412862,55.1178038853016,2.32756694149699));
#8341=CARTESIAN_POINT('Ctrl Pts',(-12.8771571587418,55.1222351024537,2.42924729373611));
#8342=CARTESIAN_POINT('Ctrl Pts',(-12.9260510225256,55.1272550921247,2.5444378385584));
#8343=CARTESIAN_POINT('Ctrl Pts',(-12.9695321521368,55.132326871451,2.66167898019311));
#8344=CARTESIAN_POINT('Ctrl Pts',(-13.007525979696,55.137429491925,2.78053138168458));
#8345=CARTESIAN_POINT('Ctrl Pts',(-13.0459408213896,55.1425886551451,2.90070080081164));
#8346=CARTESIAN_POINT('Ctrl Pts',(-13.0787464120205,55.1477794106441,3.02251816820187));
#8347=CARTESIAN_POINT('Ctrl Pts',(-13.1058190080915,55.1529822981281,3.14555372562903));
#8348=CARTESIAN_POINT('Ctrl Pts',(-13.1327274258838,55.1581536333698,3.26784314973397));
#8349=CARTESIAN_POINT('Ctrl Pts',(-13.153972386881,55.1633370207115,3.39133685585357));
#8350=CARTESIAN_POINT('Ctrl Pts',(-13.1693826125967,55.168514517381,3.51562465465072));
#8351=CARTESIAN_POINT('Ctrl Pts',(-13.1844525161626,55.1735776732986,3.63716765972084));
#8352=CARTESIAN_POINT('Ctrl Pts',(-13.1939426239297,55.1786352560031,3.7594708136197));
#8353=CARTESIAN_POINT('Ctrl Pts',(-13.1976431020394,55.1836706684587,3.88215030547409));
#8354=CARTESIAN_POINT('Ctrl Pts',(-13.1987080352878,55.1851197725973,3.91745532982535));
#8355=CARTESIAN_POINT('Ctrl Pts',(-13.1992931537529,55.1865670387102,3.95279148248528));
#8356=CARTESIAN_POINT('Ctrl Pts',(-13.1993926553678,55.1880120635034,3.98814948093447));
#8357=CARTESIAN_POINT('Ctrl Pts',(-13.199403771688,55.1881735016702,3.99209967644656));
#8358=CARTESIAN_POINT('Ctrl Pts',(-13.1994088256568,55.1883348993811,3.99604985378317));
#8359=CARTESIAN_POINT('Ctrl Pts',(-13.1994078115753,55.1884962563673,4.00000000000073));
#8360=CARTESIAN_POINT('Origin',(-9.19999999999999,27.8261827795089,6.23667841621969));
#8361=CARTESIAN_POINT('',(-13.2,17.9905229791398,7.04141421806807));
#8362=CARTESIAN_POINT('',(-13.2,55.,4.0133660981795));
#8363=CARTESIAN_POINT('',(-13.2,27.8261827795089,6.23667841621969));
#8364=CARTESIAN_POINT('Origin',(-9.19999999999999,55.,4.0133660981795));
#8365=CARTESIAN_POINT('Origin',(-9.19999999999999,16.3268876005551,7.17752983995227));
#8366=CARTESIAN_POINT('Ctrl Pts',(-9.19795385783949,55.,-5.55111512312578E-16));
#8367=CARTESIAN_POINT('Ctrl Pts',(-9.19931793472101,54.8912781113782,0.00889542725087434));
#8368=CARTESIAN_POINT('Ctrl Pts',(-9.19999999999999,54.7825476659571,0.017791554603508));
#8369=CARTESIAN_POINT('Ctrl Pts',(-9.19999999999999,54.6738172204911,0.0266876819598155));
#8370=CARTESIAN_POINT('Ctrl Pts',(-10.3954368914188,55.0149242892145,-0.00122107820845956));
#8371=CARTESIAN_POINT('Ctrl Pts',(-10.3965986298677,54.9012053496502,0.00809303523243008));
#8372=CARTESIAN_POINT('Ctrl Pts',(-10.3970622317267,54.7875384978707,0.0173733941109127));
#8373=CARTESIAN_POINT('Ctrl Pts',(-10.3967972013675,54.6738172204911,0.0266876819598155));
#8374=CARTESIAN_POINT('Ctrl Pts',(-12.4688787086485,55.1227500939314,0.998696163773288));
#8375=CARTESIAN_POINT('Ctrl Pts',(-12.4697244150596,55.0004007890705,1.00824107086074));
#8376=CARTESIAN_POINT('Ctrl Pts',(-12.4697979277576,54.8780302397594,1.01779236290186));
#8377=CARTESIAN_POINT('Ctrl Pts',(-12.4691089900223,54.7556885267129,1.02733698022575));
#8378=CARTESIAN_POINT('Ctrl Pts',(-13.1985578632784,55.3031333196334,3.09148676092287));
#8379=CARTESIAN_POINT('Ctrl Pts',(-13.1998231639121,55.1776812690117,3.10057387702246));
#8380=CARTESIAN_POINT('Ctrl Pts',(-13.2003084740945,55.0522589571571,3.10967002821759));
#8381=CARTESIAN_POINT('Ctrl Pts',(-13.2,54.9268047554405,3.11875755356373));
#8382=CARTESIAN_POINT('Ctrl Pts',(-13.1976390667379,55.3763647455872,3.98667841621968));
#8383=CARTESIAN_POINT('Ctrl Pts',(-13.1992130016012,55.250916412562,3.99557384347055));
#8384=CARTESIAN_POINT('Ctrl Pts',(-13.2,55.1254582063069,4.00446997082319));
#8385=CARTESIAN_POINT('Ctrl Pts',(-13.2,55.,4.0133660981795));
#8386=CARTESIAN_POINT('Origin',(16.8,55.,4.0133660981795));
#8387=CARTESIAN_POINT('Origin',(-16.7993994645299,8.83207181749504,7.79074204038446));
#8388=CARTESIAN_POINT('',(-28.2327431466201,3.17413894033986,8.48667841621969));
#8389=CARTESIAN_POINT('Origin',(-25.4239808380605,0.326182779508867,8.48667841621969));
#8390=CARTESIAN_POINT('',(-13.2,18.,7.27365342042931));
#8391=CARTESIAN_POINT('',(-19.6081617730895,11.680027978326,7.79074204038446));
#8392=CARTESIAN_POINT('Origin',(-13.2,12.3819359932382,7.50029860782365));
#8393=CARTESIAN_POINT('Origin',(41.5578498460718,65.1826065467321,4.));
#8394=CARTESIAN_POINT('',(61.7999999999999,89.7000000000001,4.));
#8395=CARTESIAN_POINT('',(38.8182098110003,68.0971172223401,4.));
#8396=CARTESIAN_POINT('Origin',(67.640183306995,89.7000000000001,4.));
#8397=CARTESIAN_POINT('Ctrl Pts',(-25.4239808380605,-1.33226762955019E-14,
4.50000000000003));
#8398=CARTESIAN_POINT('Ctrl Pts',(-26.2468633350945,-1.33226762955019E-14,
4.50000000000003));
#8399=CARTESIAN_POINT('Ctrl Pts',(-27.6391843499639,-1.33226762955019E-14,
4.50000000000003));
#8400=CARTESIAN_POINT('Ctrl Pts',(-29.0730566578626,-1.33226762955019E-14,
4.50000000000003));
#8401=CARTESIAN_POINT('Ctrl Pts',(-29.6925931079319,-1.33226762955019E-14,
4.50000000000003));
#8402=CARTESIAN_POINT('Ctrl Pts',(-29.810531762016,-1.33226762955019E-14,
4.50000000000003));
#8403=CARTESIAN_POINT('Ctrl Pts',(-29.8105329450719,-2.38002965256956E-6,
4.49999701071287));
#8404=CARTESIAN_POINT('Ctrl Pts',(-25.8604467249866,0.439613524038742,4.46403162076049));
#8405=CARTESIAN_POINT('Ctrl Pts',(-26.6407954931346,0.411589626509607,4.55667190945422));
#8406=CARTESIAN_POINT('Ctrl Pts',(-27.9854630458506,0.292405029389263,4.67589025220874));
#8407=CARTESIAN_POINT('Ctrl Pts',(-29.3848180493554,0.1068930649886,4.66670917819123));
#8408=CARTESIAN_POINT('Ctrl Pts',(-29.9914810701446,0.0175953951433639,
4.58727303144758));
#8409=CARTESIAN_POINT('Ctrl Pts',(-30.1070915899328,-1.32997953635651E-14,
4.52907657890691));
#8410=CARTESIAN_POINT('Ctrl Pts',(-30.1070915899328,-1.33226762955019E-14,
4.50000000000003));
#8411=CARTESIAN_POINT('Ctrl Pts',(-26.7314177592488,1.34089840664186,4.68598961780985));
#8412=CARTESIAN_POINT('Ctrl Pts',(-27.4272882487805,1.19286878253386,4.91490980830558));
#8413=CARTESIAN_POINT('Ctrl Pts',(-28.6774826585601,0.784446513344677,5.17264076572298));
#8414=CARTESIAN_POINT('Ctrl Pts',(-30.0080919412779,0.237363498908583,5.05634295796067));
#8415=CARTESIAN_POINT('Ctrl Pts',(-30.589131263148,-0.0168483235668965,
4.78116191377463));
#8416=CARTESIAN_POINT('Ctrl Pts',(-30.7001253479015,-0.0663392413305731,
4.59364587528808));
#8417=CARTESIAN_POINT('Ctrl Pts',(-30.7001253479015,-0.0663392413305732,
4.50000000000004));
#8418=CARTESIAN_POINT('Ctrl Pts',(-27.9365963401189,2.67164551715762,6.01517221472038));
#8419=CARTESIAN_POINT('Ctrl Pts',(-28.571747068961,2.19236805505126,6.27851011136459));
#8420=CARTESIAN_POINT('Ctrl Pts',(-29.7472551184811,1.24108420296427,6.44443804183752));
#8421=CARTESIAN_POINT('Ctrl Pts',(-31.0210904605317,0.163286035995708,5.88918594147233));
#8422=CARTESIAN_POINT('Ctrl Pts',(-31.5801567845794,-0.316088563281895,
5.17151656306174));
#8423=CARTESIAN_POINT('Ctrl Pts',(-31.6870623133817,-0.408179067860741,
4.72348463232869));
#8424=CARTESIAN_POINT('Ctrl Pts',(-31.6870623133817,-0.408179067860742,
4.50000000000004));
#8425=CARTESIAN_POINT('Ctrl Pts',(-28.2707547256944,3.13665048034842,7.55741726504197));
#8426=CARTESIAN_POINT('Ctrl Pts',(-28.9938389423885,2.42082480339318,7.69937012683744));
#8427=CARTESIAN_POINT('Ctrl Pts',(-30.2670854494226,1.16728923464618,7.5847312427701));
#8428=CARTESIAN_POINT('Ctrl Pts',(-31.607284244084,-0.155067485015033,6.56920363294346));
#8429=CARTESIAN_POINT('Ctrl Pts',(-32.1910115025935,-0.730165207188749,
5.47877449026987));
#8430=CARTESIAN_POINT('Ctrl Pts',(-32.3025730497116,-0.839681564086922,
4.82556727367124));
#8431=CARTESIAN_POINT('Ctrl Pts',(-32.3025730497116,-0.839681564086923,
4.50000000000004));
#8432=CARTESIAN_POINT('Ctrl Pts',(-28.23274314662,3.17413894033988,8.48667841621971));
#8433=CARTESIAN_POINT('Ctrl Pts',(-29.0556256436535,2.36258103301359,8.55307860863731));
#8434=CARTESIAN_POINT('Ctrl Pts',(-30.4479466585235,0.989421276635467,8.26930586126481));
#8435=CARTESIAN_POINT('Ctrl Pts',(-31.881818966422,-0.424717939797348,6.97699730356228));
#8436=CARTESIAN_POINT('Ctrl Pts',(-32.5013554164914,-1.03572826842047,5.66302466136495));
#8437=CARTESIAN_POINT('Ctrl Pts',(-32.6192940705756,-1.15204383916902,4.88683811190124));
#8438=CARTESIAN_POINT('Ctrl Pts',(-32.6192940705756,-1.15204383916902,4.50000000000004));
#8439=CARTESIAN_POINT('',(-31.4493735984884,-1.33226762955019E-14,7.18561608657133));
#8440=CARTESIAN_POINT('',(-31.4511744545759,1.03115239123607E-15,7.3087623085596));
#8441=CARTESIAN_POINT('Ctrl Pts',(-31.4496786641079,-0.000472906004942222,
7.18584687089277));
#8442=CARTESIAN_POINT('Ctrl Pts',(-31.4509075155133,-0.0004364504721314,
7.22686761758219));
#8443=CARTESIAN_POINT('Ctrl Pts',(-31.4515323197788,-0.000404733906673441,
7.26790912589088));
#8444=CARTESIAN_POINT('Ctrl Pts',(-31.4515569906085,-0.000377271534166002,
7.30895996233777));
#8445=CARTESIAN_POINT('Ctrl Pts',(-31.4513695919669,-0.000192451891029607,
7.30914712767703));
#8446=CARTESIAN_POINT('Ctrl Pts',(-31.2043505503539,0.243427089421245,7.55584226358117));
#8447=CARTESIAN_POINT('Ctrl Pts',(-30.1962362095847,1.23766766166534,8.32060765508597));
#8448=CARTESIAN_POINT('Ctrl Pts',(-29.0556256436535,2.36258103301359,8.55307860863731));
#8449=CARTESIAN_POINT('Ctrl Pts',(-28.23274314662,3.17413894033988,8.48667841621971));
#8450=CARTESIAN_POINT('',(-25.7547152165547,-1.33226762955019E-14,4.50000000000003));
#8451=CARTESIAN_POINT('',(4.7376566003779,-1.33226762955019E-14,4.50000000000002));
#8452=CARTESIAN_POINT('',(-29.810531762016,-1.33226762955019E-14,4.50000000000003));
#8453=CARTESIAN_POINT('',(4.7376566003779,-1.33226762955019E-14,4.50000000000002));
#8454=CARTESIAN_POINT('',(-31.4646196901171,-0.358023458874276,4.50000000000003));
#8455=CARTESIAN_POINT('Ctrl Pts',(-29.8105329450719,-2.38002965256956E-6,
4.49999701071287));
#8456=CARTESIAN_POINT('Ctrl Pts',(-30.1070915899328,-1.33226762955019E-14,
4.50000000000003));
#8457=CARTESIAN_POINT('Ctrl Pts',(-30.6754344541536,-0.0635772144863953,
4.50000000000004));
#8458=CARTESIAN_POINT('Ctrl Pts',(-31.2170777831143,-0.245634226440764,
4.50000000000004));
#8459=CARTESIAN_POINT('Ctrl Pts',(-31.4645999243963,-0.358056557090292,
4.50000000000004));
#8460=CARTESIAN_POINT('Ctrl Pts',(-31.4646196901171,-0.358023458874277,
4.50000000000004));
#8461=CARTESIAN_POINT('Ctrl Pts',(-31.4646196901171,-0.358023458874277,
4.61300169148271));
#8462=CARTESIAN_POINT('Ctrl Pts',(-31.464419109358,-0.352845314830739,4.7238130946347));
#8463=CARTESIAN_POINT('Ctrl Pts',(-31.4640405435409,-0.343178048379206,
4.83624423467325));
#8464=CARTESIAN_POINT('Ctrl Pts',(-31.4634562371091,-0.32825687559713,5.00977875707538));
#8465=CARTESIAN_POINT('Ctrl Pts',(-31.462443197719,-0.302585375815819,5.18472085972522));
#8466=CARTESIAN_POINT('Ctrl Pts',(-31.4612545624669,-0.273288756759165,
5.3551238527197));
#8467=CARTESIAN_POINT('Ctrl Pts',(-31.4609475200741,-0.265720998694583,
5.39914151298176));
#8468=CARTESIAN_POINT('Ctrl Pts',(-31.460628876166,-0.257911126614429,5.44285629355832));
#8469=CARTESIAN_POINT('Ctrl Pts',(-31.4603033390892,-0.249981305577923,
5.48616569429983));
#8470=CARTESIAN_POINT('Ctrl Pts',(-31.4591562760337,-0.222039773279548,
5.63877078009827));
#8471=CARTESIAN_POINT('Ctrl Pts',(-31.4578565094596,-0.19102143537756,5.79500141466928));
#8472=CARTESIAN_POINT('Ctrl Pts',(-31.4565531378282,-0.160662254130831,
5.95351566233745));
#8473=CARTESIAN_POINT('Ctrl Pts',(-31.455542739223,-0.137127236450326,6.0763989374549));
#8474=CARTESIAN_POINT('Ctrl Pts',(-31.4545306891884,-0.113987367303898,
6.20065458338527));
#8475=CARTESIAN_POINT('Ctrl Pts',(-31.4535972589658,-0.0929641159563522,
6.32565742006445));
#8476=CARTESIAN_POINT('Ctrl Pts',(-31.4514588136362,-0.0448008225845269,
6.61203311884488));
#8477=CARTESIAN_POINT('Ctrl Pts',(-31.4497651564652,-0.0084244424404711,
6.89771776611146));
#8478=CARTESIAN_POINT('Ctrl Pts',(-31.4493735984885,-1.09789954905182E-12,
7.18561608657133));
#8479=CARTESIAN_POINT('Origin',(90.0999999999999,89.7000000000001,15.));
#8480=CARTESIAN_POINT('',(61.8,89.7000000000001,26.));
#8481=CARTESIAN_POINT('',(61.7999999999999,89.7000000000001,-0.400000022351747));
#8482=CARTESIAN_POINT('Origin',(67.640183306995,89.7000000000001,26.));
#8483=CARTESIAN_POINT('',(95.4000003427267,89.7000000000001,27.4000000223517));
#8484=CARTESIAN_POINT('',(95.4000003427267,89.7000000000001,-4.4000000819564));
#8485=CARTESIAN_POINT('',(82.9000003427267,89.7000000000001,27.4000000223517));
#8486=CARTESIAN_POINT('',(82.9000003427267,89.7000000000001,27.4000000223517));
#8487=CARTESIAN_POINT('',(82.900000193715,89.7000000000001,34.3999999180436));
#8488=CARTESIAN_POINT('',(95.4000003427267,89.7000000000001,-4.4000000819564));
#8489=CARTESIAN_POINT('Origin',(59.3,87.35,15.2000000111759));
#8490=CARTESIAN_POINT('',(56.8,85.,5.));
#8491=CARTESIAN_POINT('',(56.8,85.,15.2000000111759));
#8492=CARTESIAN_POINT('',(56.8,85.,22.));
#8493=CARTESIAN_POINT('',(56.8,85.,0.));
#8494=CARTESIAN_POINT('',(56.8,85.,26.));
#8495=CARTESIAN_POINT('',(56.8,85.,0.));
#8496=CARTESIAN_POINT('',(38.8182098110003,68.0971172223401,26.));
#8497=CARTESIAN_POINT('Origin',(61.8,85.,0.));
#8498=CARTESIAN_POINT('',(16.8,85.,5.));
#8499=CARTESIAN_POINT('',(16.8,85.,0.));
#8500=CARTESIAN_POINT('',(43.05,85.,5.));
#8501=CARTESIAN_POINT('Origin',(16.8,55.,0.));
#8502=CARTESIAN_POINT('',(-13.2,55.,5.01670762272437));
#8503=CARTESIAN_POINT('',(-13.2,55.,0.));
#8504=CARTESIAN_POINT('',(-13.1993050021655,55.2042042777423,5.));
#8505=CARTESIAN_POINT('Origin',(16.8,55.,5.01670762272437));
#8506=CARTESIAN_POINT('Origin',(16.8,55.,5.));
#8507=CARTESIAN_POINT('Origin',(-13.2,55.,0.));
#8508=CARTESIAN_POINT('',(-13.2,18.,8.04398034999711));
#8509=CARTESIAN_POINT('',(-13.2,18.,15.));
#8510=CARTESIAN_POINT('',(-13.2,27.9077284743861,7.23334802027461));
#8511=CARTESIAN_POINT('Origin',(-31.4511744545759,0.,30.));
#8512=CARTESIAN_POINT('',(-31.4511744545759,0.,9.5));
#8513=CARTESIAN_POINT('',(-31.4511744545759,0.,30.));
#8514=CARTESIAN_POINT('',(-31.2441206824956,0.204204277742371,9.50000000000001));
#8515=CARTESIAN_POINT('',(-20.4375040976067,10.862099144296,9.50000000000015));
#8516=CARTESIAN_POINT('',(-19.5767550891917,11.7110024403567,8.5585346957861));
#8517=CARTESIAN_POINT('Origin',(-13.2,-9.6900510844385E-15,0.));
#8518=CARTESIAN_POINT('',(-31.4493735984884,-1.33226762955019E-14,9.50000000000003));
#8519=CARTESIAN_POINT('Ctrl Pts',(-31.4493735984884,-1.33226762955019E-14,
9.50000000000003));
#8520=CARTESIAN_POINT('Ctrl Pts',(-31.4493735984884,-1.33226762955019E-14,
8.7285386955238));
#8521=CARTESIAN_POINT('Ctrl Pts',(-31.4493735984884,-1.33226762955019E-14,
7.95707739104756));
#8522=CARTESIAN_POINT('Ctrl Pts',(-31.4493735984884,-1.33226762955019E-14,
7.18561608657133));
#8523=CARTESIAN_POINT('',(-0.699999999999985,-1.02869102125425E-14,9.50000000000001));
#8524=CARTESIAN_POINT('Ctrl Pts',(-31.5246867992442,-5.00000000000002,24.5));
#8525=CARTESIAN_POINT('Ctrl Pts',(-31.5246867992442,-5.00000000000001,4.50000000000003));
#8526=CARTESIAN_POINT('Ctrl Pts',(-31.5246867992442,-4.54619729387234,24.5));
#8527=CARTESIAN_POINT('Ctrl Pts',(-31.5246867992442,-4.54619729387233,4.50000000000003));
#8528=CARTESIAN_POINT('Ctrl Pts',(-31.5232721407759,-3.65086452901134,24.5));
#8529=CARTESIAN_POINT('Ctrl Pts',(-31.5232721407759,-3.65086452901134,4.50000000000003));
#8530=CARTESIAN_POINT('Ctrl Pts',(-31.5169050109837,-2.34468353435465,24.5));
#8531=CARTESIAN_POINT('Ctrl Pts',(-31.5169050109837,-2.34468353435465,4.50000000000003));
#8532=CARTESIAN_POINT('Ctrl Pts',(-31.4932226278337,-0.678313366247187,
24.5));
#8533=CARTESIAN_POINT('Ctrl Pts',(-31.4932226278337,-0.678313366247183,
4.50000000000003));
#8534=CARTESIAN_POINT('Ctrl Pts',(-31.3998101541258,1.27047110009944,24.5));
#8535=CARTESIAN_POINT('Ctrl Pts',(-31.3998101541258,1.27047110009944,4.50000000000003));
#8536=CARTESIAN_POINT('Ctrl Pts',(-31.1941081750074,3.07433633367822,24.5));
#8537=CARTESIAN_POINT('Ctrl Pts',(-31.1941081750074,3.07433633367823,4.50000000000003));
#8538=CARTESIAN_POINT('Ctrl Pts',(-30.8289419263128,4.72363613817004,24.5));
#8539=CARTESIAN_POINT('Ctrl Pts',(-30.8289419263129,4.72363613817005,4.50000000000003));
#8540=CARTESIAN_POINT('Ctrl Pts',(-30.2706589948581,6.2131591749602,24.5));
#8541=CARTESIAN_POINT('Ctrl Pts',(-30.2706589948581,6.2131591749602,4.50000000000003));
#8542=CARTESIAN_POINT('Ctrl Pts',(-29.5097427355357,7.54514398358262,24.5));
#8543=CARTESIAN_POINT('Ctrl Pts',(-29.5097427355357,7.54514398358263,4.50000000000003));
#8544=CARTESIAN_POINT('Ctrl Pts',(-28.5766258571409,8.73376628801283,24.5));
#8545=CARTESIAN_POINT('Ctrl Pts',(-28.5766258571409,8.73376628801284,4.50000000000003));
#8546=CARTESIAN_POINT('Ctrl Pts',(-27.5330549838951,9.80323816314286,24.5));
#8547=CARTESIAN_POINT('Ctrl Pts',(-27.5330549838951,9.80323816314286,4.50000000000003));
#8548=CARTESIAN_POINT('Ctrl Pts',(-26.4547886240978,10.7836540704099,24.5));
#8549=CARTESIAN_POINT('Ctrl Pts',(-26.4547886240979,10.7836540704099,4.50000000000003));
#8550=CARTESIAN_POINT('Ctrl Pts',(-25.4168715846009,11.7077218426057,24.5));
#8551=CARTESIAN_POINT('Ctrl Pts',(-25.4168715846009,11.7077218426057,4.50000000000003));
#8552=CARTESIAN_POINT('Ctrl Pts',(-24.4794602710916,12.6074947446831,24.5));
#8553=CARTESIAN_POINT('Ctrl Pts',(-24.4794602710916,12.6074947446831,4.50000000000003));
#8554=CARTESIAN_POINT('Ctrl Pts',(-23.6694134269683,13.5106774308118,24.5));
#8555=CARTESIAN_POINT('Ctrl Pts',(-23.6694134269684,13.5106774308118,4.50000000000003));
#8556=CARTESIAN_POINT('Ctrl Pts',(-22.9833905160488,14.4397415660591,24.5));
#8557=CARTESIAN_POINT('Ctrl Pts',(-22.9833905160488,14.4397415660591,4.50000000000003));
#8558=CARTESIAN_POINT('Ctrl Pts',(-22.4014763326744,15.412285780671,24.5));
#8559=CARTESIAN_POINT('Ctrl Pts',(-22.4014763326744,15.412285780671,4.50000000000003));
#8560=CARTESIAN_POINT('Ctrl Pts',(-21.8962914260977,16.4410405668928,24.5));
#8561=CARTESIAN_POINT('Ctrl Pts',(-21.8962914260977,16.4410405668928,4.50000000000003));
#8562=CARTESIAN_POINT('Ctrl Pts',(-21.4453769346333,17.5335528930159,24.5));
#8563=CARTESIAN_POINT('Ctrl Pts',(-21.4453769346333,17.5335528930159,4.50000000000003));
#8564=CARTESIAN_POINT('Ctrl Pts',(-21.0357581392624,18.6934582946449,24.5));
#8565=CARTESIAN_POINT('Ctrl Pts',(-21.0357581392625,18.6934582946449,4.50000000000003));
#8566=CARTESIAN_POINT('Ctrl Pts',(-20.7354711784674,19.6762272669061,24.5));
#8567=CARTESIAN_POINT('Ctrl Pts',(-20.7354711784675,19.6762272669062,4.50000000000003));
#8568=CARTESIAN_POINT('Ctrl Pts',(-20.5245481617138,20.4440639118244,24.5));
#8569=CARTESIAN_POINT('Ctrl Pts',(-20.5245481617139,20.4440639118244,4.50000000000003));
#8570=CARTESIAN_POINT('Ctrl Pts',(-20.3902535791817,20.969571098178,24.5));
#8571=CARTESIAN_POINT('Ctrl Pts',(-20.3902535791817,20.969571098178,4.50000000000003));
#8572=CARTESIAN_POINT('Ctrl Pts',(-20.3246867992442,21.2357286802351,24.5));
#8573=CARTESIAN_POINT('Ctrl Pts',(-20.3246867992442,21.2357286802351,4.50000000000003));
#8574=CARTESIAN_POINT('',(-31.5246867992442,-5.00000000000001,4.50000000000003));
#8575=CARTESIAN_POINT('Ctrl Pts',(-31.5246867992442,-5.00000000000001,4.50000000000003));
#8576=CARTESIAN_POINT('Ctrl Pts',(-31.5246867992442,-4.54619729387233,4.50000000000003));
#8577=CARTESIAN_POINT('Ctrl Pts',(-31.5232721407759,-3.65086452901134,4.50000000000003));
#8578=CARTESIAN_POINT('Ctrl Pts',(-31.5186524719776,-2.70316536426388,4.50000000000003));
#8579=CARTESIAN_POINT('Ctrl Pts',(-31.5080344013792,-1.78515819030382,4.50000000000003));
#8580=CARTESIAN_POINT('Ctrl Pts',(-31.4848027797134,-0.898361943756487,
4.50000000000003));
#8581=CARTESIAN_POINT('Ctrl Pts',(-31.4673536729473,-0.428370193599641,
4.50000000000003));
#8582=CARTESIAN_POINT('Ctrl Pts',(-31.4646196901171,-0.358023458874276,
4.50000000000003));
#8583=CARTESIAN_POINT('',(-31.5246867992442,-5.00000000000002,24.5));
#8584=CARTESIAN_POINT('',(-31.5246867992442,-5.00000000000002,24.5));
#8585=CARTESIAN_POINT('',(-31.4646196901171,-0.35802345887427,24.5));
#8586=CARTESIAN_POINT('Ctrl Pts',(-31.5246867992442,-5.00000000000002,24.5));
#8587=CARTESIAN_POINT('Ctrl Pts',(-31.5246867992442,-4.54619729387234,24.5));
#8588=CARTESIAN_POINT('Ctrl Pts',(-31.5232721407759,-3.65086452901134,24.5));
#8589=CARTESIAN_POINT('Ctrl Pts',(-31.5186524719776,-2.70316536426388,24.5));
#8590=CARTESIAN_POINT('Ctrl Pts',(-31.5080344013792,-1.78515819030382,24.5));
#8591=CARTESIAN_POINT('Ctrl Pts',(-31.4848027797134,-0.898361943756487,
24.5));
#8592=CARTESIAN_POINT('Ctrl Pts',(-31.4673536729473,-0.428370193599638,
24.5));
#8593=CARTESIAN_POINT('Ctrl Pts',(-31.4646196901171,-0.35802345887427,24.5));
#8594=CARTESIAN_POINT('',(-31.4493735984884,-1.73874757212846E-14,21.8143839134291));
#8595=CARTESIAN_POINT('Ctrl Pts',(-31.4493735984884,-4.76285677564192E-14,
21.8143839134291));
#8596=CARTESIAN_POINT('Ctrl Pts',(-31.4497371630932,-0.00782215985283388,
22.0807410588942));
#8597=CARTESIAN_POINT('Ctrl Pts',(-31.451213821316,-0.0395631125317191,
22.3441352608936));
#8598=CARTESIAN_POINT('Ctrl Pts',(-31.4530670439411,-0.0810574361137031,
22.6020458716498));
#8599=CARTESIAN_POINT('Ctrl Pts',(-31.45424779978,-0.107494985594457,22.7663701441013));
#8600=CARTESIAN_POINT('Ctrl Pts',(-31.4555801761794,-0.137894178744847,
22.9284683912805));
#8601=CARTESIAN_POINT('Ctrl Pts',(-31.4568916057482,-0.168561662894913,
23.0876886700945));
#8602=CARTESIAN_POINT('Ctrl Pts',(-31.4576384941382,-0.186027479136194,
23.1783681701814));
#8603=CARTESIAN_POINT('Ctrl Pts',(-31.4583790547368,-0.203579528101181,
23.2681141849538));
#8604=CARTESIAN_POINT('Ctrl Pts',(-31.4590852445437,-0.220528827871114,
23.3568062824113));
#8605=CARTESIAN_POINT('Ctrl Pts',(-31.4606128491287,-0.25719294817997,23.548661862038));
#8606=CARTESIAN_POINT('Ctrl Pts',(-31.461963094608,-0.290676126925013,23.7334756621256));
#8607=CARTESIAN_POINT('Ctrl Pts',(-31.4629445469819,-0.31538742701001,23.9157219270607));
#8608=CARTESIAN_POINT('Ctrl Pts',(-31.4632848452423,-0.323955557928838,
23.9789120405739));
#8609=CARTESIAN_POINT('Ctrl Pts',(-31.4635810287231,-0.331468692202026,
24.041793481973));
#8610=CARTESIAN_POINT('Ctrl Pts',(-31.4638254545965,-0.337693083208204,
24.1045527565671));
#8611=CARTESIAN_POINT('Ctrl Pts',(-31.4641025938035,-0.344750530779715,
24.1757115718849));
#8612=CARTESIAN_POINT('Ctrl Pts',(-31.4643130729584,-0.350146843854935,
24.2466757903015));
#8613=CARTESIAN_POINT('Ctrl Pts',(-31.4644474743825,-0.353597262143924,
24.3181370237101));
#8614=CARTESIAN_POINT('Ctrl Pts',(-31.4645616338342,-0.356528018738309,
24.3788356009589));
#8615=CARTESIAN_POINT('Ctrl Pts',(-31.4646196901171,-0.358023458874274,
24.4392223956575));
#8616=CARTESIAN_POINT('Ctrl Pts',(-31.4646196901171,-0.358023458874274,
24.5));
#8617=CARTESIAN_POINT('',(-31.4493735984884,-1.66122259980949E-14,19.5));
#8618=CARTESIAN_POINT('Ctrl Pts',(-31.4493735984884,-1.73874757212846E-14,
21.8143839134291));
#8619=CARTESIAN_POINT('Ctrl Pts',(-31.4493735984884,-1.71860483614714E-14,
21.0429226089528));
#8620=CARTESIAN_POINT('Ctrl Pts',(-31.4493735984884,-1.69167572346592E-14,
20.2714613044764));
#8621=CARTESIAN_POINT('Ctrl Pts',(-31.4493735984884,-1.66122259980949E-14,
19.5));
#8622=CARTESIAN_POINT('',(-31.4547760711826,-0.119690116790523,19.5));
#8623=CARTESIAN_POINT('Ctrl Pts',(-31.4493735984884,-1.06858966120171E-14,
19.5));
#8624=CARTESIAN_POINT('Ctrl Pts',(-31.4512240086957,-0.0398119185552434,
19.5));
#8625=CARTESIAN_POINT('Ctrl Pts',(-31.4530242583957,-0.0797087517789474,
19.5));
#8626=CARTESIAN_POINT('Ctrl Pts',(-31.4547760711826,-0.119690116790525,
19.5));
#8627=CARTESIAN_POINT('',(-31.4547760711826,-0.119690116790612,9.5));
#8628=CARTESIAN_POINT('Ctrl Pts',(-31.4547760711826,-0.119690116790523,
19.5));
#8629=CARTESIAN_POINT('Ctrl Pts',(-31.4547760711826,-0.119690116790553,
16.1666666666667));
#8630=CARTESIAN_POINT('Ctrl Pts',(-31.4547760711826,-0.119690116790582,
12.8333333333333));
#8631=CARTESIAN_POINT('Ctrl Pts',(-31.4547760711826,-0.119690116790612,
9.5));
#8632=CARTESIAN_POINT('Ctrl Pts',(-31.4547760711826,-0.119690116790613,
9.5));
#8633=CARTESIAN_POINT('Ctrl Pts',(-31.4530242583957,-0.079708751779005,
9.5));
#8634=CARTESIAN_POINT('Ctrl Pts',(-31.4512240086957,-0.039811918555271,
9.5));
#8635=CARTESIAN_POINT('Ctrl Pts',(-31.4493735984884,-8.46545056276682E-15,
9.5));
#8636=CARTESIAN_POINT('Origin',(-2.30346674511762,23.1285100877457,22.7929007603262));
#8637=CARTESIAN_POINT('',(-13.2,18.,21.9952541354686));
#8638=CARTESIAN_POINT('',(-28.1599086951739,3.24597103691499,20.5198512391601));
#8639=CARTESIAN_POINT('',(-5.11222905367718,25.9764662485767,22.7929007603262));
#8640=CARTESIAN_POINT('Origin',(-25.3511463866144,0.398014876083992,20.5198512391601));
#8641=CARTESIAN_POINT('',(-13.2,17.9858834718008,22.2786380987317));
#8642=CARTESIAN_POINT('Origin',(-9.19999999999999,16.3268876005551,22.1127385116072));
#8643=CARTESIAN_POINT('Origin',(-13.2,12.3819359932382,21.7182433508755));
#8644=CARTESIAN_POINT('Origin',(-9.19999999999999,53.9128663612325,25.8713363876749));
#8645=CARTESIAN_POINT('',(-13.2,55.,25.9800497515516));
#8646=CARTESIAN_POINT('Origin',(-9.19999999999999,55.,25.9800497515516));
#8647=CARTESIAN_POINT('',(-13.2,53.9128663612325,25.8713363876749));
#8648=CARTESIAN_POINT('Ctrl Pts',(-9.19999999999998,54.601985123916,29.9601985123916));
#8649=CARTESIAN_POINT('Ctrl Pts',(-9.19999999999998,54.7346619316008,29.9734661931601));
#8650=CARTESIAN_POINT('Ctrl Pts',(-9.19898441466841,54.8673387391641,29.9867338739164));
#8651=CARTESIAN_POINT('Ctrl Pts',(-9.19695336300803,55.,30.));
#8652=CARTESIAN_POINT('Ctrl Pts',(-10.3967972013675,54.601985123916,29.9601985123916));
#8653=CARTESIAN_POINT('Ctrl Pts',(-10.3971918201447,54.7407315123263,29.9740877963288));
#8654=CARTESIAN_POINT('Ctrl Pts',(-10.3965016586826,54.8794149952637,29.9879268169599));
#8655=CARTESIAN_POINT('Ctrl Pts',(-10.3947721353387,55.0181571043994,30.0018157104399));
#8656=CARTESIAN_POINT('Ctrl Pts',(-12.4689465311912,54.7019076279889,28.9609734716628));
#8657=CARTESIAN_POINT('Ctrl Pts',(-12.4699723297736,54.851161739262,28.9752051445488));
#8658=CARTESIAN_POINT('Ctrl Pts',(-12.4698625267553,55.0004534641633,28.9894461742864));
#8659=CARTESIAN_POINT('Ctrl Pts',(-12.4686039325339,55.1497213130428,29.0036784847698));
#8660=CARTESIAN_POINT('Ctrl Pts',(-13.2,54.9106856706625,26.8731930449266));
#8661=CARTESIAN_POINT('Ctrl Pts',(-13.200459304626,55.0637600654054,26.886745242284));
#8662=CARTESIAN_POINT('Ctrl Pts',(-13.1997368186983,55.2167973704598,26.9003103801777));
#8663=CARTESIAN_POINT('Ctrl Pts',(-13.1978530640637,55.3698678416618,26.9138616670237));
#8664=CARTESIAN_POINT('Ctrl Pts',(-13.2,55.,25.9800497515516));
#8665=CARTESIAN_POINT('Ctrl Pts',(-13.2,55.1530886242516,25.9933174323201));
#8666=CARTESIAN_POINT('Ctrl Pts',(-13.1988281707713,55.3061772483632,26.0065851130765));
#8667=CARTESIAN_POINT('Ctrl Pts',(-13.1964846496247,55.4592479339431,26.01985123916));
#8668=CARTESIAN_POINT('',(-13.1991168233613,55.230195174404,26.));
#8669=CARTESIAN_POINT('Origin',(16.8,55.,25.9800497515516));
#8670=CARTESIAN_POINT('Ctrl Pts',(-9.19999997249473,55.0000116664724,29.9999999210344));
#8671=CARTESIAN_POINT('Ctrl Pts',(-9.32132217267437,55.0009408940236,29.9999936368687));
#8672=CARTESIAN_POINT('Ctrl Pts',(-9.44224355211146,55.0021803488171,29.994097616442));
#8673=CARTESIAN_POINT('Ctrl Pts',(-9.56245080195529,55.0037019224478,29.9825883411812));
#8674=CARTESIAN_POINT('Ctrl Pts',(-9.68647300681801,55.0052717854701,29.9707138020325));
#8675=CARTESIAN_POINT('Ctrl Pts',(-9.8097356963439,55.0071419588634,29.9528639867694));
#8676=CARTESIAN_POINT('Ctrl Pts',(-9.93189650704433,55.0092884801654,29.9292877660832));
#8677=CARTESIAN_POINT('Ctrl Pts',(-10.0554260744172,55.0114590522685,29.9054473844997));
#8678=CARTESIAN_POINT('Ctrl Pts',(-10.1778296764523,55.013912224683,29.8757512826095));
#8679=CARTESIAN_POINT('Ctrl Pts',(-10.2987442853368,55.0166299448064,29.8404045982897));
#8680=CARTESIAN_POINT('Ctrl Pts',(-10.4198824682455,55.0193526900598,29.8049925570992));
#8681=CARTESIAN_POINT('Ctrl Pts',(-10.539526905435,55.0223409967008,29.7639086718741));
#8682=CARTESIAN_POINT('Ctrl Pts',(-10.6572922308571,55.0255829588747,29.7173119118141));
#8683=CARTESIAN_POINT('Ctrl Pts',(-10.6762148678121,55.0261038802326,29.709824703073));
#8684=CARTESIAN_POINT('Ctrl Pts',(-10.6950889325825,55.0266313629971,29.7021950683903));
#8685=CARTESIAN_POINT('Ctrl Pts',(-10.7139127569801,55.0271653718624,29.6944235629069));
#8686=CARTESIAN_POINT('Ctrl Pts',(-10.8341678716899,55.0305768623224,29.6447756665155));
#8687=CARTESIAN_POINT('Ctrl Pts',(-10.9518058504492,55.0342386107703,29.589576864634));
#8688=CARTESIAN_POINT('Ctrl Pts',(-11.0664496162777,55.0381299166771,29.529098662349));
#8689=CARTESIAN_POINT('Ctrl Pts',(-11.1783467849696,55.0419279959738,29.47006937668));
#8690=CARTESIAN_POINT('Ctrl Pts',(-11.2873921950109,55.0459448390698,29.406010004516));
#8691=CARTESIAN_POINT('Ctrl Pts',(-11.393217802061,55.0501680030428,29.3371230239247));
#8692=CARTESIAN_POINT('Ctrl Pts',(-11.502939758492,55.0545466579485,29.2656997220056));
#8693=CARTESIAN_POINT('Ctrl Pts',(-11.6092014963798,55.0591471121793,29.1890866345304));
#8694=CARTESIAN_POINT('Ctrl Pts',(-11.7115602767058,55.0639623872235,29.1074601701349));
#8695=CARTESIAN_POINT('Ctrl Pts',(-11.8076042157301,55.0684805925132,29.0308695040075));
#8696=CARTESIAN_POINT('Ctrl Pts',(-11.9002122454075,55.0731880224338,28.9498642260758));
#8697=CARTESIAN_POINT('Ctrl Pts',(-11.9889814953639,55.078083974517,28.8645551399667));
#8698=CARTESIAN_POINT('Ctrl Pts',(-11.9948180294716,55.0784058809355,28.8589461099138));
#8699=CARTESIAN_POINT('Ctrl Pts',(-12.000637953412,55.0787286039838,28.8533184634413));
#8700=CARTESIAN_POINT('Ctrl Pts',(-12.0064411460956,55.0790521441497,28.8476722274565));
#8701=CARTESIAN_POINT('Ctrl Pts',(-12.096797529471,55.0840897020713,28.7597596780926));
#8702=CARTESIAN_POINT('Ctrl Pts',(-12.182687471036,55.0893015030417,28.6677455366233));
#8703=CARTESIAN_POINT('Ctrl Pts',(-12.2637551803774,55.094679842807,28.5718261043983));
#8704=CARTESIAN_POINT('Ctrl Pts',(-12.2850654973156,55.0960936501779,28.5466117062382));
#8705=CARTESIAN_POINT('Ctrl Pts',(-12.306042431477,55.0975189963413,28.5211272238969));
#8706=CARTESIAN_POINT('Ctrl Pts',(-12.3266791466458,55.0989558056296,28.4953757566108));
#8707=CARTESIAN_POINT('Ctrl Pts',(-12.4041607054476,55.1043503765413,28.3986906102378));
#8708=CARTESIAN_POINT('Ctrl Pts',(-12.4768495061023,55.1099062203977,28.2982445326648));
#8709=CARTESIAN_POINT('Ctrl Pts',(-12.5446579654305,55.1155963339634,28.1944732668633));
#8710=CARTESIAN_POINT('Ctrl Pts',(-12.6132691670216,55.1213538092519,28.0894735174543));
#8711=CARTESIAN_POINT('Ctrl Pts',(-12.6768841512709,55.1272488279837,27.9810686347491));
#8712=CARTESIAN_POINT('Ctrl Pts',(-12.7353673533617,55.1332570211084,27.8696813848395));
#8713=CARTESIAN_POINT('Ctrl Pts',(-12.7863718117954,55.13849689556,27.7725381684124));
#8714=CARTESIAN_POINT('Ctrl Pts',(-12.8334724948037,55.1438229384561,27.6731258074076));
#8715=CARTESIAN_POINT('Ctrl Pts',(-12.8765489341631,55.1492204911642,27.5717141441192));
#8716=CARTESIAN_POINT('Ctrl Pts',(-12.9257417489305,55.1553844363398,27.4559031522731));
#8717=CARTESIAN_POINT('Ctrl Pts',(-12.9695179034978,55.1616187579304,27.3378841649874));
#8718=CARTESIAN_POINT('Ctrl Pts',(-13.0077635026608,55.1678986950762,27.2180897170092));
#8719=CARTESIAN_POINT('Ctrl Pts',(-13.0459966321227,55.1741765846938,27.0983343271448));
#8720=CARTESIAN_POINT('Ctrl Pts',(-13.0787030789966,55.1805001417255,26.9768038165207));
#8721=CARTESIAN_POINT('Ctrl Pts',(-13.1057201246102,55.1868466284174,26.8539139072876));
#8722=CARTESIAN_POINT('Ctrl Pts',(-13.1091412959101,55.1876502846882,26.8383523452825));
#8723=CARTESIAN_POINT('Ctrl Pts',(-13.1124711690896,55.1884543103202,26.8227689730565));
#8724=CARTESIAN_POINT('Ctrl Pts',(-13.1157093542907,55.1892586604041,26.807164626327));
#8725=CARTESIAN_POINT('Ctrl Pts',(-13.1413144726444,55.1956188522458,26.6837772596289));
#8726=CARTESIAN_POINT('Ctrl Pts',(-13.1611309738139,55.2019841801306,26.5593686528197));
#8727=CARTESIAN_POINT('Ctrl Pts',(-13.1750187768468,55.208331897823,26.4343608894779));
#8728=CARTESIAN_POINT('Ctrl Pts',(-13.1887214004056,55.2145949752723,26.3110199752268));
#8729=CARTESIAN_POINT('Ctrl Pts',(-13.1966525233252,55.2208409874203,26.187094979995));
#8730=CARTESIAN_POINT('Ctrl Pts',(-13.1986273540604,55.2270487849949,26.0629856428092));
#8731=CARTESIAN_POINT('Ctrl Pts',(-13.1989021768736,55.2279126789794,26.0457142500919));
#8732=CARTESIAN_POINT('Ctrl Pts',(-13.1990615659587,55.2287758329289,26.0284392892656));
#8733=CARTESIAN_POINT('Ctrl Pts',(-13.1991049422336,55.2296381896222,26.011161842168));
#8734=CARTESIAN_POINT('Ctrl Pts',(-13.1991142831505,55.229823894879,26.0074412091921));
#8735=CARTESIAN_POINT('Ctrl Pts',(-13.1991182436862,55.2300095567496,26.0037205915323));
#8736=CARTESIAN_POINT('Ctrl Pts',(-13.1991168190705,55.2301951743712,25.9999999999971));
#8737=CARTESIAN_POINT('Origin',(43.05,81.,26.));
#8738=CARTESIAN_POINT('',(16.8,85.,26.));
#8739=CARTESIAN_POINT('',(43.05,85.,26.));
#8740=CARTESIAN_POINT('Origin',(16.8,81.,26.));
#8741=CARTESIAN_POINT('Origin',(58.3848641580588,81.,26.));
#8742=CARTESIAN_POINT('Origin',(16.8,55.,26.));
#8743=CARTESIAN_POINT('Origin',(16.8,55.,26.));
#8744=CARTESIAN_POINT('Origin',(41.5578498460718,65.1826065467321,26.));
#8745=CARTESIAN_POINT('Ctrl Pts',(-29.8105329859077,-2.40679842303747E-6,
24.5000029511711));
#8746=CARTESIAN_POINT('Ctrl Pts',(-29.810531762016,-8.32667268468867E-15,
24.5));
#8747=CARTESIAN_POINT('Ctrl Pts',(-29.6234182191834,-8.38801322912007E-15,
24.5));
#8748=CARTESIAN_POINT('Ctrl Pts',(-28.6093491859105,-8.49543376963314E-15,
24.5));
#8749=CARTESIAN_POINT('Ctrl Pts',(-27.0272660306775,-8.59452893662536E-15,
24.5));
#8750=CARTESIAN_POINT('Ctrl Pts',(-25.9064277650587,-8.74300631892311E-15,
24.5));
#8751=CARTESIAN_POINT('Ctrl Pts',(-25.3511463866144,-8.74300631892311E-15,
24.5));
#8752=CARTESIAN_POINT('Ctrl Pts',(-30.1070915899328,-8.32667268468867E-15,
24.5));
#8753=CARTESIAN_POINT('Ctrl Pts',(-30.1070915899328,-8.40564534757094E-15,
24.4706138169908));
#8754=CARTESIAN_POINT('Ctrl Pts',(-29.9236379271531,0.0280889325852719,
24.3807338282332));
#8755=CARTESIAN_POINT('Ctrl Pts',(-28.9310255200651,0.172413199304555,24.3111358697684));
#8756=CARTESIAN_POINT('Ctrl Pts',(-27.3930832957872,0.350032360154767,24.3729074073411));
#8757=CARTESIAN_POINT('Ctrl Pts',(-26.3173672836975,0.424834287727096,24.4808840840459));
#8758=CARTESIAN_POINT('Ctrl Pts',(-25.7914096549707,0.441986893108524,24.5441986893109));
#8759=CARTESIAN_POINT('Ctrl Pts',(-30.7001223883032,-0.0663446683206836,
24.5));
#8760=CARTESIAN_POINT('Ctrl Pts',(-30.7001223883032,-0.0663446683206838,
24.4053569940917));
#8761=CARTESIAN_POINT('Ctrl Pts',(-30.5239078434594,0.0124534236814723,
24.1167244252851));
#8762=CARTESIAN_POINT('Ctrl Pts',(-29.5739744847517,0.424998199305378,23.8513602120978));
#8763=CARTESIAN_POINT('Ctrl Pts',(-28.1238092318355,0.974862487513266,23.9292708757534));
#8764=CARTESIAN_POINT('Ctrl Pts',(-27.1375557477016,1.2576991141905,24.1769872693287));
#8765=CARTESIAN_POINT('Ctrl Pts',(-26.6698366202768,1.35365342280835,24.334379941982));
#8766=CARTESIAN_POINT('Ctrl Pts',(-31.687054749651,-0.408190026680498,24.5));
#8767=CARTESIAN_POINT('Ctrl Pts',(-31.687054749651,-0.408190026680498,24.2741357287457));
#8768=CARTESIAN_POINT('Ctrl Pts',(-31.5172982307643,-0.261892156133558,
23.5872456154264));
#8769=CARTESIAN_POINT('Ctrl Pts',(-30.6038500638262,0.520089341318159,22.8254080665098));
#8770=CARTESIAN_POINT('Ctrl Pts',(-29.2245231664967,1.66801968135744,22.6075270736304));
#8771=CARTESIAN_POINT('Ctrl Pts',(-28.3063905808127,2.39380196811192,22.8241091328823));
#8772=CARTESIAN_POINT('Ctrl Pts',(-27.8803798054561,2.71367854574263,23.0084814112532));
#8773=CARTESIAN_POINT('Ctrl Pts',(-32.3025730497116,-0.839681564086918,
24.5));
#8774=CARTESIAN_POINT('Ctrl Pts',(-32.3025730497116,-0.839681564086919,
24.1709661230582));
#8775=CARTESIAN_POINT('Ctrl Pts',(-32.1254397336928,-0.665926997626762,
23.1713453395207));
#8776=CARTESIAN_POINT('Ctrl Pts',(-31.1707283537715,0.274536310551999,21.9673521106779));
#8777=CARTESIAN_POINT('Ctrl Pts',(-29.7046641586963,1.72102595624873,21.3416073063518));
#8778=CARTESIAN_POINT('Ctrl Pts',(-28.6934305406126,2.71793089591894,21.351115532992));
#8779=CARTESIAN_POINT('Ctrl Pts',(-28.20669474015,3.19982886608289,21.4556619857574));
#8780=CARTESIAN_POINT('Ctrl Pts',(-32.6192940705756,-1.15204383916902,24.5));
#8781=CARTESIAN_POINT('Ctrl Pts',(-32.6192940705756,-1.15204383916902,24.1090428799171));
#8782=CARTESIAN_POINT('Ctrl Pts',(-32.4321805277428,-0.96750537128181,22.9220270433246));
#8783=CARTESIAN_POINT('Ctrl Pts',(-31.4181114944702,0.0326079444029511,
21.4529726177808));
#8784=CARTESIAN_POINT('Ctrl Pts',(-29.8360283392369,1.59291831593956,20.5814072670864));
#8785=CARTESIAN_POINT('Ctrl Pts',(-28.7151900736183,2.6983314953132,20.4650872849999));
#8786=CARTESIAN_POINT('Ctrl Pts',(-28.1599086951739,3.24597103691497,20.5198512391601));
#8787=CARTESIAN_POINT('',(-29.810531762016,-8.50315094878656E-15,24.5));
#8788=CARTESIAN_POINT('Ctrl Pts',(-31.4645946847976,-0.358064492574965,
24.5));
#8789=CARTESIAN_POINT('Ctrl Pts',(-31.2170724122301,-0.245642547328905,
24.5));
#8790=CARTESIAN_POINT('Ctrl Pts',(-30.6754316177778,-0.0635824155243831,
24.5));
#8791=CARTESIAN_POINT('Ctrl Pts',(-30.1070915899328,-8.32667268468867E-15,
24.5));
#8792=CARTESIAN_POINT('Ctrl Pts',(-29.8105329859077,-2.40679842303747E-6,
24.5000029511711));
#8793=CARTESIAN_POINT('',(-25.7547152165547,-8.69688232577031E-15,24.5));
#8794=CARTESIAN_POINT('',(-10.2623433996221,-9.43689570931383E-15,24.5));
#8795=CARTESIAN_POINT('',(-10.2623433996221,-9.43689570931383E-15,24.5));
#8796=CARTESIAN_POINT('',(-31.451174454545,3.04883984323763E-11,21.6912376913786));
#8797=CARTESIAN_POINT('Ctrl Pts',(-28.1599086951739,3.24597103691497,20.5198512391601));
#8798=CARTESIAN_POINT('Ctrl Pts',(-28.7151900736183,2.6983314953132,20.4650872849999));
#8799=CARTESIAN_POINT('Ctrl Pts',(-29.8360283392369,1.59291831593956,20.5814072670864));
#8800=CARTESIAN_POINT('Ctrl Pts',(-30.9259058638966,0.518039792768364,21.1818178610882));
#8801=CARTESIAN_POINT('Ctrl Pts',(-31.4191700243637,0.0315639821017497,
21.660722361614));
#8802=CARTESIAN_POINT('Ctrl Pts',(-31.449689473959,0.00146454416794786,
21.6913086857155));
#8803=CARTESIAN_POINT('Ctrl Pts',(-31.449689473959,0.0014645441679479,21.6913086857155));
#8804=CARTESIAN_POINT('Ctrl Pts',(-31.449650785345,0.0014069526602601,21.7323935292698));
#8805=CARTESIAN_POINT('Ctrl Pts',(-31.4490225691786,0.00133852580701948,
21.7734720552635));
#8806=CARTESIAN_POINT('Ctrl Pts',(-31.4477941835982,0.00126524861216511,
21.8145278801747));
#8807=CARTESIAN_POINT('Origin',(-7.3246867992442,-7.50000000000002,24.5));
#8808=CARTESIAN_POINT('',(-31.5246867992442,-20.3563504984133,24.5));
#8809=CARTESIAN_POINT('',(-31.5246867992442,-20.,24.5));
#8810=CARTESIAN_POINT('',(-27.192342115635,-20.3563504984127,24.5));
#8811=CARTESIAN_POINT('',(-31.5246867992442,-20.3563504984133,24.5));
#8812=CARTESIAN_POINT('',(-28.5246867992442,-16.4096528495595,24.5));
#8813=CARTESIAN_POINT('Ctrl Pts',(-28.5246867992442,-16.4096528495595,24.5));
#8814=CARTESIAN_POINT('Ctrl Pts',(-28.5246867992442,-16.7480969415855,24.5));
#8815=CARTESIAN_POINT('Ctrl Pts',(-28.495033938695,-17.118258761671,24.5));
#8816=CARTESIAN_POINT('Ctrl Pts',(-28.3708041987684,-17.8477380807456,24.5));
#8817=CARTESIAN_POINT('Ctrl Pts',(-28.2763946980342,-18.2070840743032,24.5));
#8818=CARTESIAN_POINT('Ctrl Pts',(-28.0594958379442,-18.8407315090872,24.5));
#8819=CARTESIAN_POINT('Ctrl Pts',(-27.9175249207528,-19.1756218449848,24.5));
#8820=CARTESIAN_POINT('Ctrl Pts',(-27.5821833781393,-19.8053051512004,24.5));
#8821=CARTESIAN_POINT('Ctrl Pts',(-27.3904042118193,-20.1009784224607,24.5));
#8822=CARTESIAN_POINT('Ctrl Pts',(-27.1923421156347,-20.3563504984124,24.5));
#8823=CARTESIAN_POINT('',(-28.5246867992442,-10.,24.5));
#8824=CARTESIAN_POINT('',(-28.5246867992442,-10.,24.5));
#8825=CARTESIAN_POINT('',(-23.5246867992442,-5.00000000000002,24.5));
#8826=CARTESIAN_POINT('Origin',(-23.5246867992442,-10.,24.5));
#8827=CARTESIAN_POINT('',(8.8753132007558,-5.00000000000002,24.5));
#8828=CARTESIAN_POINT('',(-23.5246867992442,-5.00000000000002,24.5));
#8829=CARTESIAN_POINT('',(13.8753132007558,-10.,24.5));
#8830=CARTESIAN_POINT('Origin',(8.87531320075581,-10.,24.5));
#8831=CARTESIAN_POINT('',(13.8753132007558,-16.4096526090542,24.5));
#8832=CARTESIAN_POINT('',(13.8753132007558,-16.2500002607703,24.5));
#8833=CARTESIAN_POINT('',(12.5429685655604,-20.3563501569282,24.5));
#8834=CARTESIAN_POINT('Ctrl Pts',(12.5429685655601,-20.356350156928,24.5));
#8835=CARTESIAN_POINT('Ctrl Pts',(12.7410306460596,-20.1009780975379,24.5));
#8836=CARTESIAN_POINT('Ctrl Pts',(12.9328097959215,-19.8053048503885,24.5));
#8837=CARTESIAN_POINT('Ctrl Pts',(13.2681513251372,-19.1756215750296,24.5));
#8838=CARTESIAN_POINT('Ctrl Pts',(13.4101222415165,-18.8407312437381,24.5));
#8839=CARTESIAN_POINT('Ctrl Pts',(13.6270211006842,-18.2070838164098,24.5));
#8840=CARTESIAN_POINT('Ctrl Pts',(13.7214306010512,-17.8477378264194,24.5));
#8841=CARTESIAN_POINT('Ctrl Pts',(13.8456603404019,-17.1182585144323,24.5));
#8842=CARTESIAN_POINT('Ctrl Pts',(13.8753132007558,-16.7480966978693,24.5));
#8843=CARTESIAN_POINT('Ctrl Pts',(13.8753132007558,-16.4096526090542,24.5));
#8844=CARTESIAN_POINT('',(16.8753132007558,-20.3563501569289,24.5));
#8845=CARTESIAN_POINT('',(16.8753132007558,-20.3563501569289,24.5));
#8846=CARTESIAN_POINT('',(16.8753132007558,-5.00000000000002,24.5));
#8847=CARTESIAN_POINT('',(16.8753132007558,-5.00000000000002,24.5));
#8848=CARTESIAN_POINT('',(16.8,-1.77635683940025E-14,24.5));
#8849=CARTESIAN_POINT('Ctrl Pts',(16.8753132007558,-5.00000000000002,24.5));
#8850=CARTESIAN_POINT('Ctrl Pts',(16.8753132007558,-4.54619729387234,24.5));
#8851=CARTESIAN_POINT('Ctrl Pts',(16.8738985422875,-3.65086452901134,24.5));
#8852=CARTESIAN_POINT('Ctrl Pts',(16.8688948656847,-2.62438831519274,24.5));
#8853=CARTESIAN_POINT('Ctrl Pts',(16.8568541115196,-1.63274552019308,24.5));
#8854=CARTESIAN_POINT('Ctrl Pts',(16.8293705616196,-0.677866221880441,24.5));
#8855=CARTESIAN_POINT('Ctrl Pts',(16.806536059611,-0.140624533893159,24.5));
#8856=CARTESIAN_POINT('Ctrl Pts',(16.8,-2.22044604925031E-14,24.5));
#8857=CARTESIAN_POINT('Ctrl Pts',(15.0714204209859,7.1101450355716,24.5));
#8858=CARTESIAN_POINT('Ctrl Pts',(15.150653608828,6.9789431198148,24.5));
#8859=CARTESIAN_POINT('Ctrl Pts',(15.2271650251015,6.84551495773059,24.5));
#8860=CARTESIAN_POINT('Ctrl Pts',(15.300814867496,6.70979517611493,24.5));
#8861=CARTESIAN_POINT('Ctrl Pts',(15.3733673334205,6.5760976078539,24.5));
#8862=CARTESIAN_POINT('Ctrl Pts',(15.4431427589596,6.44017618824226,24.5));
#8863=CARTESIAN_POINT('Ctrl Pts',(15.5100551139845,6.30198299510728,24.5));
#8864=CARTESIAN_POINT('Ctrl Pts',(15.5774223676532,6.16285030587883,24.5));
#8865=CARTESIAN_POINT('Ctrl Pts',(15.6418873151838,6.02141481057605,24.5));
#8866=CARTESIAN_POINT('Ctrl Pts',(15.7034135562848,5.87764305736201,24.5));
#8867=CARTESIAN_POINT('Ctrl Pts',(15.7668508252904,5.72940570008416,24.5));
#8868=CARTESIAN_POINT('Ctrl Pts',(15.8271641857252,5.57868474983175,24.5));
#8869=CARTESIAN_POINT('Ctrl Pts',(15.8843678219917,5.42545977495356,24.5));
#8870=CARTESIAN_POINT('Ctrl Pts',(15.943710012348,5.26650649470791,24.5));
#8871=CARTESIAN_POINT('Ctrl Pts',(15.9997058474626,5.10485852332234,24.5));
#8872=CARTESIAN_POINT('Ctrl Pts',(16.0524253076499,4.9405094404176,24.5));
#8873=CARTESIAN_POINT('Ctrl Pts',(16.1103276931948,4.76000296465888,24.5));
#8874=CARTESIAN_POINT('Ctrl Pts',(16.1642776634442,4.57623810246212,24.5));
#8875=CARTESIAN_POINT('Ctrl Pts',(16.2144322206826,4.38922604095857,24.5));
#8876=CARTESIAN_POINT('Ctrl Pts',(16.2650865005884,4.20035065593377,24.5));
#8877=CARTESIAN_POINT('Ctrl Pts',(16.3118699265649,4.00816320015146,24.5));
#8878=CARTESIAN_POINT('Ctrl Pts',(16.3550022551374,3.81269323201194,24.5));
#8879=CARTESIAN_POINT('Ctrl Pts',(16.4002269823853,3.60774079176985,24.5));
#8880=CARTESIAN_POINT('Ctrl Pts',(16.4414381219876,3.39917971979103,24.5));
#8881=CARTESIAN_POINT('Ctrl Pts',(16.4789459530075,3.18706211314909,24.5));
#8882=CARTESIAN_POINT('Ctrl Pts',(16.5190061889189,2.96050992039356,24.5));
#8883=CARTESIAN_POINT('Ctrl Pts',(16.5548424329329,2.72990078883843,24.5));
#8884=CARTESIAN_POINT('Ctrl Pts',(16.5868901161995,2.49531688744523,24.5));
#8885=CARTESIAN_POINT('Ctrl Pts',(16.6252808526392,2.21430285418645,24.5));
#8886=CARTESIAN_POINT('Ctrl Pts',(16.6582354181986,1.92758490576743,24.5));
#8887=CARTESIAN_POINT('Ctrl Pts',(16.6865762649895,1.63533027130514,24.5));
#8888=CARTESIAN_POINT('Ctrl Pts',(16.7292844448499,1.19491776049514,24.5));
#8889=CARTESIAN_POINT('Ctrl Pts',(16.7615235237343,0.741932718947251,24.5));
#8890=CARTESIAN_POINT('Ctrl Pts',(16.7862209468823,0.277005378959654,24.5));
#8891=CARTESIAN_POINT('Ctrl Pts',(16.7911012042007,0.185134861137031,24.5));
#8892=CARTESIAN_POINT('Ctrl Pts',(16.7956868553545,0.0927981064252519,24.5));
#8893=CARTESIAN_POINT('Ctrl Pts',(16.7999999999997,6.43263220467816E-12,
24.5));
#8894=CARTESIAN_POINT('Origin',(53.8,48.75,22.));
#8895=CARTESIAN_POINT('',(53.8,85.,25.));
#8896=CARTESIAN_POINT('Origin',(53.8,85.,22.));
#8897=CARTESIAN_POINT('',(56.8,60.,22.));
#8898=CARTESIAN_POINT('',(56.8,48.75,22.));
#8899=CARTESIAN_POINT('',(53.8,60.,25.));
#8900=CARTESIAN_POINT('Origin',(53.8,60.,22.));
#8901=CARTESIAN_POINT('',(53.8,83.5,25.));
#8902=CARTESIAN_POINT('',(53.8,51.25,25.));
#8903=CARTESIAN_POINT('',(53.8,48.75,25.));
#8904=CARTESIAN_POINT('Origin',(24.3,42.5,25.));
#8905=CARTESIAN_POINT('',(39.8,83.5,25.));
#8906=CARTESIAN_POINT('',(35.55,83.5,25.));
#8907=CARTESIAN_POINT('',(39.8,60.,25.));
#8908=CARTESIAN_POINT('',(39.8,51.25,25.));
#8909=CARTESIAN_POINT('',(38.3,60.,25.));
#8910=CARTESIAN_POINT('',(20.55,60.,25.));
#8911=CARTESIAN_POINT('',(38.3,83.5,25.));
#8912=CARTESIAN_POINT('',(38.3,51.25,25.));
#8913=CARTESIAN_POINT('',(24.3,83.5,25.));
#8914=CARTESIAN_POINT('',(27.8,83.5,25.));
#8915=CARTESIAN_POINT('',(24.3,60.,25.));
#8916=CARTESIAN_POINT('',(24.3,51.25,25.));
#8917=CARTESIAN_POINT('',(20.8,60.,25.));
#8918=CARTESIAN_POINT('',(20.55,60.,25.));
#8919=CARTESIAN_POINT('',(20.8,83.5,25.));
#8920=CARTESIAN_POINT('',(20.8,51.25,25.));
#8921=CARTESIAN_POINT('',(7.43250300240241,83.5,25.));
#8922=CARTESIAN_POINT('',(19.05,83.5,25.));
#8923=CARTESIAN_POINT('',(16.8,85.,25.));
#8924=CARTESIAN_POINT('Origin',(16.8,55.,25.));
#8925=CARTESIAN_POINT('',(43.05,85.,25.));
#8926=CARTESIAN_POINT('Origin',(61.8,85.,0.));
#8927=CARTESIAN_POINT('',(16.8,85.,0.));
#8928=CARTESIAN_POINT('Origin',(115.4,65.8500000000001,30.4000000223517));
#8929=CARTESIAN_POINT('',(117.4,65.8500000000001,30.4000000223517));
#8930=CARTESIAN_POINT('',(115.4,65.8500000000001,25.2786796787921));
#8931=CARTESIAN_POINT('',(115.4,65.8500000000001,30.4000000223517));
#8932=CARTESIAN_POINT('',(115.4,65.8500000000001,30.4000000223517));
#8933=CARTESIAN_POINT('Origin',(117.4,66.8500000000001,30.4000000223517));
#8934=CARTESIAN_POINT('',(118.4,66.8500000000001,30.4000000223517));
#8935=CARTESIAN_POINT('Origin',(118.4,89.7000000000001,-0.399999977648278));
#8936=CARTESIAN_POINT('',(118.4,74.8500000000001,30.4000000223517));
#8937=CARTESIAN_POINT('Origin',(117.4,74.8500000000001,30.4000000223517));
#8938=CARTESIAN_POINT('',(117.4,75.8500000000001,30.4000000223517));
#8939=CARTESIAN_POINT('Origin',(117.4,75.8500000000001,30.4000000223517));
#8940=CARTESIAN_POINT('',(115.4,75.8500000000001,4.72132036591137));
#8941=CARTESIAN_POINT('',(115.4,75.8500000000001,30.4000000223517));
#8942=CARTESIAN_POINT('',(115.4,75.85,25.2786796787921));
#8943=CARTESIAN_POINT('',(115.4,75.85,30.4000000223517));
#8944=CARTESIAN_POINT('',(115.4,75.8500000000001,30.4000000223517));
#8945=CARTESIAN_POINT('Origin',(115.54026666732,99.9667367406594,30.4000000223517));
#8946=CARTESIAN_POINT('',(95.3999999999999,86.7,30.4000000223517));
#8947=CARTESIAN_POINT('Origin',(115.54026666732,99.9667367406594,4.86158703323142));
#8948=CARTESIAN_POINT('Origin',(115.54026666732,41.7332632593407,30.4000000223517));
#8949=CARTESIAN_POINT('',(113.27867965644,65.7441335048868,27.4000000223517));
#8950=CARTESIAN_POINT('Origin',(115.54026666732,41.7332632593407,27.4000000223517));
#8951=CARTESIAN_POINT('Origin',(115.54026666732,41.7332632593407,25.138413011472));
#8952=CARTESIAN_POINT('Origin',(95.3999999999999,86.7,-0.400000022351754));
#8953=CARTESIAN_POINT('Origin',(115.54026666732,96.9667367406594,30.4000000223517));
#8954=CARTESIAN_POINT('',(113.563897447178,72.9307089810253,2.88521781308895));
#8955=CARTESIAN_POINT('',(113.563897447178,72.9307089810253,30.4000000223517));
#8956=CARTESIAN_POINT('Origin',(115.54026666732,96.9667367406594,4.86158703323142));
#8957=CARTESIAN_POINT('Origin',(115.54026666732,44.7332632593407,30.4000000223517));
#8958=CARTESIAN_POINT('',(113.27867965644,68.7441335048868,27.4000000223517));
#8959=CARTESIAN_POINT('',(113.563897447178,68.7692910189749,27.4000000223517));
#8960=CARTESIAN_POINT('Origin',(115.54026666732,44.7332632593407,27.4000000223517));
#8961=CARTESIAN_POINT('',(113.563897447178,68.7692910189749,27.1147822316145));
#8962=CARTESIAN_POINT('',(113.563897447178,68.7692910189749,30.4000000223517));
#8963=CARTESIAN_POINT('Origin',(115.54026666732,44.7332632593407,25.138413011472));
#8964=CARTESIAN_POINT('Origin',(113.4,70.7625641128606,30.4000000223517));
#8965=CARTESIAN_POINT('',(115.4,70.7625641128606,27.4000000223517));
#8966=CARTESIAN_POINT('Origin',(113.4,70.7625641128606,27.4000000223517));
#8967=CARTESIAN_POINT('',(115.4,70.7625641128606,25.2786796787921));
#8968=CARTESIAN_POINT('',(115.4,70.7625641128606,30.4000000223517));
#8969=CARTESIAN_POINT('Origin',(113.4,70.7625641128606,27.2786796787921));
#8970=CARTESIAN_POINT('Origin',(115.4,55.0000000000001,25.2786796787921));
#8971=CARTESIAN_POINT('',(115.4,70.7625641128606,4.72132036591136));
#8972=CARTESIAN_POINT('',(115.4,70.7625641128606,30.4000000223517));
#8973=CARTESIAN_POINT('',(115.4,55.0000000000001,4.72132036591137));
#8974=CARTESIAN_POINT('',(115.4,55.0000000000001,25.2786796787921));
#8975=CARTESIAN_POINT('',(115.4,70.9374358871395,27.4000000223517));
#8976=CARTESIAN_POINT('',(115.4,62.9250000000001,27.4000000223517));
#8977=CARTESIAN_POINT('',(115.4,70.9374358871395,25.2786796787921));
#8978=CARTESIAN_POINT('',(115.4,70.9374358871395,30.4000000223517));
#8979=CARTESIAN_POINT('',(115.4,55.0000000000001,25.2786796787921));
#8980=CARTESIAN_POINT('',(115.4,70.9374358871395,4.72132036591137));
#8981=CARTESIAN_POINT('',(115.4,55.0000000000001,4.72132036591137));
#8982=CARTESIAN_POINT('',(115.4,70.9374358871395,30.4000000223517));
#8983=CARTESIAN_POINT('Origin',(69.9,55.0000000000001,27.4000000223517));
#8984=CARTESIAN_POINT('',(82.9000003427267,86.6999999552966,27.4000000223517));
#8985=CARTESIAN_POINT('',(69.9,86.7,27.4000000223517));
#8986=CARTESIAN_POINT('',(82.9000003427267,86.6999999552966,27.4000000223517));
#8987=CARTESIAN_POINT('',(95.3999999999999,86.7,27.4000000223517));
#8988=CARTESIAN_POINT('',(95.4000003427267,86.6999999552966,27.4000000223517));
#8989=CARTESIAN_POINT('',(113.27867965644,75.9558664951133,27.4000000223517));
#8990=CARTESIAN_POINT('Origin',(115.54026666732,99.9667367406594,27.4000000223517));
#8991=CARTESIAN_POINT('',(113.27867965644,72.9558664951133,27.4000000223517));
#8992=CARTESIAN_POINT('',(113.27867965644,55.0000000000001,27.4000000223517));
#8993=CARTESIAN_POINT('',(113.563897447178,72.9307089810253,27.4000000223517));
#8994=CARTESIAN_POINT('Origin',(115.54026666732,96.9667367406594,27.4000000223517));
#8995=CARTESIAN_POINT('Origin',(113.4,70.9374358871395,27.4000000223517));
#8996=CARTESIAN_POINT('',(113.27867965644,55.0000000000001,27.4000000223517));
#8997=CARTESIAN_POINT('Origin',(82.9000003427267,86.6999999552966,34.4000000223517));
#8998=CARTESIAN_POINT('',(82.9000003427267,86.6999999552966,25.5000000124396));
#8999=CARTESIAN_POINT('',(82.9000003427267,86.7,24.7000000223517));
#9000=CARTESIAN_POINT('',(82.9000003427267,88.5000000000001,25.5000000124396));
#9001=CARTESIAN_POINT('',(82.9000003427267,70.8499999776483,25.5000000124396));
#9002=CARTESIAN_POINT('',(82.9000003427267,88.5000000000001,4.50000001243957));
#9003=CARTESIAN_POINT('',(82.9000003427267,88.5000000000001,24.7000000173957));
#9004=CARTESIAN_POINT('',(82.9000003427267,86.6999999552966,4.50000001243957));
#9005=CARTESIAN_POINT('',(82.9000003427267,70.8499999776483,4.50000001243957));
#9006=CARTESIAN_POINT('',(82.9000003427267,86.7,24.7000000223517));
#9007=CARTESIAN_POINT('Origin',(93.2999999997235,55.0000000000001,4.50000001243957));
#9008=CARTESIAN_POINT('',(75.2999999997235,88.5000000000001,4.50000001243956));
#9009=CARTESIAN_POINT('',(75.2999999997235,88.5000000000001,4.50000001243957));
#9010=CARTESIAN_POINT('',(75.2999999997235,86.7,4.50000001243956));
#9011=CARTESIAN_POINT('',(75.2999999997235,55.0000000000001,4.50000001243957));
#9012=CARTESIAN_POINT('',(92.9749999998617,86.7,4.50000001243956));
#9013=CARTESIAN_POINT('Origin',(84.2999999997235,88.5000000000001,15.0000000124396));
#9014=CARTESIAN_POINT('',(75.2999999997235,88.5000000000001,25.5000000124396));
#9015=CARTESIAN_POINT('',(93.2999999997235,88.5000000000001,25.5000000124396));
#9016=CARTESIAN_POINT('',(75.2999999997235,88.5000000000001,25.5000000124396));
#9017=CARTESIAN_POINT('Origin',(92.6499999999999,86.7,15.0000000223517));
#9018=CARTESIAN_POINT('',(75.2999999997235,86.7,25.5000000124396));
#9019=CARTESIAN_POINT('',(75.2999999997235,86.7,9.75000001739565));
#9020=CARTESIAN_POINT('',(83.9749999998617,86.7,25.5000000124396));
#9021=CARTESIAN_POINT('',(64.2,86.7,25.4000000223517));
#9022=CARTESIAN_POINT('',(69.9,86.7,25.4000000223517));
#9023=CARTESIAN_POINT('',(64.1999999999999,86.7,4.60000002235173));
#9024=CARTESIAN_POINT('',(64.2,86.7,25.4000000223517));
#9025=CARTESIAN_POINT('',(64.8999999999999,86.7,4.60000002235173));
#9026=CARTESIAN_POINT('Origin',(75.2999999997235,55.0000000000001,25.5000000124396));
#9027=CARTESIAN_POINT('',(75.2999999997235,55.0000000000001,25.5000000124396));
#9028=CARTESIAN_POINT('Origin',(95.3999996436978,55.0000000000001,30.4000000223517));
#9029=CARTESIAN_POINT('',(95.3999999999999,86.7,30.4000000223517));
#9030=CARTESIAN_POINT('Origin',(64.1999999999999,55.0000000000001,4.60000002235173));
#9031=CARTESIAN_POINT('',(64.1999999999999,55.0000000000001,4.60000002235173));
#9032=CARTESIAN_POINT('',(64.2,55.0000000000001,25.4000000223517));
#9033=CARTESIAN_POINT('Origin',(69.8999999999999,55.0000000000001,4.60000002235173));
#9034=CARTESIAN_POINT('Origin',(64.2,55.0000000000001,25.4000000223517));
#9035=CARTESIAN_POINT('Origin',(115.54026666732,99.9667367406594,30.4000000223517));
#9036=CARTESIAN_POINT('Origin',(115.54026666732,99.9667367406594,25.138413011472));
#9037=CARTESIAN_POINT('Origin',(113.4,70.9374358871395,30.4000000223517));
#9038=CARTESIAN_POINT('',(113.563897447178,72.9307089810253,27.1147822316145));
#9039=CARTESIAN_POINT('',(113.563897447178,72.9307089810253,30.4000000223517));
#9040=CARTESIAN_POINT('Origin',(113.4,70.9374358871395,27.2786796787921));
#9041=CARTESIAN_POINT('Origin',(113.4,70.9374358871395,30.4000000223517));
#9042=CARTESIAN_POINT('Origin',(113.4,70.9374358871395,2.72132036591135));
#9043=CARTESIAN_POINT('Origin',(115.54026666732,96.9667367406594,30.4000000223517));
#9044=CARTESIAN_POINT('Origin',(115.54026666732,96.9667367406594,25.138413011472));
#9045=CARTESIAN_POINT('Origin',(115.54026666732,44.7332632593407,30.4000000223517));
#9046=CARTESIAN_POINT('',(113.563897447178,68.7692910189749,2.88521781308896));
#9047=CARTESIAN_POINT('Origin',(115.54026666732,44.7332632593407,4.86158703323143));
#9048=CARTESIAN_POINT('',(113.563897447178,68.7692910189749,30.4000000223517));
#9049=CARTESIAN_POINT('Origin',(113.4,70.7625641128606,30.4000000223517));
#9050=CARTESIAN_POINT('Origin',(113.4,70.7625641128606,2.72132036591137));
#9051=CARTESIAN_POINT('Origin',(113.27867965644,55.0000000000001,27.4000000223517));
#9052=CARTESIAN_POINT('Origin',(113.27867965644,55.0000000000001,27.4000000223517));
#9053=CARTESIAN_POINT('Origin',(115.4,55.0000000000001,4.72132036591137));
#9054=CARTESIAN_POINT('Origin',(115.4,55.0000000000001,4.72132036591137));
#9055=CARTESIAN_POINT('Origin',(75.2999999997235,55.0000000000001,4.50000001243957));
#9056=CARTESIAN_POINT('Origin',(67.4,86.7,27.9000000223517));
#9057=CARTESIAN_POINT('Origin',(67.3999999999999,86.7,2.10000002235173));
#9058=CARTESIAN_POINT('Origin',(11.8,73.0000010877848,15.0000002235174));
#9059=CARTESIAN_POINT('',(48.8,75.,16.5));
#9060=CARTESIAN_POINT('',(44.8,75.,16.5));
#9061=CARTESIAN_POINT('',(35.55,75.,16.5));
#9062=CARTESIAN_POINT('',(48.8,75.,13.5));
#9063=CARTESIAN_POINT('Origin',(48.8,73.0000010877848,15.0000002235174));
#9064=CARTESIAN_POINT('',(44.8,75.,13.5));
#9065=CARTESIAN_POINT('',(35.55,75.,13.5));
#9066=CARTESIAN_POINT('Origin',(44.8,73.0000010877848,15.0000002235174));
#9067=CARTESIAN_POINT('Origin',(11.8,73.0000010877848,15.0000002235174));
#9068=CARTESIAN_POINT('',(11.8,75.,13.5));
#9069=CARTESIAN_POINT('',(15.8,75.,13.5));
#9070=CARTESIAN_POINT('',(19.05,75.,13.5));
#9071=CARTESIAN_POINT('',(11.8,75.,16.5));
#9072=CARTESIAN_POINT('Origin',(11.8,73.0000010877848,15.0000002235174));
#9073=CARTESIAN_POINT('',(15.8,75.,16.5));
#9074=CARTESIAN_POINT('',(19.05,75.,16.5));
#9075=CARTESIAN_POINT('Origin',(15.8,73.0000010877848,15.0000002235174));
#9076=CARTESIAN_POINT('Origin',(11.8,73.0000010877848,15.0000002235174));
#9077=CARTESIAN_POINT('',(29.3,75.,16.5));
#9078=CARTESIAN_POINT('',(29.3,75.,13.5));
#9079=CARTESIAN_POINT('Origin',(29.3,73.0000010877848,15.0000002235174));
#9080=CARTESIAN_POINT('',(33.3,75.,16.5));
#9081=CARTESIAN_POINT('',(27.8,75.,16.5));
#9082=CARTESIAN_POINT('',(33.3,75.,13.5));
#9083=CARTESIAN_POINT('Origin',(33.3,73.0000010877848,15.0000002235174));
#9084=CARTESIAN_POINT('',(27.8,75.,13.5));
#9085=CARTESIAN_POINT('Origin',(15.8,60.,25.));
#9086=CARTESIAN_POINT('',(15.8,75.7540333075852,20.));
#9087=CARTESIAN_POINT('Origin',(15.8,83.5,16.5));
#9088=CARTESIAN_POINT('',(15.8,60.,20.));
#9089=CARTESIAN_POINT('',(15.8,51.25,20.));
#9090=CARTESIAN_POINT('',(15.8,60.,5.));
#9091=CARTESIAN_POINT('',(15.8,60.,12.5));
#9092=CARTESIAN_POINT('',(15.8,83.5,5.));
#9093=CARTESIAN_POINT('',(15.8,51.25,5.));
#9094=CARTESIAN_POINT('Origin',(15.8,83.5,13.5));
#9095=CARTESIAN_POINT('Origin',(33.3,60.,25.));
#9096=CARTESIAN_POINT('',(33.3,75.7540333075852,20.));
#9097=CARTESIAN_POINT('Origin',(33.3,83.5,16.5));
#9098=CARTESIAN_POINT('',(33.3,60.,20.));
#9099=CARTESIAN_POINT('',(33.3,51.25,20.));
#9100=CARTESIAN_POINT('',(33.3,60.,5.));
#9101=CARTESIAN_POINT('',(33.3,60.,12.5));
#9102=CARTESIAN_POINT('',(33.3,83.5,5.));
#9103=CARTESIAN_POINT('',(33.3,51.25,5.));
#9104=CARTESIAN_POINT('Origin',(33.3,83.5,13.5));
#9105=CARTESIAN_POINT('Origin',(48.8,60.,25.));
#9106=CARTESIAN_POINT('',(48.8,75.7540333075852,20.));
#9107=CARTESIAN_POINT('Origin',(48.8,83.5,16.5));
#9108=CARTESIAN_POINT('',(48.8,60.,20.));
#9109=CARTESIAN_POINT('',(48.8,51.25,20.));
#9110=CARTESIAN_POINT('',(48.8,60.,5.));
#9111=CARTESIAN_POINT('',(48.8,60.,12.5));
#9112=CARTESIAN_POINT('',(48.8,83.5,5.));
#9113=CARTESIAN_POINT('',(48.8,51.25,5.));
#9114=CARTESIAN_POINT('Origin',(48.8,83.5,13.5));
#9115=CARTESIAN_POINT('Origin',(-1.11962926566436,65.2943365607353,15.0000002235174));
#9116=CARTESIAN_POINT('',(0.659028452948231,69.1743064070843,17.0080367549188));
#9117=CARTESIAN_POINT('',(-2.1717818949201,66.3482645152502,17.0080367549188));
#9118=CARTESIAN_POINT('',(-2.1717818949201,66.3482645152502,17.0080367549188));
#9119=CARTESIAN_POINT('',(0.659028452948231,69.1743064070843,12.9919636921161));
#9120=CARTESIAN_POINT('Origin',(1.71118108220397,68.1203784525694,15.0000002235174));
#9121=CARTESIAN_POINT('',(-2.1717818949201,66.3482645152502,12.9919636921161));
#9122=CARTESIAN_POINT('',(-2.1717818949201,66.3482645152502,12.9919636921161));
#9123=CARTESIAN_POINT('Origin',(-1.11962926566436,65.2943365607353,15.0000002235174));
#9124=CARTESIAN_POINT('Origin',(-6.41084473267133,70.5944800370526,5.));
#9125=CARTESIAN_POINT('',(-2.1717818949201,66.3482645152502,12.5));
#9126=CARTESIAN_POINT('',(-2.1717818949201,66.3482645152502,5.));
#9127=CARTESIAN_POINT('',(-7.47061044210913,71.6560339175033,5.));
#9128=CARTESIAN_POINT('Origin',(-7.47061044210914,71.6560339175033,12.5));
#9129=CARTESIAN_POINT('',(8.95350634631999,55.2042042777423,5.));
#9130=CARTESIAN_POINT('',(8.27753260039087,55.8813186122441,5.));
#9131=CARTESIAN_POINT('',(8.95350634631999,55.2042042777423,18.5));
#9132=CARTESIAN_POINT('',(8.95350634631999,55.2042042777423,14.9977413086069));
#9133=CARTESIAN_POINT('',(-2.21909381125807,66.3956562622494,18.5));
#9134=CARTESIAN_POINT('',(8.27753260039087,55.8813186122441,18.5));
#9135=CARTESIAN_POINT('',(-2.1717818949201,66.3482645152502,17.5));
#9136=CARTESIAN_POINT('Origin',(-7.47061044210914,71.6560339175033,17.5));
#9137=CARTESIAN_POINT('',(-2.1717818949201,66.3482645152502,5.));
#9138=CARTESIAN_POINT('Origin',(0.659028452948232,69.1743064070843,5.));
#9139=CARTESIAN_POINT('',(0.659028452948232,69.1743064070843,12.5));
#9140=CARTESIAN_POINT('',(0.659028452948232,69.1743064070843,5.));
#9141=CARTESIAN_POINT('',(-0.0893316877124739,68.4272068674494,12.5));
#9142=CARTESIAN_POINT('Origin',(-3.39024413089261,55.2042042777423,14.9912394602164));
#9143=CARTESIAN_POINT('',(-1.4540709779232,25.2763149924699,16.572768316014));
#9144=CARTESIAN_POINT('',(-5.32641728386202,25.2763149924699,16.572768316014));
#9145=CARTESIAN_POINT('Ctrl Pts',(-1.4540709779232,25.2763149924698,16.572768316014));
#9146=CARTESIAN_POINT('Ctrl Pts',(-1.50558187915565,25.2763149924698,16.635830095561));
#9147=CARTESIAN_POINT('Ctrl Pts',(-1.55961832823996,25.2773100805965,16.6956697403076));
#9148=CARTESIAN_POINT('Ctrl Pts',(-1.83784742078783,25.2856873528292,16.9761402401988));
#9149=CARTESIAN_POINT('Ctrl Pts',(-2.1196613104806,25.3047205099413,17.1701713774169));
#9150=CARTESIAN_POINT('Ctrl Pts',(-2.73785235398237,25.3361244398098,17.4277347928004));
#9151=CARTESIAN_POINT('Ctrl Pts',(-3.07431453164699,25.3470308234265,17.4912394602164));
#9152=CARTESIAN_POINT('Ctrl Pts',(-3.39024413089261,25.3470308234265,17.4912394602164));
#9153=CARTESIAN_POINT('Ctrl Pts',(-3.70449054729531,25.3470308234265,17.4912394602164));
#9154=CARTESIAN_POINT('Ctrl Pts',(-4.03928102571982,25.3362480688008,17.4284033765343));
#9155=CARTESIAN_POINT('Ctrl Pts',(-4.65492354253612,25.3050665028679,17.1733492853376));
#9156=CARTESIAN_POINT('Ctrl Pts',(-4.93585886580557,25.286104933326,16.9811586312362));
#9157=CARTESIAN_POINT('Ctrl Pts',(-5.21632373466917,25.2773951959815,16.7006937623726));
#9158=CARTESIAN_POINT('Ctrl Pts',(-5.27275025991716,25.2763149924698,16.6384697103205));
#9159=CARTESIAN_POINT('Ctrl Pts',(-5.32641728386202,25.2763149924698,16.572768316014));
#9160=CARTESIAN_POINT('',(-5.3363222650768,25.2763149924699,13.4219147979332));
#9161=CARTESIAN_POINT('Origin',(-3.39024413089261,25.2763149924699,14.9912394602164));
#9162=CARTESIAN_POINT('',(-5.28731652502022,21.2763149924699,13.363014563572));
#9163=CARTESIAN_POINT('Ctrl Pts',(-5.28731652326104,21.2763149925109,13.3630145630228));
#9164=CARTESIAN_POINT('Ctrl Pts',(-5.29610081051455,21.7895364661043,13.3732490512792));
#9165=CARTESIAN_POINT('Ctrl Pts',(-5.30393305592838,22.3028225805962,13.3825112255101));
#9166=CARTESIAN_POINT('Ctrl Pts',(-5.31082353153002,22.8162844340328,13.3907571441603));
#9167=CARTESIAN_POINT('Ctrl Pts',(-5.31440206457596,23.0829482053872,13.3950396195786));
#9168=CARTESIAN_POINT('Ctrl Pts',(-5.31772582710415,23.3496594686826,13.3990474934584));
#9169=CARTESIAN_POINT('Ctrl Pts',(-5.32079182091002,23.6164342564675,13.4027714762504));
#9170=CARTESIAN_POINT('Ctrl Pts',(-5.32715205490361,24.1698437482458,13.4104966718786));
#9171=CARTESIAN_POINT('Ctrl Pts',(-5.33241714371204,24.7231123310598,13.4169379599193));
#9172=CARTESIAN_POINT('Ctrl Pts',(-5.33652431690424,25.2763780835056,13.4220027873415));
#9173=CARTESIAN_POINT('',(-0.966729002577487,21.2763149924699,15.6048960603013));
#9174=CARTESIAN_POINT('Origin',(-3.39024413089261,21.2763149924699,14.9912394602164));
#9175=CARTESIAN_POINT('',(-5.6010901255695,21.2507340083852,16.1583555631139));
#9176=CARTESIAN_POINT('Ctrl Pts',(-5.60109012382592,21.250734008554,16.1583555622091));
#9177=CARTESIAN_POINT('Ctrl Pts',(-5.48178509773968,21.2297980264061,16.3843528202447));
#9178=CARTESIAN_POINT('Ctrl Pts',(-5.3279470955148,21.1975807893467,16.5890704015269));
#9179=CARTESIAN_POINT('Ctrl Pts',(-4.93666638147327,21.120885056467,16.9803511155685));
#9180=CARTESIAN_POINT('Ctrl Pts',(-4.656801985392,21.0695170830696,17.1722326183747));
#9181=CARTESIAN_POINT('Ctrl Pts',(-4.04172470573805,20.9942711366255,17.4277270636379));
#9182=CARTESIAN_POINT('Ctrl Pts',(-3.70626520504065,20.9720773275394,17.4912394602164));
#9183=CARTESIAN_POINT('Ctrl Pts',(-3.39024413089261,20.9720773275394,17.4912394602164));
#9184=CARTESIAN_POINT('Ctrl Pts',(-3.0728630837629,20.9720773275394,17.4912394602164));
#9185=CARTESIAN_POINT('Ctrl Pts',(-2.73606921183464,20.9944677509349,17.4271861451071));
#9186=CARTESIAN_POINT('Ctrl Pts',(-2.11896302376781,21.0702295167051,17.1696853779593));
#9187=CARTESIAN_POINT('Ctrl Pts',(-1.83840007048701,21.1218922382677,16.9763387788068));
#9188=CARTESIAN_POINT('Ctrl Pts',(-1.39735456188234,21.2084544901799,16.5324516242803));
#9189=CARTESIAN_POINT('Ctrl Pts',(-1.20626386169935,21.2491960398343,16.2524385952449));
#9190=CARTESIAN_POINT('Ctrl Pts',(-1.0337349976169,21.272943325982,15.8345791817014));
#9191=CARTESIAN_POINT('Ctrl Pts',(-0.995973325640897,21.2763149924699,15.7203907186358));
#9192=CARTESIAN_POINT('Ctrl Pts',(-0.966729002577487,21.2763149924699,15.6048960603013));
#9193=CARTESIAN_POINT('',(-5.52008517746556,25.2763149924699,16.3003525631731));
#9194=CARTESIAN_POINT('Ctrl Pts',(-5.52008517746556,25.2763149924699,16.3003525631731));
#9195=CARTESIAN_POINT('Ctrl Pts',(-5.52830148501083,24.861460930029,16.2869851703775));
#9196=CARTESIAN_POINT('Ctrl Pts',(-5.53657964389404,24.4464247946102,16.2732351291901));
#9197=CARTESIAN_POINT('Ctrl Pts',(-5.56349848415344,23.1036880496185,16.2274881133072));
#9198=CARTESIAN_POINT('Ctrl Pts',(-5.58230843950545,22.1760561314681,16.1939333522868));
#9199=CARTESIAN_POINT('Ctrl Pts',(-5.6010901255952,21.2507340085494,16.1583555588576));
#9200=CARTESIAN_POINT('Origin',(-3.39024413089261,25.2763149924699,14.9912394602164));
#9201=CARTESIAN_POINT('Origin',(-3.39024413089261,55.2042042777423,14.9912394602164));
#9202=CARTESIAN_POINT('',(-5.31517752275453,36.9998992773187,16.5864295544983));
#9203=CARTESIAN_POINT('',(-1.43694624977341,37.000000551343,16.551568716372));
#9204=CARTESIAN_POINT('Ctrl Pts',(-5.31517752275453,36.9998992773187,16.5864295544983));
#9205=CARTESIAN_POINT('Ctrl Pts',(-5.26708390251374,36.9995620795934,16.6444646538064));
#9206=CARTESIAN_POINT('Ctrl Pts',(-5.21686720574006,36.998398492675,16.6997008786564));
#9207=CARTESIAN_POINT('Ctrl Pts',(-4.9427026829846,36.9891679651859,16.976094385342));
#9208=CARTESIAN_POINT('Ctrl Pts',(-4.66089152236845,36.9694414242293,17.1701353210264));
#9209=CARTESIAN_POINT('Ctrl Pts',(-4.04268780426201,36.9371045799758,17.4277223223622));
#9210=CARTESIAN_POINT('Ctrl Pts',(-3.70620729559976,36.9259619833102,17.4912394602164));
#9211=CARTESIAN_POINT('Ctrl Pts',(-3.39024413089261,36.9259619833102,17.4912394602164));
#9212=CARTESIAN_POINT('Ctrl Pts',(-3.07428096618546,36.9259619833102,17.4912394602164));
#9213=CARTESIAN_POINT('Ctrl Pts',(-2.73780045752321,36.9371045799758,17.4277223223622));
#9214=CARTESIAN_POINT('Ctrl Pts',(-2.11959673941677,36.9694414242293,17.1701353210264));
#9215=CARTESIAN_POINT('Ctrl Pts',(-1.83778557880062,36.9891679651859,16.976094385342));
#9216=CARTESIAN_POINT('Ctrl Pts',(-1.5533656791233,36.998743769072,16.6893621245342));
#9217=CARTESIAN_POINT('Ctrl Pts',(-1.49354839423574,37.000000551343,16.6224261000998));
#9218=CARTESIAN_POINT('Ctrl Pts',(-1.43694624977341,37.000000551343,16.551568716372));
#9219=CARTESIAN_POINT('',(-5.26422649107796,41.000000551343,16.6459872094864));
#9220=CARTESIAN_POINT('Ctrl Pts',(-5.26422649107796,41.000000551343,16.6459872094864));
#9221=CARTESIAN_POINT('Ctrl Pts',(-5.2790264856149,39.6730733089459,16.6292263897752));
#9222=CARTESIAN_POINT('Ctrl Pts',(-5.2961485554359,38.337169828882,16.6093920181793));
#9223=CARTESIAN_POINT('Ctrl Pts',(-5.31517752275453,36.9998992773187,16.5864295544982));
#9224=CARTESIAN_POINT('',(-5.23842578643602,41.000000551343,13.3077239217931));
#9225=CARTESIAN_POINT('Origin',(-3.39024413089261,41.000000551343,14.9912394602164));
#9226=CARTESIAN_POINT('',(-5.27232758553044,37.000000551343,13.3457116209567));
#9227=CARTESIAN_POINT('Ctrl Pts',(-5.27232758553044,37.000000551343,13.3457116209567));
#9228=CARTESIAN_POINT('Ctrl Pts',(-5.25952529505161,38.3311860487414,13.3310689157306));
#9229=CARTESIAN_POINT('Ctrl Pts',(-5.24812189017595,39.668758691071,13.3183684098619));
#9230=CARTESIAN_POINT('Ctrl Pts',(-5.23842578643602,41.000000551343,13.3077239217931));
#9231=CARTESIAN_POINT('Origin',(-3.39024413089261,37.000000551343,14.9912394602164));
#9232=CARTESIAN_POINT('Origin',(-3.39024413089261,55.2042042777423,14.9912394602164));
#9233=CARTESIAN_POINT('',(-5.19999999999999,51.2042042777423,13.2664833341999));
#9234=CARTESIAN_POINT('',(-5.19999999999999,55.2042042777423,13.2664833341999));
#9235=CARTESIAN_POINT('',(-5.19999999999999,55.2042042777423,13.2664833341999));
#9236=CARTESIAN_POINT('',(-5.20022319902744,51.2042042777423,16.715761357124));
#9237=CARTESIAN_POINT('Origin',(-3.39024413089261,51.2042042777423,14.9912394602164));
#9238=CARTESIAN_POINT('',(-5.19999999999999,51.8033513747883,16.7159955862329));
#9239=CARTESIAN_POINT('Ctrl Pts',(-5.19999999999999,51.8033513747883,16.7159955862329));
#9240=CARTESIAN_POINT('Ctrl Pts',(-5.19999999999999,51.6052209390446,16.7159955862329));
#9241=CARTESIAN_POINT('Ctrl Pts',(-5.20007383388723,51.4054604821345,16.7159181239228));
#9242=CARTESIAN_POINT('Ctrl Pts',(-5.20022319902744,51.2042042777423,16.715761357124));
#9243=CARTESIAN_POINT('',(-5.19999999999999,55.2042042777423,16.7159955862329));
#9244=CARTESIAN_POINT('',(-5.19999999999999,55.2042042777423,16.7159955862329));
#9245=CARTESIAN_POINT('Origin',(-3.39024413089261,55.2042042777423,14.9912394602164));
#9246=CARTESIAN_POINT('Origin',(11.8,51.2042042777423,5.32727272727273));
#9247=CARTESIAN_POINT('',(-5.19999999999999,51.2042042777423,13.2536707711772));
#9248=CARTESIAN_POINT('',(-5.19999999999999,51.2042042777423,5.));
#9249=CARTESIAN_POINT('',(-13.1,51.2042042777423,5.32727272727273));
#9250=CARTESIAN_POINT('Origin',(-13.1,51.2042042777423,13.2536707711772));
#9251=CARTESIAN_POINT('',(11.8,51.2042042777423,5.32727272727273));
#9252=CARTESIAN_POINT('',(14.3,51.2042042777423,5.32727272727273));
#9253=CARTESIAN_POINT('',(11.8,51.2042042777423,18.2363344991764));
#9254=CARTESIAN_POINT('',(11.8,51.2042042777423,2.66363636363636));
#9255=CARTESIAN_POINT('',(-5.35806721447723,51.2042042777423,18.2363344991764));
#9256=CARTESIAN_POINT('',(14.3,51.2042042777423,18.2363344991764));
#9257=CARTESIAN_POINT('Origin',(-13.1,51.2042042777423,16.6560808765283));
#9258=CARTESIAN_POINT('Origin',(-5.19999999999999,53.2042042777423,14.9977413086069));
#9259=CARTESIAN_POINT('',(-5.19999999999999,55.2042042777423,17.0560808765283));
#9260=CARTESIAN_POINT('',(-5.19999999999999,54.6519041182437,17.0008508605784));
#9261=CARTESIAN_POINT('',(-5.19999999999999,55.2042042777423,25.000000372529));
#9262=CARTESIAN_POINT('Origin',(-5.19999999999999,53.2042042777423,14.9977413086069));
#9263=CARTESIAN_POINT('',(-5.19999999999999,55.2042042777423,12.9263980439045));
#9264=CARTESIAN_POINT('',(-5.19999999999999,55.2042042777423,25.000000372529));
#9265=CARTESIAN_POINT('',(-5.19999999999999,27.0505482753914,15.2298789895514));
#9266=CARTESIAN_POINT('Origin',(11.8,55.2042042777423,24.9954826172138));
#9267=CARTESIAN_POINT('',(-12.7932909238749,55.2042042777423,24.9894968392803));
#9268=CARTESIAN_POINT('Origin',(-13.1,55.2042042777423,17.0560808765283));
#9269=CARTESIAN_POINT('',(0.290778884597117,55.2042042777423,24.9894968392803));
#9270=CARTESIAN_POINT('',(20.55,55.2042042777423,24.9894968392803));
#9271=CARTESIAN_POINT('Origin',(-0.231142854774876,55.2042042777423,18.5));
#9272=CARTESIAN_POINT('',(-13.1,55.2042042777423,5.));
#9273=CARTESIAN_POINT('',(20.55,55.2042042777423,5.));
#9274=CARTESIAN_POINT('Origin',(-13.1,55.2042042777423,12.9263980439045));
#9275=CARTESIAN_POINT('Origin',(11.8,41.000000551343,23.5750622445739));
#9276=CARTESIAN_POINT('',(-5.60500970229066,41.000000551343,18.1451368719013));
#9277=CARTESIAN_POINT('Origin',(-13.1,41.000000551343,15.6356605038884));
#9278=CARTESIAN_POINT('',(11.8,41.000000551343,18.1451368719013));
#9279=CARTESIAN_POINT('',(14.3,41.000000551343,18.1451368719013));
#9280=CARTESIAN_POINT('',(11.8,41.000000551343,6.16216212306904));
#9281=CARTESIAN_POINT('',(11.8,41.000000551343,11.7875311222869));
#9282=CARTESIAN_POINT('',(-13.1,41.000000551343,6.16216212306904));
#9283=CARTESIAN_POINT('',(14.3,41.000000551343,6.16216212306904));
#9284=CARTESIAN_POINT('Origin',(-13.1,41.000000551343,14.0885601669736));
#9285=CARTESIAN_POINT('Origin',(-13.1,47.6137275643437,16.2970332051884));
#9286=CARTESIAN_POINT('',(-13.1,30.6792926783439,22.5429914572739));
#9287=CARTESIAN_POINT('Ctrl Pts',(-13.1,30.6792926783439,22.5429914572739));
#9288=CARTESIAN_POINT('Ctrl Pts',(-13.0210094141082,30.6792926783439,22.5429914572739));
#9289=CARTESIAN_POINT('Ctrl Pts',(-12.9595599977884,30.702179868356,22.5442290915966));
#9290=CARTESIAN_POINT('Ctrl Pts',(-12.8464447196086,30.7540705080731,22.5465826422427));
#9291=CARTESIAN_POINT('Ctrl Pts',(-12.7955420584839,30.7847174504994,22.5477939939086));
#9292=CARTESIAN_POINT('Ctrl Pts',(-12.645699571371,30.8819258290985,22.5507549273911));
#9293=CARTESIAN_POINT('Ctrl Pts',(-12.5523563702482,30.953167088328,22.551862332753));
#9294=CARTESIAN_POINT('Ctrl Pts',(-12.264990084362,31.1781982858499,22.5507830871741));
#9295=CARTESIAN_POINT('Ctrl Pts',(-12.0710999083501,31.341906671457,22.5443136007493));
#9296=CARTESIAN_POINT('Ctrl Pts',(-11.4647875052808,31.8586696678099,22.4998669262975));
#9297=CARTESIAN_POINT('Ctrl Pts',(-11.0279221909181,32.24185623895,22.4356096109163));
#9298=CARTESIAN_POINT('Ctrl Pts',(-9.70152222037005,33.4114807181244,22.1050659478919));
#9299=CARTESIAN_POINT('Ctrl Pts',(-8.75739743095121,34.2564534838575,21.68209342856));
#9300=CARTESIAN_POINT('Ctrl Pts',(-7.38518794761156,35.4643162806372,20.6127346538292));
#9301=CARTESIAN_POINT('Ctrl Pts',(-6.83043061680631,35.9466252756519,20.0362737946788));
#9302=CARTESIAN_POINT('Ctrl Pts',(-5.93292899401188,36.67487859559,18.6510984950138));
#9303=CARTESIAN_POINT('Ctrl Pts',(-5.59140471427906,36.91874329579,17.8405018973142));
#9304=CARTESIAN_POINT('Ctrl Pts',(-5.36833026763117,36.9930870772472,16.8715090497348));
#9305=CARTESIAN_POINT('Ctrl Pts',(-5.33983329523392,36.9990658917306,16.7298635450965));
#9306=CARTESIAN_POINT('Ctrl Pts',(-5.31517752275453,36.9998992773187,16.5864295544983));
#9307=CARTESIAN_POINT('',(-13.1,46.402978237217,24.1153600131613));
#9308=CARTESIAN_POINT('',(-13.1,46.8276481840778,24.1578270078473));
#9309=CARTESIAN_POINT('Ctrl Pts',(-5.60500970229067,41.000000551343,18.1451368719013));
#9310=CARTESIAN_POINT('Ctrl Pts',(-5.79390777795289,41.000000551343,18.714955801067));
#9311=CARTESIAN_POINT('Ctrl Pts',(-6.05230691908022,41.083374021862,19.2798749376401));
#9312=CARTESIAN_POINT('Ctrl Pts',(-6.77611435248856,41.4350285593751,20.5045091302448));
#9313=CARTESIAN_POINT('Ctrl Pts',(-7.28431435409,41.7587393363524,21.1286771581079));
#9314=CARTESIAN_POINT('Ctrl Pts',(-8.53770779554514,42.6354449720812,22.359716226842));
#9315=CARTESIAN_POINT('Ctrl Pts',(-9.41959572922262,43.3204621118222,22.9618419310614));
#9316=CARTESIAN_POINT('Ctrl Pts',(-11.2593270080972,44.8216563793964,23.8015025806812));
#9317=CARTESIAN_POINT('Ctrl Pts',(-12.2174244754237,45.6376402459882,24.0388262140384));
#9318=CARTESIAN_POINT('Ctrl Pts',(-13.1,46.402978237217,24.1153600131613));
#9319=CARTESIAN_POINT('Origin',(11.8,21.2763149924699,7.77591821424957));
#9320=CARTESIAN_POINT('',(-12.8650434148984,21.2763149924697,7.77591821424958));
#9321=CARTESIAN_POINT('Ctrl Pts',(-12.8650442712196,21.2761462058675,7.7759320240625));
#9322=CARTESIAN_POINT('Ctrl Pts',(-12.6590132618905,21.2761490714077,7.77592822071164));
#9323=CARTESIAN_POINT('Ctrl Pts',(-12.4534133805352,21.276158280898,7.78410425877797));
#9324=CARTESIAN_POINT('Ctrl Pts',(-12.2486895647439,21.276167386306,7.80026103438303));
#9325=CARTESIAN_POINT('Ctrl Pts',(-12.0405957182344,21.2761766416014,7.81668377235248));
#9326=CARTESIAN_POINT('Ctrl Pts',(-11.8334063833864,21.2761858230371,7.8413521415919));
#9327=CARTESIAN_POINT('Ctrl Pts',(-11.6275824571234,21.2761921501616,7.87411027455315));
#9328=CARTESIAN_POINT('Ctrl Pts',(-11.4213358096186,21.2761984902808,7.90693568617777));
#9329=CARTESIAN_POINT('Ctrl Pts',(-11.2164595148379,21.2762020083499,7.94788422887304));
#9330=CARTESIAN_POINT('Ctrl Pts',(-11.0134208472069,21.2762032803602,7.99685123694246));
#9331=CARTESIAN_POINT('Ctrl Pts',(-10.8120435422067,21.2762045419624,8.04541757277397));
#9332=CARTESIAN_POINT('Ctrl Pts',(-10.6124732775413,21.2762036415622,8.10187186534973));
#9333=CARTESIAN_POINT('Ctrl Pts',(-10.4151791545869,21.2762037662013,8.16616103376108));
#9334=CARTESIAN_POINT('Ctrl Pts',(-10.2835418575674,21.2762038493622,8.20905563310635));
#9335=CARTESIAN_POINT('Ctrl Pts',(-10.1529181223002,21.276204441797,8.25543911602096));
#9336=CARTESIAN_POINT('Ctrl Pts',(-10.0234527213959,21.2762069918823,8.30530745882744));
#9337=CARTESIAN_POINT('Ctrl Pts',(-9.97448223596269,21.276207956456,8.32417023558422));
#9338=CARTESIAN_POINT('Ctrl Pts',(-9.92567753173872,21.2762092047188,8.3435317018986));
#9339=CARTESIAN_POINT('Ctrl Pts',(-9.87704588224364,21.2762105967073,8.36338874131196));
#9340=CARTESIAN_POINT('Ctrl Pts',(-9.68582021728744,21.2762160701782,8.44146907799198));
#9341=CARTESIAN_POINT('Ctrl Pts',(-9.49798419396793,21.2762239296909,8.52691592817826));
#9342=CARTESIAN_POINT('Ctrl Pts',(-9.31392432773918,21.2762308875279,8.6194003920541));
#9343=CARTESIAN_POINT('Ctrl Pts',(-9.12765161943089,21.2762379290148,8.71299674152217));
#9344=CARTESIAN_POINT('Ctrl Pts',(-8.94524578703181,21.2762440965402,8.81380115074222));
#9345=CARTESIAN_POINT('Ctrl Pts',(-8.76712052017002,21.2762485249783,8.92152411288848));
#9346=CARTESIAN_POINT('Ctrl Pts',(-8.58912717912834,21.2762529501366,9.02916729163076));
#9347=CARTESIAN_POINT('Ctrl Pts',(-8.41540745588019,21.2762556942842,9.1437190928472));
#9348=CARTESIAN_POINT('Ctrl Pts',(-8.24639633621827,21.2762576189133,9.26493755240229));
#9349=CARTESIAN_POINT('Ctrl Pts',(-8.07932054451766,21.2762595215038,9.38476795255232));
#9350=CARTESIAN_POINT('Ctrl Pts',(-7.91684559846432,21.2762606783847,9.51111357434202));
#9351=CARTESIAN_POINT('Ctrl Pts',(-7.75942189749922,21.2762627818763,9.64378133287166));
#9352=CARTESIAN_POINT('Ctrl Pts',(-7.6968619331253,21.276263617801,9.69650331943594));
#9353=CARTESIAN_POINT('Ctrl Pts',(-7.63510007147375,21.2762646083352,9.75022415825636));
#9354=CARTESIAN_POINT('Ctrl Pts',(-7.57416621663585,21.2762658685699,9.80493335145666));
#9355=CARTESIAN_POINT('Ctrl Pts',(-7.488838743842,21.2762676333136,9.88154424710395));
#9356=CARTESIAN_POINT('Ctrl Pts',(-7.40513476600256,21.2762699297823,9.96009313910618));
#9357=CARTESIAN_POINT('Ctrl Pts',(-7.32310202858735,21.2762718885302,10.0405178399082));
#9358=CARTESIAN_POINT('Ctrl Pts',(-7.1752501491927,21.2762754188835,10.1854714710804));
#9359=CARTESIAN_POINT('Ctrl Pts',(-7.03328637165959,21.2762794822705,10.3360640848339));
#9360=CARTESIAN_POINT('Ctrl Pts',(-6.89741509705734,21.2762832669384,10.4918482302817));
#9361=CARTESIAN_POINT('Ctrl Pts',(-6.7608523225818,21.276287070868,10.6484252196706));
#9362=CARTESIAN_POINT('Ctrl Pts',(-6.63044381280205,21.2762906513839,10.810247198538));
#9363=CARTESIAN_POINT('Ctrl Pts',(-6.50643268930375,21.2762938852463,10.9768988247669));
#9364=CARTESIAN_POINT('Ctrl Pts',(-6.38267926504304,21.2762971123887,11.1432041433758));
#9365=CARTESIAN_POINT('Ctrl Pts',(-6.26529628913691,21.2763000538366,11.3143195800831));
#9366=CARTESIAN_POINT('Ctrl Pts',(-6.15456655946177,21.2763023996104,11.4898635049921));
#9367=CARTESIAN_POINT('Ctrl Pts',(-6.10725649637036,21.2763034018589,11.5648658931234));
#9368=CARTESIAN_POINT('Ctrl Pts',(-6.06116152043874,21.2763042877941,11.6406770374204));
#9369=CARTESIAN_POINT('Ctrl Pts',(-6.0163062530807,21.2763049813846,11.7172685500327));
#9370=CARTESIAN_POINT('Ctrl Pts',(-5.91074523008095,21.2763066136596,11.8975166881144));
#9371=CARTESIAN_POINT('Ctrl Pts',(-5.81231514062094,21.2763078896196,12.081627388299));
#9372=CARTESIAN_POINT('Ctrl Pts',(-5.72126404352341,21.2763091164067,12.2691846991142));
#9373=CARTESIAN_POINT('Ctrl Pts',(-5.63090887259492,21.2763103338171,12.4553084627788));
#9374=CARTESIAN_POINT('Ctrl Pts',(-5.54782000269342,21.2763115602433,12.6448269055658));
#9375=CARTESIAN_POINT('Ctrl Pts',(-5.47228272613834,21.2763127366891,12.8373608597969));
#9376=CARTESIAN_POINT('Ctrl Pts',(-5.40445900927975,21.2763137930011,13.0102340290846));
#9377=CARTESIAN_POINT('Ctrl Pts',(-5.34272371466979,21.2763148334671,13.1855389024493));
#9378=CARTESIAN_POINT('Ctrl Pts',(-5.28731652238159,21.2763149924698,13.3630145658367));
#9379=CARTESIAN_POINT('',(11.8,21.2763149924699,7.77591821424957));
#9380=CARTESIAN_POINT('',(14.3,21.2763149924699,7.77591821424957));
#9381=CARTESIAN_POINT('',(11.8,21.2763149924699,15.6048960603013));
#9382=CARTESIAN_POINT('',(11.8,21.2763149924699,3.88795910712479));
#9383=CARTESIAN_POINT('',(14.3,21.2763149924699,15.6048960603013));
#9384=CARTESIAN_POINT('Ctrl Pts',(-5.25821772196554,26.0095956614724,13.8021256979533));
#9385=CARTESIAN_POINT('Ctrl Pts',(-5.26890650671101,24.4323062610317,13.6552075325256));
#9386=CARTESIAN_POINT('Ctrl Pts',(-5.27860480145918,22.8578146411843,13.5091618062436));
#9387=CARTESIAN_POINT('Ctrl Pts',(-5.28731652238159,21.2763149924698,13.3630145658367));
#9388=CARTESIAN_POINT('Ctrl Pts',(-5.55510440941776,25.8769216617584,12.2804701657732));
#9389=CARTESIAN_POINT('Ctrl Pts',(-5.61286361523389,24.3004193079328,12.1835678709055));
#9390=CARTESIAN_POINT('Ctrl Pts',(-5.66347505847526,22.7259705517755,12.0896817382075));
#9391=CARTESIAN_POINT('Ctrl Pts',(-5.71021953634959,21.1440004749756,11.9985146089199));
#9392=CARTESIAN_POINT('Ctrl Pts',(-6.82491206795022,25.6473582783548,9.90204223610657));
#9393=CARTESIAN_POINT('Ctrl Pts',(-6.91276099740088,24.0696052770943,9.907349986818));
#9394=CARTESIAN_POINT('Ctrl Pts',(-6.98871041250977,22.4933121339334,9.91586136345144));
#9395=CARTESIAN_POINT('Ctrl Pts',(-7.05264877770149,20.9089126959214,9.92729855539156));
#9396=CARTESIAN_POINT('Ctrl Pts',(-9.90173979193024,25.3951808438105,7.85536297382067));
#9397=CARTESIAN_POINT('Ctrl Pts',(-9.93799500180085,23.8060998384726,7.96373064539731));
#9398=CARTESIAN_POINT('Ctrl Pts',(-9.95810029468114,22.2189036883475,8.07252293997159));
#9399=CARTESIAN_POINT('Ctrl Pts',(-9.96233416650072,20.6239261863029,8.18261846897095));
#9400=CARTESIAN_POINT('Ctrl Pts',(-11.9731058323492,25.3046780786861,7.44632487083188));
#9401=CARTESIAN_POINT('Ctrl Pts',(-11.9557826777968,23.7046472530596,7.57730933718768));
#9402=CARTESIAN_POINT('Ctrl Pts',(-11.922199136753,22.1072154546098,7.70787262875765));
#9403=CARTESIAN_POINT('Ctrl Pts',(-11.8711908575187,20.5025162353464,7.83922902165059));
#9404=CARTESIAN_POINT('Ctrl Pts',(-13.0100580956204,25.2763149924699,7.44864548697684));
#9405=CARTESIAN_POINT('Ctrl Pts',(-12.9658251862353,23.6699167824313,7.58007806779818));
#9406=CARTESIAN_POINT('Ctrl Pts',(-12.9052137861036,22.0665245892883,7.71126470178261));
#9407=CARTESIAN_POINT('Ctrl Pts',(-12.8264895074495,20.4561270046364,7.84302450416323));
#9408=CARTESIAN_POINT('',(-13.0100580956204,25.2763149924699,7.44864548697684));
#9409=CARTESIAN_POINT('Ctrl Pts',(-5.33652431690424,25.2763780835056,13.4220027873415));
#9410=CARTESIAN_POINT('Ctrl Pts',(-5.38802008538184,25.2763781902837,13.2218178767353));
#9411=CARTESIAN_POINT('Ctrl Pts',(-5.44743439793116,25.2763795793507,13.0238080603279));
#9412=CARTESIAN_POINT('Ctrl Pts',(-5.51448894154734,25.276381440015,12.8283631089136));
#9413=CARTESIAN_POINT('Ctrl Pts',(-5.58201917012273,25.2763833138788,12.6315316709359));
#9414=CARTESIAN_POINT('Ctrl Pts',(-5.65729871124447,25.2763856130431,12.4373010395503));
#9415=CARTESIAN_POINT('Ctrl Pts',(-5.74009184951389,25.2763872675079,12.2460896807028));
#9416=CARTESIAN_POINT('Ctrl Pts',(-5.77955539896486,25.2763880561125,12.1549483243876));
#9417=CARTESIAN_POINT('Ctrl Pts',(-5.82072669879606,25.2763886997037,12.0644932900717));
#9418=CARTESIAN_POINT('Ctrl Pts',(-5.86358376314381,25.2763891171165,11.9747720919477));
#9419=CARTESIAN_POINT('Ctrl Pts',(-5.95319848361476,25.2763899899327,11.7871638128328));
#9420=CARTESIAN_POINT('Ctrl Pts',(-6.04994395987769,25.2763891564223,11.6032585429427));
#9421=CARTESIAN_POINT('Ctrl Pts',(-6.15354149286816,25.2763870442964,11.4234475932977));
#9422=CARTESIAN_POINT('Ctrl Pts',(-6.25739765242131,25.2763849268978,11.2431877537371));
#9423=CARTESIAN_POINT('Ctrl Pts',(-6.36814047551385,25.2763814696251,11.0670421436209));
#9424=CARTESIAN_POINT('Ctrl Pts',(-6.48553587938148,25.2763769764937,10.8954288312645));
#9425=CARTESIAN_POINT('Ctrl Pts',(-6.60215355728682,25.2763725131286,10.7249524299293));
#9426=CARTESIAN_POINT('Ctrl Pts',(-6.72533635895916,25.2763669752364,10.5589479706406));
#9427=CARTESIAN_POINT('Ctrl Pts',(-6.85489516840904,25.2763613361657,10.3978566137722));
#9428=CARTESIAN_POINT('Ctrl Pts',(-6.92712845360813,25.2763581921989,10.3080428992653));
#9429=CARTESIAN_POINT('Ctrl Pts',(-7.00134436274989,25.27635503332,10.2197569906731));
#9430=CARTESIAN_POINT('Ctrl Pts',(-7.0775149444361,25.2763522113177,10.1330804997515));
#9431=CARTESIAN_POINT('Ctrl Pts',(-7.19035837898569,25.276348030643,10.0046730133731));
#9432=CARTESIAN_POINT('Ctrl Pts',(-7.30719116836517,25.2763435297337,9.8801383374026));
#9433=CARTESIAN_POINT('Ctrl Pts',(-7.42787325834299,25.2763420731292,9.75969376949374));
#9434=CARTESIAN_POINT('Ctrl Pts',(-7.5810380832488,25.2763402244658,9.60683039798595));
#9435=CARTESIAN_POINT('Ctrl Pts',(-7.74040186517771,25.2763432160885,9.46055339689232));
#9436=CARTESIAN_POINT('Ctrl Pts',(-7.90543554763689,25.2763469045463,9.32109870259512));
#9437=CARTESIAN_POINT('Ctrl Pts',(-8.06439947689231,25.2763504573468,9.18677299508944));
#9438=CARTESIAN_POINT('Ctrl Pts',(-8.22862479388717,25.2763546142965,9.05877689258365));
#9439=CARTESIAN_POINT('Ctrl Pts',(-8.39767535449307,25.2763568961662,8.93736146657208));
#9440=CARTESIAN_POINT('Ctrl Pts',(-8.56667686086718,25.2763591773737,8.81598127227124));
#9441=CARTESIAN_POINT('Ctrl Pts',(-8.7405014144103,25.2763595376547,8.70117759854697));
#9442=CARTESIAN_POINT('Ctrl Pts',(-8.91873997462087,25.2763574147886,8.59324582400785));
#9443=CARTESIAN_POINT('Ctrl Pts',(-9.09523851747498,25.2763553126466,8.48636771126218));
#9444=CARTESIAN_POINT('Ctrl Pts',(-9.27606591177008,25.2763507341613,8.38622772359634));
#9445=CARTESIAN_POINT('Ctrl Pts',(-9.46084213515804,25.2763456636407,8.29316065930339));
#9446=CARTESIAN_POINT('Ctrl Pts',(-9.48415300067037,25.2763450239577,8.28141957173496));
#9447=CARTESIAN_POINT('Ctrl Pts',(-9.50752673004425,25.2763443802549,8.26979112062365));
#9448=CARTESIAN_POINT('Ctrl Pts',(-9.53096257239113,25.2763437399299,8.25827603640056));
#9449=CARTESIAN_POINT('Ctrl Pts',(-9.67941583988096,25.2763396838202,8.18533426400604));
#9450=CARTESIAN_POINT('Ctrl Pts',(-9.8300043682976,25.2763361554904,8.11711491753259));
#9451=CARTESIAN_POINT('Ctrl Pts',(-9.98251274361512,25.2763366927101,8.05374577823022));
#9452=CARTESIAN_POINT('Ctrl Pts',(-10.1831862723965,25.2763373995943,7.97036341465071));
#9453=CARTESIAN_POINT('Ctrl Pts',(-10.3871834547391,25.2763450056127,7.89537639455336));
#9454=CARTESIAN_POINT('Ctrl Pts',(-10.5939729308716,25.2763517886671,7.82887871833696));
#9455=CARTESIAN_POINT('Ctrl Pts',(-10.8007624070041,25.2763585717214,7.76238104212057));
#9456=CARTESIAN_POINT('Ctrl Pts',(-11.0103449889171,25.2763644905847,7.70437254863797));
#9457=CARTESIAN_POINT('Ctrl Pts',(-11.2222031464776,25.2763654112385,7.65500643588436));
#9458=CARTESIAN_POINT('Ctrl Pts',(-11.4259542532154,25.2763662966621,7.60752938697241));
#9459=CARTESIAN_POINT('Ctrl Pts',(-11.6313431806855,25.2763626568021,7.56815507589135));
#9460=CARTESIAN_POINT('Ctrl Pts',(-11.8378961445401,25.2763557143777,7.53696072046574));
#9461=CARTESIAN_POINT('Ctrl Pts',(-12.0434426432459,25.2763488057814,7.50591836494849));
#9462=CARTESIAN_POINT('Ctrl Pts',(-12.250142528754,25.2763385955355,7.48297635720311));
#9463=CARTESIAN_POINT('Ctrl Pts',(-12.457538061356,25.2763296970745,7.46826105193958));
#9464=CARTESIAN_POINT('Ctrl Pts',(-12.6412711793145,25.2763218138672,7.45522466256389));
#9465=CARTESIAN_POINT('Ctrl Pts',(-12.8255506874982,25.2763149924698,7.44864548697684));
#9466=CARTESIAN_POINT('Ctrl Pts',(-13.0100580956204,25.2763149924698,7.44864548697684));
#9467=CARTESIAN_POINT('Ctrl Pts',(-13.0100580956204,25.2763149924699,7.44864548697684));
#9468=CARTESIAN_POINT('Ctrl Pts',(-12.9733396746765,23.9428190388962,7.55774970136014));
#9469=CARTESIAN_POINT('Ctrl Pts',(-12.9253349726792,22.6113945064356,7.66668443583419));
#9470=CARTESIAN_POINT('Ctrl Pts',(-12.8650518754054,21.2763146131018,7.77591824528878));
#9471=CARTESIAN_POINT('Origin',(11.8,25.2763149924699,22.0026936886865));
#9472=CARTESIAN_POINT('',(11.8,25.2763149924699,16.572768316014));
#9473=CARTESIAN_POINT('',(14.3,25.2763149924699,16.572768316014));
#9474=CARTESIAN_POINT('',(11.8,25.2763149924699,7.44864548697684));
#9475=CARTESIAN_POINT('',(11.8,25.2763149924699,11.0013468443433));
#9476=CARTESIAN_POINT('',(14.3,25.2763149924699,7.44864548697684));
#9477=CARTESIAN_POINT('Origin',(23.3984269559468,55.5966858143172,18.5));
#9478=CARTESIAN_POINT('',(11.8,58.0145364009036,18.5));
#9479=CARTESIAN_POINT('',(0.611716536610251,69.2216981540835,18.5));
#9480=CARTESIAN_POINT('',(18.7983601406607,51.0043677400867,18.5));
#9481=CARTESIAN_POINT('',(-0.0397332789547722,79.0743938835679,25.));
#9482=CARTESIAN_POINT('Ctrl Pts',(0.611716536610264,69.2216981540835,18.5));
#9483=CARTESIAN_POINT('Ctrl Pts',(0.533480239334859,69.3000664615548,19.3231061097803));
#9484=CARTESIAN_POINT('Ctrl Pts',(0.466364614234389,69.6007696393095,20.1573684264141));
#9485=CARTESIAN_POINT('Ctrl Pts',(0.351034784664745,70.5440152166519,21.6327745178468));
#9486=CARTESIAN_POINT('Ctrl Pts',(0.302347011506305,71.1837845573377,22.2756522754173));
#9487=CARTESIAN_POINT('Ctrl Pts',(0.201731061254505,72.8180360225472,23.5154987372919));
#9488=CARTESIAN_POINT('Ctrl Pts',(0.148327965758694,74.0088056298879,24.0895904599823));
#9489=CARTESIAN_POINT('Ctrl Pts',(0.0490025590900889,76.525614453582,24.832189373944));
#9490=CARTESIAN_POINT('Ctrl Pts',(0.00295286036727322,77.8518541143812,
25.));
#9491=CARTESIAN_POINT('Ctrl Pts',(-0.0397332789547677,79.0743938835679,
25.));
#9492=CARTESIAN_POINT('',(5.30000000000001,73.7256507299016,25.));
#9493=CARTESIAN_POINT('',(23.3984269559468,55.5966858143172,25.));
#9494=CARTESIAN_POINT('Origin',(5.30000000000002,73.7256507299016,18.5));
#9495=CARTESIAN_POINT('Origin',(5.30000000000001,21.25,18.5));
#9496=CARTESIAN_POINT('',(5.30000000000002,82.7083020049948,25.));
#9497=CARTESIAN_POINT('',(5.30000000000001,21.25,25.));
#9498=CARTESIAN_POINT('',(5.81141510518265,82.9150676518747,24.9798498894795));
#9499=CARTESIAN_POINT('Ctrl Pts',(5.30000000000001,82.7083020049948,25.));
#9500=CARTESIAN_POINT('Ctrl Pts',(5.46765927766698,82.777886986883,25.));
#9501=CARTESIAN_POINT('Ctrl Pts',(5.63852598225899,82.8470109726646,24.9934949754759));
#9502=CARTESIAN_POINT('Ctrl Pts',(5.81141510517873,82.9150676518848,24.9798498894801));
#9503=CARTESIAN_POINT('',(11.8,75.2386441790708,18.5));
#9504=CARTESIAN_POINT('Ctrl Pts',(5.81141510517993,82.9150676518723,24.97984988948));
#9505=CARTESIAN_POINT('Ctrl Pts',(6.49593339633129,82.1318613227024,24.9258250278184));
#9506=CARTESIAN_POINT('Ctrl Pts',(7.21054416827225,81.31273290797,24.75725962381));
#9507=CARTESIAN_POINT('Ctrl Pts',(8.74710308108718,79.5272585155508,24.0888727738617));
#9508=CARTESIAN_POINT('Ctrl Pts',(9.55044457928369,78.575856629278,23.5137000755773));
#9509=CARTESIAN_POINT('Ctrl Pts',(10.6284575433213,77.2248763838697,22.2808434725242));
#9510=CARTESIAN_POINT('Ctrl Pts',(11.0447362085538,76.6776566816983,21.6427011323039));
#9511=CARTESIAN_POINT('Ctrl Pts',(11.6317173626608,75.7847552033135,20.1697066997796));
#9512=CARTESIAN_POINT('Ctrl Pts',(11.8,75.44033658743,19.3331263759176));
#9513=CARTESIAN_POINT('Ctrl Pts',(11.8,75.2386441790708,18.5));
#9514=CARTESIAN_POINT('',(11.8,21.25,18.5));
#9515=CARTESIAN_POINT('Origin',(11.8,58.0145364009036,5.));
#9516=CARTESIAN_POINT('',(0.659028452948232,69.1743064070843,17.5));
#9517=CARTESIAN_POINT('',(0.659028452948232,69.1743064070843,5.));
#9518=CARTESIAN_POINT('Origin',(-4.63980009424081,74.4820758093374,17.5));
#9519=CARTESIAN_POINT('',(11.8,58.0145364009036,5.));
#9520=CARTESIAN_POINT('',(11.8,58.0145364009036,2.5));
#9521=CARTESIAN_POINT('',(-4.6398000942408,74.4820758093374,5.));
#9522=CARTESIAN_POINT('',(18.7983601406607,51.0043677400867,5.));
#9523=CARTESIAN_POINT('Origin',(-4.63980009424081,74.4820758093374,12.5));
#9524=CARTESIAN_POINT('Origin',(11.8,-1.11230402851006E-14,0.));
#9525=CARTESIAN_POINT('',(11.8,83.5,5.));
#9526=CARTESIAN_POINT('Origin',(11.8,83.5,13.5));
#9527=CARTESIAN_POINT('',(11.8,51.25,5.));
#9528=CARTESIAN_POINT('Origin',(11.8,83.5,16.5));
#9529=CARTESIAN_POINT('Origin',(3.67746578510483,51.2890005380136,18.5));
#9530=CARTESIAN_POINT('',(-0.599886029705932,55.5735696428902,25.));
#9531=CARTESIAN_POINT('Origin',(-0.59988602970593,55.5735696428902,18.5));
#9532=CARTESIAN_POINT('',(-11.0816734309658,66.0730432442475,25.));
#9533=CARTESIAN_POINT('',(3.67746578510483,51.2890005380136,25.));
#9534=CARTESIAN_POINT('',(-10.6898087544228,67.0129269806428,24.931472522805));
#9535=CARTESIAN_POINT('Ctrl Pts',(-11.0816734309658,66.0730432442475,25.));
#9536=CARTESIAN_POINT('Ctrl Pts',(-10.9588811849252,66.3822313534639,25.));
#9537=CARTESIAN_POINT('Ctrl Pts',(-10.8273819243684,66.6981111047005,24.9782782953102));
#9538=CARTESIAN_POINT('Ctrl Pts',(-10.6898087544683,67.0129269806636,24.9314725228103));
#9539=CARTESIAN_POINT('Ctrl Pts',(-10.689808754423,67.0129269806245,24.9314725228096));
#9540=CARTESIAN_POINT('Ctrl Pts',(-9.88282562523427,66.9829583686543,24.8509802714466));
#9541=CARTESIAN_POINT('Ctrl Pts',(-9.05978897383399,66.9516594504804,24.6957870214646));
#9542=CARTESIAN_POINT('Ctrl Pts',(-7.00541325565829,66.8671147743741,24.0895904599823));
#9543=CARTESIAN_POINT('Ctrl Pts',(-5.81473537301247,66.8117042324801,23.5154987372919));
#9544=CARTESIAN_POINT('Ctrl Pts',(-4.18065585904868,66.7083332354428,22.2756522754173));
#9545=CARTESIAN_POINT('Ctrl Pts',(-3.54096951043454,66.6585669422977,21.6327745178468));
#9546=CARTESIAN_POINT('Ctrl Pts',(-2.59791970850095,66.5416470558903,20.1573684264141));
#9547=CARTESIAN_POINT('Ctrl Pts',(-2.29733010853347,66.4740245697207,19.3231061097803));
#9548=CARTESIAN_POINT('Ctrl Pts',(-2.21909381125807,66.3956562622494,18.5));
#9549=CARTESIAN_POINT('Origin',(24.3,42.5,25.));
#9550=CARTESIAN_POINT('',(-13.1945164632596,55.5735696428902,25.));
#9551=CARTESIAN_POINT('',(20.55,55.5735696428902,25.));
#9552=CARTESIAN_POINT('Origin',(16.8,55.,25.));
#9553=CARTESIAN_POINT('Origin',(24.3,42.5,25.));
#9554=CARTESIAN_POINT('',(-9.24972141820075,69.8799198261998,25.));
#9555=CARTESIAN_POINT('',(-5.38816023490151,73.7349762697026,25.));
#9556=CARTESIAN_POINT('Origin',(16.8,55.,25.));
#9557=CARTESIAN_POINT('Origin',(20.55,55.5735696428902,18.5));
#9558=CARTESIAN_POINT('',(-13.1,54.9267954692537,24.9677417363649));
#9559=CARTESIAN_POINT('Ctrl Pts',(-13.1,54.9267954692537,24.9677417363649));
#9560=CARTESIAN_POINT('Ctrl Pts',(-12.9986628029103,55.0182597100087,24.9768881604404));
#9561=CARTESIAN_POINT('Ctrl Pts',(-12.8963708837414,55.1107798959516,24.9841793652529));
#9562=CARTESIAN_POINT('Ctrl Pts',(-12.7932909238749,55.2042042777423,24.9894968392803));
#9563=CARTESIAN_POINT('',(-13.2,54.9267954692537,24.9677417363649));
#9564=CARTESIAN_POINT('',(20.55,54.9267954692537,24.9677417363649));
#9565=CARTESIAN_POINT('',(-13.2,55.0000000000009,24.9746442268866));
#9566=CARTESIAN_POINT('Origin',(-13.2,55.5735696428902,18.5));
#9567=CARTESIAN_POINT('Ctrl Pts',(-13.2,55.0000000000009,24.9746442268866));
#9568=CARTESIAN_POINT('Ctrl Pts',(-13.2,55.1930343409811,24.9917445700316));
#9569=CARTESIAN_POINT('Ctrl Pts',(-13.198127122631,55.3847521500179,25.));
#9570=CARTESIAN_POINT('Ctrl Pts',(-13.1945164632596,55.5735696428902,25.));
#9571=CARTESIAN_POINT('Origin',(16.8,55.497518595105,25.0248140489501));
#9572=CARTESIAN_POINT('',(-13.1,53.8658247379778,24.8616446632373));
#9573=CARTESIAN_POINT('',(-13.1,17.4029778050833,21.2153599699479));
#9574=CARTESIAN_POINT('',(-13.1,39.0365690660223,23.3787190960418));
#9575=CARTESIAN_POINT('',(-13.1,1.4029778050833,19.6153599699479));
#9576=CARTESIAN_POINT('',(-13.1,32.4581610212609,22.7208782915656));
#9577=CARTESIAN_POINT('',(11.8,1.4029778050833,19.6153599699479));
#9578=CARTESIAN_POINT('',(14.3,1.4029778050833,19.6153599699479));
#9579=CARTESIAN_POINT('',(11.8,0.249378105604414,19.5));
#9580=CARTESIAN_POINT('',(11.8,26.7846473079763,22.1535269202372));
#9581=CARTESIAN_POINT('',(-31.1983164928794,0.249378105604414,19.5));
#9582=CARTESIAN_POINT('',(4.73765660037777,0.249378105604454,19.5));
#9583=CARTESIAN_POINT('',(-13.2,18.,21.2750621894396));
#9584=CARTESIAN_POINT('',(-20.2178783502818,11.0787023805253,20.5829324274921));
#9585=CARTESIAN_POINT('',(-13.2,54.0123700802535,24.8762991974649));
#9586=CARTESIAN_POINT('Origin',(-13.1,54.6519041182437,17.0008508605784));
#9587=CARTESIAN_POINT('Ctrl Pts',(-13.1,46.402978237217,24.1153600131613));
#9588=CARTESIAN_POINT('Ctrl Pts',(-12.780307751767,46.402978237217,24.1153600131613));
#9589=CARTESIAN_POINT('Ctrl Pts',(-12.4892437720286,46.4663009979398,24.1029024150382));
#9590=CARTESIAN_POINT('Ctrl Pts',(-11.9343340428491,46.6562508962264,24.0587967371441));
#9591=CARTESIAN_POINT('Ctrl Pts',(-11.6705134160064,46.7828811993367,24.026846734127));
#9592=CARTESIAN_POINT('Ctrl Pts',(-10.892440504731,47.2111677742797,23.8985645539829));
#9593=CARTESIAN_POINT('Ctrl Pts',(-10.3935865114843,47.5582434022699,23.7700896923556));
#9594=CARTESIAN_POINT('Ctrl Pts',(-8.9152941683999,48.6414670536554,23.2204103144046));
#9595=CARTESIAN_POINT('Ctrl Pts',(-7.97643654598521,49.4117313849467,22.632859648759));
#9596=CARTESIAN_POINT('Ctrl Pts',(-6.75300718063968,50.3677183837148,21.3477478954964));
#9597=CARTESIAN_POINT('Ctrl Pts',(-6.32030405429909,50.6964596921575,20.7530434479239));
#9598=CARTESIAN_POINT('Ctrl Pts',(-5.69967587628581,51.1004993463299,19.5025564023198));
#9599=CARTESIAN_POINT('Ctrl Pts',(-5.4853268268681,51.2042042777426,18.8660357729696));
#9600=CARTESIAN_POINT('Ctrl Pts',(-5.35806721447671,51.2042042777423,18.2363344991738));
#9601=CARTESIAN_POINT('Origin',(-5.38816023490151,73.7349762697026,17.5));
#9602=CARTESIAN_POINT('',(-0.0893316877124739,68.4272068674494,17.5));
#9603=CARTESIAN_POINT('Ctrl Pts',(-10.689808754469,67.0129269806621,24.9314725228177));
#9604=CARTESIAN_POINT('Ctrl Pts',(-10.5113525959835,67.4212975364575,24.9536490339626));
#9605=CARTESIAN_POINT('Ctrl Pts',(-10.3229045844453,67.8277036180507,24.9692323178186));
#9606=CARTESIAN_POINT('Ctrl Pts',(-9.85122041421204,68.7875671629867,24.9946173744177));
#9607=CARTESIAN_POINT('Ctrl Pts',(-9.55917650601661,69.3381683300086,25.));
#9608=CARTESIAN_POINT('Ctrl Pts',(-9.24972141820074,69.8799198261998,25.));
#9609=CARTESIAN_POINT('Origin',(0.659028452948232,69.1743064070843,5.));
#9610=CARTESIAN_POINT('Origin',(-5.38816023490151,73.7349762697026,12.5));
#9611=CARTESIAN_POINT('',(-5.38816023490151,73.7349762697026,5.));
#9612=CARTESIAN_POINT('Origin',(24.3,42.5,5.));
#9613=CARTESIAN_POINT('',(19.05,83.5,5.));
#9614=CARTESIAN_POINT('',(29.3,60.,5.));
#9615=CARTESIAN_POINT('',(20.55,60.,5.));
#9616=CARTESIAN_POINT('',(29.3,83.5,5.));
#9617=CARTESIAN_POINT('',(29.3,51.25,5.));
#9618=CARTESIAN_POINT('',(27.8,83.5,5.));
#9619=CARTESIAN_POINT('',(44.8,60.,5.));
#9620=CARTESIAN_POINT('',(20.55,60.,5.));
#9621=CARTESIAN_POINT('',(44.8,83.5,5.));
#9622=CARTESIAN_POINT('',(44.8,51.25,5.));
#9623=CARTESIAN_POINT('',(35.55,83.5,5.));
#9624=CARTESIAN_POINT('',(56.8,60.,5.));
#9625=CARTESIAN_POINT('',(20.55,60.,5.));
#9626=CARTESIAN_POINT('',(56.8,48.75,5.));
#9627=CARTESIAN_POINT('',(20.55,55.2042042777423,5.));
#9628=CARTESIAN_POINT('Origin',(14.3,2.00000011920929,13.645136828688));
#9629=CARTESIAN_POINT('',(11.8,8.00000011920929,13.645136828688));
#9630=CARTESIAN_POINT('Origin',(11.8,2.00000011920929,13.645136828688));
#9631=CARTESIAN_POINT('',(-5.30819346042815,8.00000011920929,13.645136828688));
#9632=CARTESIAN_POINT('Ctrl Pts',(-13.1,1.4029778050833,19.6153599699479));
#9633=CARTESIAN_POINT('Ctrl Pts',(-12.2174244754237,2.16831579631203,19.6918937690708));
#9634=CARTESIAN_POINT('Ctrl Pts',(-11.2593270080972,3.01513634541837,19.6208505772834));
#9635=CARTESIAN_POINT('Ctrl Pts',(-9.41959572922262,4.65287342940093,19.0950830628192));
#9636=CARTESIAN_POINT('Ctrl Pts',(-8.53770779554514,5.44355868602216,18.6405275982361));
#9637=CARTESIAN_POINT('Ctrl Pts',(-7.28431435409,6.54667392673339,17.607470617146));
#9638=CARTESIAN_POINT('Ctrl Pts',(-6.77611435248856,6.98757221859488,17.0597634961668));
#9639=CARTESIAN_POINT('Ctrl Pts',(-5.94465304911415,7.66209993521818,15.7608345725306));
#9640=CARTESIAN_POINT('Ctrl Pts',(-5.622541174736,7.89365882507184,15.0078034967878));
#9641=CARTESIAN_POINT('Ctrl Pts',(-5.38345821420398,7.98967026878962,14.04768905961));
#9642=CARTESIAN_POINT('Ctrl Pts',(-5.34194142347789,8.00000011920931,13.847956201124));
#9643=CARTESIAN_POINT('Ctrl Pts',(-5.30819346042804,8.00000011920929,13.6451368286873));
#9644=CARTESIAN_POINT('',(14.3,8.00000011920929,13.645136828688));
#9645=CARTESIAN_POINT('Origin',(11.8,8.00000011920929,8.86216215842544));
#9646=CARTESIAN_POINT('',(-5.19999999999999,8.00000011920929,12.335660460675));
#9647=CARTESIAN_POINT('Origin',(-13.1,8.00000011920929,12.335660460675));
#9648=CARTESIAN_POINT('',(-11.817946977896,8.00000011920857,8.8621621584255));
#9649=CARTESIAN_POINT('Ctrl Pts',(-11.8179469778961,8.00000011920929,8.86216215842544));
#9650=CARTESIAN_POINT('Ctrl Pts',(-10.7881403686605,8.00000011920929,8.86216215842544));
#9651=CARTESIAN_POINT('Ctrl Pts',(-9.76771136290032,8.00000011907018,9.06141062838237));
#9652=CARTESIAN_POINT('Ctrl Pts',(-8.07949984934407,8.00000011907018,9.7432716249196));
#9653=CARTESIAN_POINT('Ctrl Pts',(-7.39356573640748,8.00000011918684,10.1458205268648));
#9654=CARTESIAN_POINT('Ctrl Pts',(-6.17291431382356,8.00000011918684,11.1273567374457));
#9655=CARTESIAN_POINT('Ctrl Pts',(-5.64144930181346,8.00000011920929,11.698041266422));
#9656=CARTESIAN_POINT('Ctrl Pts',(-5.19999999999999,8.00000011920929,12.335660460675));
#9657=CARTESIAN_POINT('',(11.8,8.00000011920929,8.86216215842544));
#9658=CARTESIAN_POINT('',(14.3,8.00000011920929,8.86216215842544));
#9659=CARTESIAN_POINT('',(11.8,8.00000011920929,4.43108107921272));
#9660=CARTESIAN_POINT('Origin',(14.3,15.2763149924699,15.6048960603013));
#9661=CARTESIAN_POINT('',(11.8,17.4029778050833,21.2153599699479));
#9662=CARTESIAN_POINT('Origin',(11.8,15.2763149924699,15.6048960603013));
#9663=CARTESIAN_POINT('',(14.3,17.4029778050833,21.2153599699479));
#9664=CARTESIAN_POINT('Ctrl Pts',(-13.1,17.4029778050833,21.2153599699479));
#9665=CARTESIAN_POINT('Ctrl Pts',(-12.4598778622432,17.4029778050833,21.2153599699479));
#9666=CARTESIAN_POINT('Ctrl Pts',(-11.8698869418324,17.566841460542,21.1565073825361));
#9667=CARTESIAN_POINT('Ctrl Pts',(-10.7410283595307,18.0360770243077,20.938806593641));
#9668=CARTESIAN_POINT('Ctrl Pts',(-10.2019635981364,18.3401472458357,20.7781803709733));
#9669=CARTESIAN_POINT('Ctrl Pts',(-8.6448607912083,19.2990158799684,20.1233899232418));
#9670=CARTESIAN_POINT('Ctrl Pts',(-7.69583247824431,19.9942631728286,19.4527106339955));
#9671=CARTESIAN_POINT('Ctrl Pts',(-6.53591851405738,20.7705525119763,18.0773579550233));
#9672=CARTESIAN_POINT('Ctrl Pts',(-6.15424892607306,21.011550136124,17.4877537302264));
#9673=CARTESIAN_POINT('Ctrl Pts',(-5.76670674434288,21.1944615247889,16.6182625615867));
#9674=CARTESIAN_POINT('Ctrl Pts',(-5.67813756084103,21.2292884929758,16.3898530705421));
#9675=CARTESIAN_POINT('Ctrl Pts',(-5.60109012730662,21.2507340083852,16.158355564031));
#9676=CARTESIAN_POINT('Origin',(14.3,45.2042042777423,18.2363344991764));
#9677=CARTESIAN_POINT('',(11.8,46.402978237217,24.1153600131613));
#9678=CARTESIAN_POINT('Origin',(11.8,45.2042042777423,18.2363344991764));
#9679=CARTESIAN_POINT('',(14.3,46.402978237217,24.1153600131613));
#9680=CARTESIAN_POINT('Origin',(14.3,31.000000551343,16.551568716372));
#9681=CARTESIAN_POINT('',(11.8,37.000000551343,16.551568716372));
#9682=CARTESIAN_POINT('',(14.3,37.000000551343,16.551568716372));
#9683=CARTESIAN_POINT('',(11.8,30.6792926783439,22.5429914572739));
#9684=CARTESIAN_POINT('Origin',(11.8,31.000000551343,16.551568716372));
#9685=CARTESIAN_POINT('',(14.3,30.6792926783439,22.5429914572739));
#9686=CARTESIAN_POINT('Origin',(11.8,37.000000551343,6.48943485034177));
#9687=CARTESIAN_POINT('',(-13.1,37.000000551343,6.48943485034177));
#9688=CARTESIAN_POINT('Origin',(-13.1,37.000000551343,14.4158328942463));
#9689=CARTESIAN_POINT('',(11.8,37.000000551343,6.48943485034177));
#9690=CARTESIAN_POINT('',(14.3,37.000000551343,6.48943485034177));
#9691=CARTESIAN_POINT('',(11.8,37.000000551343,3.24471742517088));
#9692=CARTESIAN_POINT('Origin',(14.3,47.000000551343,18.1451368719013));
#9693=CARTESIAN_POINT('Origin',(11.8,47.000000551343,18.1451368719013));
#9694=CARTESIAN_POINT('Origin',(11.8,-1.11230402851006E-14,0.));
#9695=CARTESIAN_POINT('',(11.8,0.590595234093835,9.46838619448034));
#9696=CARTESIAN_POINT('Origin',(14.3,31.2763149924698,16.572768316014));
#9697=CARTESIAN_POINT('',(-5.60500970229066,25.2763149924699,16.572768316014));
#9698=CARTESIAN_POINT('',(14.3,25.2763149924699,16.572768316014));
#9699=CARTESIAN_POINT('Ctrl Pts',(-5.60500970229066,25.2763149924698,16.572768316014));
#9700=CARTESIAN_POINT('Ctrl Pts',(-5.79390777795289,25.2763149924698,17.1425872451797));
#9701=CARTESIAN_POINT('Ctrl Pts',(-6.05230691908022,25.3596884629889,17.7075063817528));
#9702=CARTESIAN_POINT('Ctrl Pts',(-6.77611435248856,25.711343000502,18.9321405743575));
#9703=CARTESIAN_POINT('Ctrl Pts',(-7.28431435409,26.0350537774793,19.5563086022206));
#9704=CARTESIAN_POINT('Ctrl Pts',(-8.53770779554514,26.9117594132081,20.7873476709547));
#9705=CARTESIAN_POINT('Ctrl Pts',(-9.41959572922262,27.5967765529491,21.3894733751741));
#9706=CARTESIAN_POINT('Ctrl Pts',(-11.2593270080972,29.0979708205232,22.2291340247939));
#9707=CARTESIAN_POINT('Ctrl Pts',(-12.2174244754237,29.9139546871151,22.4664576581511));
#9708=CARTESIAN_POINT('Ctrl Pts',(-13.1,30.6792926783439,22.5429914572739));
#9709=CARTESIAN_POINT('Origin',(11.8,31.2763149924698,16.572768316014));
#9710=CARTESIAN_POINT('Origin',(11.8,-1.11230402851006E-14,0.));
#9711=CARTESIAN_POINT('',(11.8,0.590595234093835,9.46838619448034));
#9712=CARTESIAN_POINT('Origin',(14.3,18.0000001192093,15.245136828688));
#9713=CARTESIAN_POINT('',(11.8,12.0000001192093,15.245136828688));
#9714=CARTESIAN_POINT('Origin',(11.8,18.0000001192093,15.245136828688));
#9715=CARTESIAN_POINT('',(-5.60500970229067,12.0000001192093,15.245136828688));
#9716=CARTESIAN_POINT('',(14.3,12.0000001192093,15.245136828688));
#9717=CARTESIAN_POINT('Ctrl Pts',(-5.60500970229067,12.0000001192093,15.245136828688));
#9718=CARTESIAN_POINT('Ctrl Pts',(-5.79390777795289,12.0000001192093,15.8149557578537));
#9719=CARTESIAN_POINT('Ctrl Pts',(-6.05230691908022,12.0833735897283,16.3798748944267));
#9720=CARTESIAN_POINT('Ctrl Pts',(-6.77611435248857,12.4350281272415,17.6045090870315));
#9721=CARTESIAN_POINT('Ctrl Pts',(-7.28431435409001,12.7587389042187,18.2286771148945));
#9722=CARTESIAN_POINT('Ctrl Pts',(-8.53770779554515,13.6354445399475,19.4597161836287));
#9723=CARTESIAN_POINT('Ctrl Pts',(-9.41959572922262,14.3204616796885,20.061841887848));
#9724=CARTESIAN_POINT('Ctrl Pts',(-11.2593270080972,15.8216559472627,20.9015025374679));
#9725=CARTESIAN_POINT('Ctrl Pts',(-12.2174244754237,16.6376398138546,21.138826170825));
#9726=CARTESIAN_POINT('Ctrl Pts',(-13.1,17.4029778050833,21.2153599699479));
#9727=CARTESIAN_POINT('Origin',(-13.1,27.0505482753914,15.2298789895514));
#9728=CARTESIAN_POINT('',(-13.1,26.4063372858614,7.35618911751754));
#9729=CARTESIAN_POINT('Origin',(-13.1,20.0009206891549,15.8066667011526));
#9730=CARTESIAN_POINT('',(-13.1,19.3567096996249,7.93297682911871));
#9731=CARTESIAN_POINT('Origin',(16.8,0.407728474386091,9.48334802027461));
#9732=CARTESIAN_POINT('',(11.8,0.204204277742372,9.50000000000001));
#9733=CARTESIAN_POINT('',(11.8,0.204204277742371,9.50000000000001));
#9734=CARTESIAN_POINT('',(11.8,0.590595234093835,9.46838619448034));
#9735=CARTESIAN_POINT('',(-12.2368790924049,12.0000001192125,8.53488943115245));
#9736=CARTESIAN_POINT('Ctrl Pts',(-12.2368790924049,12.0000001192125,8.53488943115245));
#9737=CARTESIAN_POINT('Ctrl Pts',(-12.1137085848391,10.6657278949564,8.64405715859158));
#9738=CARTESIAN_POINT('Ctrl Pts',(-11.9755084087499,9.33482626396213,8.75294911021839));
#9739=CARTESIAN_POINT('Ctrl Pts',(-11.8179948504066,7.99999451033739,8.86216261733314));
#9740=CARTESIAN_POINT('',(11.8,12.0000001192093,8.53488943115271));
#9741=CARTESIAN_POINT('',(14.3,12.0000001192093,8.53488943115271));
#9742=CARTESIAN_POINT('',(11.8,0.590595234093835,9.46838619448034));
#9743=CARTESIAN_POINT('Ctrl Pts',(-5.19999999999999,13.0014881130552,12.8358092600596));
#9744=CARTESIAN_POINT('Ctrl Pts',(-5.19999999999999,11.3338906922397,12.669049517978));
#9745=CARTESIAN_POINT('Ctrl Pts',(-5.19999999999999,9.67165480704151,12.5028259294582));
#9746=CARTESIAN_POINT('Ctrl Pts',(-5.19999999999999,8.00000011920929,12.335660460675));
#9747=CARTESIAN_POINT('Ctrl Pts',(-5.94177808497148,12.8119254413665,11.3558570053707));
#9748=CARTESIAN_POINT('Ctrl Pts',(-5.97686137830696,11.1411614037202,11.279619249259));
#9749=CARTESIAN_POINT('Ctrl Pts',(-6.00093542250376,9.47506211739685,11.2053550848631));
#9750=CARTESIAN_POINT('Ctrl Pts',(-6.01718054048451,7.79891683005716,11.1352353985755));
#9751=CARTESIAN_POINT('Ctrl Pts',(-8.08645929725094,12.4378744640241,9.20389908198617));
#9752=CARTESIAN_POINT('Ctrl Pts',(-8.09370749338562,10.7611675091686,9.28540860264065));
#9753=CARTESIAN_POINT('Ctrl Pts',(-8.08240874855752,9.08874597598332,9.36921171316062));
#9754=CARTESIAN_POINT('Ctrl Pts',(-8.04689446243664,7.40588439234166,9.45428833451362));
#9755=CARTESIAN_POINT('Ctrl Pts',(-10.9924389558482,12.1141140650525,8.52555283558372));
#9756=CARTESIAN_POINT('Ctrl Pts',(-10.8846965491922,10.4237647593232,8.6640514828894));
#9757=CARTESIAN_POINT('Ctrl Pts',(-10.754536303153,8.73840975339379,8.80161992261656));
#9758=CARTESIAN_POINT('Ctrl Pts',(-10.5937539761007,7.04324374144145,8.94044222569735));
#9759=CARTESIAN_POINT('Ctrl Pts',(-12.2368790924049,12.0000001192125,8.53488943115245));
#9760=CARTESIAN_POINT('Ctrl Pts',(-12.0801163657259,10.3018326265214,8.67383040782718));
#9761=CARTESIAN_POINT('Ctrl Pts',(-11.8990079787465,8.6091249560767,8.81232467177265));
#9762=CARTESIAN_POINT('Ctrl Pts',(-11.6847225494027,6.90682581933824,8.95160369205125));
#9763=CARTESIAN_POINT('',(-5.19999999999999,12.0000001192093,12.735660460675));
#9764=CARTESIAN_POINT('',(-5.19999999999999,33.2442404015268,14.8600844889067));
#9765=CARTESIAN_POINT('Ctrl Pts',(-5.19999999999999,12.0001832624294,12.735678774997));
#9766=CARTESIAN_POINT('Ctrl Pts',(-5.29606195197797,12.0001781443938,12.5582998773827));
#9767=CARTESIAN_POINT('Ctrl Pts',(-5.39884533216083,12.0001652801275,12.3850333639336));
#9768=CARTESIAN_POINT('Ctrl Pts',(-5.50793652969407,12.0001513066257,12.2161036776649));
#9769=CARTESIAN_POINT('Ctrl Pts',(-5.62289994344374,12.0001365809512,12.0380807587104));
#9770=CARTESIAN_POINT('Ctrl Pts',(-5.74486865096267,12.0001205751787,11.8648734786838));
#9771=CARTESIAN_POINT('Ctrl Pts',(-5.87341214953058,12.0001069269694,11.6967729254922));
#9772=CARTESIAN_POINT('Ctrl Pts',(-5.99942134918926,12.0000935478414,11.5319865581859));
#9773=CARTESIAN_POINT('Ctrl Pts',(-6.1317493378081,12.000082344458,11.3721072545489));
#9774=CARTESIAN_POINT('Ctrl Pts',(-6.27003357097503,12.0000739981007,11.2174422960486));
#9775=CARTESIAN_POINT('Ctrl Pts',(-6.41248956599219,12.0000653999504,11.0581114016086));
#9776=CARTESIAN_POINT('Ctrl Pts',(-6.56126698031398,12.0000597583179,10.9043135813233));
#9777=CARTESIAN_POINT('Ctrl Pts',(-6.71600790198079,12.0000560997041,10.7564275540789));
#9778=CARTESIAN_POINT('Ctrl Pts',(-6.87074882364761,12.0000524410903,10.6085415268346));
#9779=CARTESIAN_POINT('Ctrl Pts',(-7.03145382424157,12.0000506799599,10.4665668537896));
#9780=CARTESIAN_POINT('Ctrl Pts',(-7.19779537251173,12.0000493857115,10.3309321971013));
#9781=CARTESIAN_POINT('Ctrl Pts',(-7.35877944096317,12.000048133148,10.1996660216702));
#9782=CARTESIAN_POINT('Ctrl Pts',(-7.52450385117035,12.0000460994636,10.0747777260258));
#9783=CARTESIAN_POINT('Ctrl Pts',(-7.69461276687696,12.0000459359075,9.95656601774463));
#9784=CARTESIAN_POINT('Ctrl Pts',(-7.86470202909642,12.0000457723702,9.83836796702095));
#9785=CARTESIAN_POINT('Ctrl Pts',(-8.03917530155162,12.0000473974272,9.72684459029709));
#9786=CARTESIAN_POINT('Ctrl Pts',(-8.21770928251997,12.0000520384993,9.62233494040889));
#9787=CARTESIAN_POINT('Ctrl Pts',(-8.35448968566212,12.0000555941681,9.54226686616095));
#9788=CARTESIAN_POINT('Ctrl Pts',(-8.49365426225993,12.0000608819895,9.46631631651928));
#9789=CARTESIAN_POINT('Ctrl Pts',(-8.63506767925153,12.0000683319492,9.39465387820238));
#9790=CARTESIAN_POINT('Ctrl Pts',(-8.8218007298602,12.0000781694436,9.30002533442166));
#9791=CARTESIAN_POINT('Ctrl Pts',(-9.01245499135357,12.0000917158248,9.21287198833488));
#9792=CARTESIAN_POINT('Ctrl Pts',(-9.20653858309611,12.0001025646455,9.13330851866643));
#9793=CARTESIAN_POINT('Ctrl Pts',(-9.31773034574379,12.0001087800061,9.08772608505949));
#9794=CARTESIAN_POINT('Ctrl Pts',(-9.43004794476314,12.0001141247551,9.04463574515611));
#9795=CARTESIAN_POINT('Ctrl Pts',(-9.54340005652259,12.0001176093228,9.00406667796589));
#9796=CARTESIAN_POINT('Ctrl Pts',(-9.73844054512025,12.0001236050804,8.93426109107463));
#9797=CARTESIAN_POINT('Ctrl Pts',(-9.93591874481121,12.0001235402522,8.8721407226956));
#9798=CARTESIAN_POINT('Ctrl Pts',(-10.1353388714179,12.0001185447483,8.81774320811675));
#9799=CARTESIAN_POINT('Ctrl Pts',(-10.336760482283,12.0001134991069,8.76279973174867));
#9800=CARTESIAN_POINT('Ctrl Pts',(-10.5401638497037,12.000103343119,8.71573473317257));
#9801=CARTESIAN_POINT('Ctrl Pts',(-10.7450556148311,12.0000900118095,8.6766368534706));
#9802=CARTESIAN_POINT('Ctrl Pts',(-10.9495204249347,12.0000767082798,8.63762044622873));
#9803=CARTESIAN_POINT('Ctrl Pts',(-11.1554681165189,12.0000601651736,8.60653790648657));
#9804=CARTESIAN_POINT('Ctrl Pts',(-11.3624156718595,12.0000442519247,8.58352851177238));
#9805=CARTESIAN_POINT('Ctrl Pts',(-11.5667419599254,12.0000285402384,8.56081056178326));
#9806=CARTESIAN_POINT('Ctrl Pts',(-11.7720435799597,12.0000133749042,8.54596254429136));
#9807=CARTESIAN_POINT('Ctrl Pts',(-11.9778529448834,12.0000054493267,8.53916888542375));
#9808=CARTESIAN_POINT('Ctrl Pts',(-12.0641175389476,12.0000021273363,8.53632133655423));
#9809=CARTESIAN_POINT('Ctrl Pts',(-12.1504712488429,12.0000001192093,8.53488943115271));
#9810=CARTESIAN_POINT('Ctrl Pts',(-12.2368790924046,12.0000001192093,8.53488943115271));
#9811=CARTESIAN_POINT('Origin',(-13.1,33.2442404015268,14.8600844889067));
#9812=CARTESIAN_POINT('Origin',(-13.1,12.0000001192093,12.735660460675));
#9813=CARTESIAN_POINT('Origin',(-13.1,39.8226484462882,15.5179252933829));
#9814=CARTESIAN_POINT('Origin',(-13.1,25.2763149924699,14.063291948001));
#9815=CARTESIAN_POINT('Origin',(11.8,-0.119690116790612,9.5));
#9816=CARTESIAN_POINT('',(-25.0672420208661,-0.119690116790524,19.5));
#9817=CARTESIAN_POINT('',(-25.0672420208666,-0.119690116790612,9.50000000000003));
#9818=CARTESIAN_POINT('',(-25.0672420208657,-0.119690116790478,24.5));
#9819=CARTESIAN_POINT('',(10.4178684223777,-0.119690116790524,19.5));
#9820=CARTESIAN_POINT('',(11.8,-0.119690116790523,19.5));
#9821=CARTESIAN_POINT('',(10.4178684223782,-0.119690116790613,9.5));
#9822=CARTESIAN_POINT('',(10.4178684223774,-0.119690116790478,24.5));
#9823=CARTESIAN_POINT('',(11.8,-0.119690116790612,9.5));
#9824=CARTESIAN_POINT('Origin',(11.8,-0.119690116790612,9.5));
#9825=CARTESIAN_POINT('',(-26.4493735984884,-0.119690116790523,19.5));
#9826=CARTESIAN_POINT('',(11.8,-0.119690116790523,19.5));
#9827=CARTESIAN_POINT('',(-26.4493735984884,-0.119690116790612,9.5));
#9828=CARTESIAN_POINT('Ctrl Pts',(-26.4493735984884,-0.119690116790612,
9.5));
#9829=CARTESIAN_POINT('Ctrl Pts',(-26.4493735984884,-0.119690116790586,
11.1804464838455));
#9830=CARTESIAN_POINT('Ctrl Pts',(-26.4493735984884,-0.119690116790472,
12.860892967691));
#9831=CARTESIAN_POINT('Ctrl Pts',(-26.4493735984884,-0.119690116790442,
16.1942263010244));
#9832=CARTESIAN_POINT('Ctrl Pts',(-26.4493735984884,-0.119690116790537,
17.8471131505122));
#9833=CARTESIAN_POINT('Ctrl Pts',(-26.4493735984884,-0.119690116790523,
19.5));
#9834=CARTESIAN_POINT('',(11.8,-0.119690116790612,9.5));
#9835=CARTESIAN_POINT('Origin',(-23.5246867992442,-10.,24.5));
#9836=CARTESIAN_POINT('',(-26.4639612502172,-0.441722660340012,9.50000000000004));
#9837=CARTESIAN_POINT('Origin',(-23.5246867992442,-10.,9.50000000000002));
#9838=CARTESIAN_POINT('',(-26.4639612502172,-0.44172266034004,19.5));
#9839=CARTESIAN_POINT('Ctrl Pts',(-26.4639612502172,-0.44172266034004,19.5));
#9840=CARTESIAN_POINT('Ctrl Pts',(-26.4639612502172,-0.441722660340018,
17.8471131505122));
#9841=CARTESIAN_POINT('Ctrl Pts',(-26.4639612502172,-0.441722660339973,
16.1942263010244));
#9842=CARTESIAN_POINT('Ctrl Pts',(-26.4639612502172,-0.441722660339972,
12.860892967691));
#9843=CARTESIAN_POINT('Ctrl Pts',(-26.4639612502172,-0.441722660340012,
11.1804464838455));
#9844=CARTESIAN_POINT('Ctrl Pts',(-26.4639612502172,-0.441722660340012,
9.50000000000004));
#9845=CARTESIAN_POINT('Origin',(-23.5246867992442,-10.,19.5));
#9846=CARTESIAN_POINT('Origin',(-7.32468679924421,-7.50000000000001,9.50000000000001));
#9847=CARTESIAN_POINT('Ctrl Pts',(-26.463980022934,-0.441747529340353,9.50000000000003));
#9848=CARTESIAN_POINT('Ctrl Pts',(-26.4610506143744,-0.371205619592211,
9.50000000000003));
#9849=CARTESIAN_POINT('Ctrl Pts',(-26.4579813246965,-0.301331138339069,
9.50000000000002));
#9850=CARTESIAN_POINT('Ctrl Pts',(-26.4547655611173,-0.232143388937548,
9.50000000000002));
#9851=CARTESIAN_POINT('Ctrl Pts',(-26.4530139499459,-0.194457149949244,
9.50000000000002));
#9852=CARTESIAN_POINT('Ctrl Pts',(-26.4512134425467,-0.156977016345245,
9.50000000000002));
#9853=CARTESIAN_POINT('Ctrl Pts',(-26.4493637490184,-0.11970446450398,9.50000000000002));
#9854=CARTESIAN_POINT('',(11.8145876517288,-0.441722660340046,9.50000000000001));
#9855=CARTESIAN_POINT('Origin',(8.8753132007558,-10.,9.50000000000001));
#9856=CARTESIAN_POINT('',(11.8,-0.119690116790612,9.5));
#9857=CARTESIAN_POINT('Ctrl Pts',(11.8146064244457,-0.44174752934307,9.50000000000001));
#9858=CARTESIAN_POINT('Ctrl Pts',(11.811677015886,-0.371205619594006,9.50000000000001));
#9859=CARTESIAN_POINT('Ctrl Pts',(11.8086077262081,-0.301331138339959,9.50000000000001));
#9860=CARTESIAN_POINT('Ctrl Pts',(11.8053919626289,-0.232143388937551,9.50000000000001));
#9861=CARTESIAN_POINT('Ctrl Pts',(11.8036403514575,-0.194457149949295,9.50000000000001));
#9862=CARTESIAN_POINT('Ctrl Pts',(11.8018424112015,-0.156973038548682,9.50000000000001));
#9863=CARTESIAN_POINT('Ctrl Pts',(11.7999974453185,-0.119693151252034,9.50000000000001));
#9864=CARTESIAN_POINT('',(11.8,-3.75000000000001,9.50000000000001));
#9865=CARTESIAN_POINT('Origin',(11.8,12.0000001192093,20.6750622013605));
#9866=CARTESIAN_POINT('',(11.8,12.0000001192093,10.3375311006802));
#9867=CARTESIAN_POINT('Origin',(11.8,-1.11230402851006E-14,0.));
#9868=CARTESIAN_POINT('Origin',(11.8,25.2763149924699,22.0026936886865));
#9869=CARTESIAN_POINT('Origin',(11.8,-1.11230402851006E-14,0.));
#9870=CARTESIAN_POINT('',(11.8,-0.119690116790412,19.5));
#9871=CARTESIAN_POINT('Ctrl Pts',(11.8,-0.119690116790624,9.50000000000001));
#9872=CARTESIAN_POINT('Ctrl Pts',(11.8,-0.119690116790631,11.1666666666667));
#9873=CARTESIAN_POINT('Ctrl Pts',(11.8,-0.119690116790638,12.8333333333333));
#9874=CARTESIAN_POINT('Ctrl Pts',(11.8,-0.119690116790602,16.1666666666667));
#9875=CARTESIAN_POINT('Ctrl Pts',(11.8,-0.119690116790563,17.8333333333333));
#9876=CARTESIAN_POINT('Ctrl Pts',(11.8,-0.119690116790523,19.5));
#9877=CARTESIAN_POINT('',(11.8,-3.75000000000002,19.5));
#9878=CARTESIAN_POINT('Origin',(20.8,51.25,20.));
#9879=CARTESIAN_POINT('Origin',(20.8,60.,20.));
#9880=CARTESIAN_POINT('Ctrl Pts',(15.8,75.7540333075852,20.));
#9881=CARTESIAN_POINT('Ctrl Pts',(15.8,76.0481100850113,20.6508311208444));
#9882=CARTESIAN_POINT('Ctrl Pts',(15.9328824399758,76.4453786531795,21.2973365757686));
#9883=CARTESIAN_POINT('Ctrl Pts',(16.3874052049275,77.3659214390809,22.4291817197269));
#9884=CARTESIAN_POINT('Ctrl Pts',(16.7069584781668,77.8886678293432,22.9157874308884));
#9885=CARTESIAN_POINT('Ctrl Pts',(17.5299151514657,79.1384118038739,23.8548496002179));
#9886=CARTESIAN_POINT('Ctrl Pts',(18.147070105781,79.9937320528817,24.2984025477344));
#9887=CARTESIAN_POINT('Ctrl Pts',(19.4622090092835,81.7567807677809,24.8707929905104));
#9888=CARTESIAN_POINT('Ctrl Pts',(20.1595077556254,82.6649002839919,25.));
#9889=CARTESIAN_POINT('Ctrl Pts',(20.8,83.5,25.));
#9890=CARTESIAN_POINT('Origin',(16.8,60.,0.));
#9891=CARTESIAN_POINT('',(29.3,60.,20.));
#9892=CARTESIAN_POINT('Origin',(24.3,60.,20.));
#9893=CARTESIAN_POINT('',(29.3,60.,2.5));
#9894=CARTESIAN_POINT('Origin',(24.3,51.25,20.));
#9895=CARTESIAN_POINT('',(29.3,75.7540333075852,20.));
#9896=CARTESIAN_POINT('Ctrl Pts',(24.3,83.5,25.));
#9897=CARTESIAN_POINT('Ctrl Pts',(24.9404922443746,82.6649002839919,25.));
#9898=CARTESIAN_POINT('Ctrl Pts',(25.6377909907166,81.7567807677808,24.8707929905104));
#9899=CARTESIAN_POINT('Ctrl Pts',(26.9529298942191,79.9937320528817,24.2984025477344));
#9900=CARTESIAN_POINT('Ctrl Pts',(27.5700848485344,79.1384118038739,23.8548496002179));
#9901=CARTESIAN_POINT('Ctrl Pts',(28.3930415218333,77.8886678293432,22.9157874308884));
#9902=CARTESIAN_POINT('Ctrl Pts',(28.7125947950726,77.3659214390809,22.429181719727));
#9903=CARTESIAN_POINT('Ctrl Pts',(29.1671175600243,76.4453786531795,21.2973365757686));
#9904=CARTESIAN_POINT('Ctrl Pts',(29.3,76.0481100850113,20.6508311208444));
#9905=CARTESIAN_POINT('Ctrl Pts',(29.3,75.7540333075852,20.));
#9906=CARTESIAN_POINT('',(29.3,51.25,20.));
#9907=CARTESIAN_POINT('Origin',(29.3,60.,5.));
#9908=CARTESIAN_POINT('Origin',(29.3,83.5,13.5));
#9909=CARTESIAN_POINT('Origin',(29.3,83.5,16.5));
#9910=CARTESIAN_POINT('Origin',(39.8,51.25,20.));
#9911=CARTESIAN_POINT('',(44.8,60.,20.));
#9912=CARTESIAN_POINT('Origin',(39.8,60.,20.));
#9913=CARTESIAN_POINT('',(44.8,75.7540333075852,20.));
#9914=CARTESIAN_POINT('Ctrl Pts',(39.8,83.5,25.));
#9915=CARTESIAN_POINT('Ctrl Pts',(40.4404922443746,82.6649002839919,25.));
#9916=CARTESIAN_POINT('Ctrl Pts',(41.1377909907166,81.7567807677808,24.8707929905104));
#9917=CARTESIAN_POINT('Ctrl Pts',(42.452929894219,79.9937320528817,24.2984025477344));
#9918=CARTESIAN_POINT('Ctrl Pts',(43.0700848485343,79.1384118038739,23.8548496002179));
#9919=CARTESIAN_POINT('Ctrl Pts',(43.8930415218333,77.8886678293432,22.9157874308884));
#9920=CARTESIAN_POINT('Ctrl Pts',(44.2125947950726,77.3659214390809,22.429181719727));
#9921=CARTESIAN_POINT('Ctrl Pts',(44.6671175600243,76.4453786531795,21.2973365757686));
#9922=CARTESIAN_POINT('Ctrl Pts',(44.8,76.0481100850113,20.6508311208444));
#9923=CARTESIAN_POINT('Ctrl Pts',(44.8,75.7540333075852,20.));
#9924=CARTESIAN_POINT('',(44.8,51.25,20.));
#9925=CARTESIAN_POINT('Origin',(38.3,51.25,20.));
#9926=CARTESIAN_POINT('Origin',(38.3,60.,20.));
#9927=CARTESIAN_POINT('Ctrl Pts',(33.3,75.7540333075852,20.));
#9928=CARTESIAN_POINT('Ctrl Pts',(33.3,76.0481100850113,20.6508311208444));
#9929=CARTESIAN_POINT('Ctrl Pts',(33.4328824399758,76.4453786531795,21.2973365757686));
#9930=CARTESIAN_POINT('Ctrl Pts',(33.8874052049275,77.3659214390809,22.4291817197269));
#9931=CARTESIAN_POINT('Ctrl Pts',(34.2069584781668,77.8886678293432,22.9157874308884));
#9932=CARTESIAN_POINT('Ctrl Pts',(35.0299151514657,79.1384118038739,23.8548496002179));
#9933=CARTESIAN_POINT('Ctrl Pts',(35.647070105781,79.9937320528817,24.2984025477344));
#9934=CARTESIAN_POINT('Ctrl Pts',(36.9622090092835,81.7567807677809,24.8707929905104));
#9935=CARTESIAN_POINT('Ctrl Pts',(37.6595077556254,82.6649002839919,25.));
#9936=CARTESIAN_POINT('Ctrl Pts',(38.3,83.5,25.));
#9937=CARTESIAN_POINT('Origin',(16.8,60.,0.));
#9938=CARTESIAN_POINT('',(44.8,60.,2.5));
#9939=CARTESIAN_POINT('Origin',(53.8,51.25,20.));
#9940=CARTESIAN_POINT('Origin',(53.8,60.,20.));
#9941=CARTESIAN_POINT('Ctrl Pts',(48.8,75.7540333075852,20.));
#9942=CARTESIAN_POINT('Ctrl Pts',(48.8,76.0481100850113,20.6508311208444));
#9943=CARTESIAN_POINT('Ctrl Pts',(48.9328824399757,76.4453786531795,21.2973365757686));
#9944=CARTESIAN_POINT('Ctrl Pts',(49.3874052049274,77.3659214390809,22.4291817197269));
#9945=CARTESIAN_POINT('Ctrl Pts',(49.7069584781667,77.8886678293432,22.9157874308884));
#9946=CARTESIAN_POINT('Ctrl Pts',(50.5299151514657,79.1384118038739,23.8548496002179));
#9947=CARTESIAN_POINT('Ctrl Pts',(51.147070105781,79.9937320528817,24.2984025477344));
#9948=CARTESIAN_POINT('Ctrl Pts',(52.4622090092834,81.7567807677808,24.8707929905104));
#9949=CARTESIAN_POINT('Ctrl Pts',(53.1595077556254,82.6649002839919,25.));
#9950=CARTESIAN_POINT('Ctrl Pts',(53.8,83.5,25.));
#9951=CARTESIAN_POINT('Origin',(19.05,83.5,13.5));
#9952=CARTESIAN_POINT('Origin',(27.8,83.5,13.5));
#9953=CARTESIAN_POINT('Origin',(35.55,83.5,13.5));
#9954=CARTESIAN_POINT('Origin',(44.8,83.5,13.5));
#9955=CARTESIAN_POINT('Origin',(35.55,83.5,16.5));
#9956=CARTESIAN_POINT('Origin',(44.8,83.5,16.5));
#9957=CARTESIAN_POINT('Origin',(27.8,83.5,16.5));
#9958=CARTESIAN_POINT('Origin',(19.05,83.5,16.5));
#9959=CARTESIAN_POINT('Ctrl Pts',(5.81141510517864,82.9150676518848,24.9798498894808));
#9960=CARTESIAN_POINT('Ctrl Pts',(5.97921095372604,82.9811193967616,24.9844060788865));
#9961=CARTESIAN_POINT('Ctrl Pts',(6.14785716912538,83.0457581827473,24.9880898606521));
#9962=CARTESIAN_POINT('Ctrl Pts',(6.68549340175653,83.2462597133026,24.9973232457732));
#9963=CARTESIAN_POINT('Ctrl Pts',(7.05743737705839,83.3767218905504,25.));
#9964=CARTESIAN_POINT('Ctrl Pts',(7.43250300240241,83.5,25.));
#9965=CARTESIAN_POINT('Origin',(44.8,60.,5.));
#9966=CARTESIAN_POINT('Origin',(16.8,60.,0.));
#9967=CARTESIAN_POINT('',(56.8,60.,0.));
#9968=CARTESIAN_POINT('Ctrl Pts',(-26.5246867992442,-5.00000000000002,24.5));
#9969=CARTESIAN_POINT('Ctrl Pts',(-26.5246867992442,-5.00000000000001,4.50000000000003));
#9970=CARTESIAN_POINT('Ctrl Pts',(-26.5246867992442,-3.24136957433125,24.5));
#9971=CARTESIAN_POINT('Ctrl Pts',(-26.5246867992442,-3.24136957433125,4.50000000000003));
#9972=CARTESIAN_POINT('Ctrl Pts',(-26.51844088377,-1.60212975710061,24.5000000000001));
#9973=CARTESIAN_POINT('Ctrl Pts',(-26.51844088377,-1.60212975710061,4.50000000000006));
#9974=CARTESIAN_POINT('Ctrl Pts',(-26.4547655611173,-0.232143388937551,
24.5));
#9975=CARTESIAN_POINT('Ctrl Pts',(-26.4547655611173,-0.232143388937546,
4.50000000000003));
#9976=CARTESIAN_POINT('Ctrl Pts',(-26.4124516666406,0.67824789298831,24.5));
#9977=CARTESIAN_POINT('Ctrl Pts',(-26.4124516666406,0.678247892988314,4.50000000000002));
#9978=CARTESIAN_POINT('Ctrl Pts',(-26.3416035564798,1.46836291302048,24.5));
#9979=CARTESIAN_POINT('Ctrl Pts',(-26.3416035564798,1.46836291302049,4.50000000000003));
#9980=CARTESIAN_POINT('Ctrl Pts',(-26.2381344020169,2.11738872466271,24.5));
#9981=CARTESIAN_POINT('Ctrl Pts',(-26.238134402017,2.11738872466271,4.50000000000003));
#9982=CARTESIAN_POINT('Ctrl Pts',(-26.1476546218086,2.68493673538909,24.5));
#9983=CARTESIAN_POINT('Ctrl Pts',(-26.1476546218086,2.68493673538909,4.50000000000003));
#9984=CARTESIAN_POINT('Ctrl Pts',(-26.0341263452686,3.14322870096947,24.5));
#9985=CARTESIAN_POINT('Ctrl Pts',(-26.0341263452686,3.14322870096947,4.50000000000003));
#9986=CARTESIAN_POINT('Ctrl Pts',(-25.9045251376391,3.52271890501312,24.5));
#9987=CARTESIAN_POINT('Ctrl Pts',(-25.9045251376391,3.52271890501312,4.50000000000003));
#9988=CARTESIAN_POINT('Ctrl Pts',(-25.7596287693126,3.94699544831966,24.5));
#9989=CARTESIAN_POINT('Ctrl Pts',(-25.7596287693126,3.94699544831966,4.50000000000003));
#9990=CARTESIAN_POINT('Ctrl Pts',(-25.5985163318629,4.27778061934929,24.5));
#9991=CARTESIAN_POINT('Ctrl Pts',(-25.5985163318629,4.27778061934929,4.50000000000004));
#9992=CARTESIAN_POINT('Ctrl Pts',(-25.384737975048,4.61597491857289,24.5));
#9993=CARTESIAN_POINT('Ctrl Pts',(-25.384737975048,4.6159749185729,4.50000000000003));
#9994=CARTESIAN_POINT('Ctrl Pts',(-25.1911159212933,4.92228223498897,24.5));
#9995=CARTESIAN_POINT('Ctrl Pts',(-25.1911159212933,4.92228223498897,4.50000000000002));
#9996=CARTESIAN_POINT('Ctrl Pts',(-24.9483451876199,5.23668587167309,24.5));
#9997=CARTESIAN_POINT('Ctrl Pts',(-24.94834518762,5.23668587167309,4.50000000000005));
#9998=CARTESIAN_POINT('Ctrl Pts',(-24.6341859415459,5.58296630524801,24.5));
#9999=CARTESIAN_POINT('Ctrl Pts',(-24.6341859415459,5.58296630524801,4.50000000000003));
#10000=CARTESIAN_POINT('Ctrl Pts',(-24.2311904446288,6.02716604517315,24.5));
#10001=CARTESIAN_POINT('Ctrl Pts',(-24.2311904446288,6.02716604517316,4.50000000000002));
#10002=CARTESIAN_POINT('Ctrl Pts',(-23.7106689394222,6.51693834153339,24.5));
#10003=CARTESIAN_POINT('Ctrl Pts',(-23.7106689394222,6.5169383415334,4.50000000000003));
#10004=CARTESIAN_POINT('Ctrl Pts',(-23.1122623233238,7.05999073800077,24.5));
#10005=CARTESIAN_POINT('Ctrl Pts',(-23.1122623233238,7.05999073800078,4.50000000000003));
#10006=CARTESIAN_POINT('Ctrl Pts',(-22.9410405342152,7.21537405162309,24.5));
#10007=CARTESIAN_POINT('Ctrl Pts',(-22.9410405342152,7.21537405162309,4.50000000000003));
#10008=CARTESIAN_POINT('Ctrl Pts',(-22.7637854261231,7.37526403944918,24.5));
#10009=CARTESIAN_POINT('Ctrl Pts',(-22.7637854261231,7.37526403944918,4.50000000000003));
#10010=CARTESIAN_POINT('Ctrl Pts',(-22.5821198142833,7.5401609329245,24.5));
#10011=CARTESIAN_POINT('Ctrl Pts',(-22.5821198142833,7.5401609329245,4.50000000000003));
#10012=CARTESIAN_POINT('Ctrl Pts',(-26.4493637490184,-0.11970446450443,
19.5));
#10013=CARTESIAN_POINT('Ctrl Pts',(-26.4512134425468,-0.156977016345548,
19.5));
#10014=CARTESIAN_POINT('Ctrl Pts',(-26.4530139499459,-0.194457149949397,
19.5));
#10015=CARTESIAN_POINT('Ctrl Pts',(-26.4547655611173,-0.23214338893755,
19.5));
#10016=CARTESIAN_POINT('Ctrl Pts',(-26.4579813246965,-0.301331138339058,
19.5));
#10017=CARTESIAN_POINT('Ctrl Pts',(-26.4610506143744,-0.371205619592185,
19.5));
#10018=CARTESIAN_POINT('Ctrl Pts',(-26.463980022934,-0.441747529340313,
19.5));
#10019=CARTESIAN_POINT('Origin',(56.8,55.,0.));
#10020=CARTESIAN_POINT('Ctrl Pts',(11.706766203254,1.18499309608605,24.5));
#10021=CARTESIAN_POINT('Ctrl Pts',(11.7067662032539,1.18499309608605,4.50000000000001));
#10022=CARTESIAN_POINT('Ctrl Pts',(11.749330406986,0.753316524653556,24.5));
#10023=CARTESIAN_POINT('Ctrl Pts',(11.749330406986,0.753316524653561,4.50000000000001));
#10024=CARTESIAN_POINT('Ctrl Pts',(11.7816257030936,0.279192089692124,24.5));
#10025=CARTESIAN_POINT('Ctrl Pts',(11.7816257030936,0.279192089692128,4.50000000000001));
#10026=CARTESIAN_POINT('Ctrl Pts',(11.8053919626289,-0.232143388937554,
24.5));
#10027=CARTESIAN_POINT('Ctrl Pts',(11.8053919626289,-0.23214338893755,4.50000000000001));
#10028=CARTESIAN_POINT('Ctrl Pts',(11.8690672852816,-1.60212975710044,24.5));
#10029=CARTESIAN_POINT('Ctrl Pts',(11.8690672852816,-1.60212975710044,4.50000000000001));
#10030=CARTESIAN_POINT('Ctrl Pts',(11.8753132007558,-3.24136957433125,24.5));
#10031=CARTESIAN_POINT('Ctrl Pts',(11.8753132007558,-3.24136957433125,4.50000000000001));
#10032=CARTESIAN_POINT('Ctrl Pts',(11.8753132007558,-5.00000000000002,24.5));
#10033=CARTESIAN_POINT('Ctrl Pts',(11.8753132007558,-5.00000000000001,4.50000000000001));
#10034=CARTESIAN_POINT('',(11.8145876517288,-0.441722660340048,19.5));
#10035=CARTESIAN_POINT('Ctrl Pts',(11.8145876517288,-0.441722660340046,
19.5));
#10036=CARTESIAN_POINT('Ctrl Pts',(11.8145876517288,-0.441722660340046,
17.8333333333333));
#10037=CARTESIAN_POINT('Ctrl Pts',(11.8145876517288,-0.441722660340045,
16.1666666666667));
#10038=CARTESIAN_POINT('Ctrl Pts',(11.8145876517288,-0.441722660340045,
12.8333333333333));
#10039=CARTESIAN_POINT('Ctrl Pts',(11.8145876517288,-0.441722660340092,
11.1666666666667));
#10040=CARTESIAN_POINT('Ctrl Pts',(11.8145876517288,-0.441722660340091,
9.50000000000001));
#10041=CARTESIAN_POINT('Ctrl Pts',(11.7999974453185,-0.119693151251885,
19.5));
#10042=CARTESIAN_POINT('Ctrl Pts',(11.8018424112015,-0.156973038548583,
19.5));
#10043=CARTESIAN_POINT('Ctrl Pts',(11.8036403514575,-0.194457149949246,
19.5));
#10044=CARTESIAN_POINT('Ctrl Pts',(11.8053919626289,-0.232143388937553,
19.5));
#10045=CARTESIAN_POINT('Ctrl Pts',(11.8086077262081,-0.301331138339962,
19.5));
#10046=CARTESIAN_POINT('Ctrl Pts',(11.811677015886,-0.37120561959401,19.5));
#10047=CARTESIAN_POINT('Ctrl Pts',(11.8146064244457,-0.441747529343076,
19.5));
#10048=CARTESIAN_POINT('Origin',(8.87531320075581,-10.,24.5));
#10049=CARTESIAN_POINT('Origin',(8.87531320075581,-10.,19.5));
#10050=CARTESIAN_POINT('Origin',(-7.3246867992442,-7.50000000000002,19.5));
#10051=CARTESIAN_POINT('',(-31.4511744545759,0.,19.5));
#10052=CARTESIAN_POINT('',(-0.699999999999985,-1.02869102125425E-14,19.5));
#10053=CARTESIAN_POINT('',(-20.5184699219746,10.7822475795515,19.4999999999999));
#10054=CARTESIAN_POINT('Origin',(-31.4511744545759,0.,30.));
#10055=CARTESIAN_POINT('',(-13.2,18.,15.));
#10056=CARTESIAN_POINT('',(-31.4511744545759,0.,30.));
#10057=CARTESIAN_POINT('Origin',(16.8,-1.11230402851006E-14,0.));
#10058=CARTESIAN_POINT('',(16.8,-1.11230402851006E-14,0.));
#10059=CARTESIAN_POINT('Origin',(-13.2,55.,0.));
#10060=CARTESIAN_POINT('',(-13.2,55.,0.));
#10061=CARTESIAN_POINT('Ctrl Pts',(5.6753132007558,21.2357286802351,24.5000566399459));
#10062=CARTESIAN_POINT('Ctrl Pts',(5.67531320075578,21.2357286802351,-5.0680281989277));
#10063=CARTESIAN_POINT('Ctrl Pts',(5.74087998069334,20.969571098178,24.5000566399459));
#10064=CARTESIAN_POINT('Ctrl Pts',(5.74087998069333,20.969571098178,-5.0680281989277));
#10065=CARTESIAN_POINT('Ctrl Pts',(5.87517456322545,20.4440639118244,24.5000566399459));
#10066=CARTESIAN_POINT('Ctrl Pts',(5.87517456322543,20.4440639118244,-5.0680281989277));
#10067=CARTESIAN_POINT('Ctrl Pts',(6.08609757997905,19.6762272669061,24.5000566399459));
#10068=CARTESIAN_POINT('Ctrl Pts',(6.08609757997904,19.6762272669062,-5.0680281989277));
#10069=CARTESIAN_POINT('Ctrl Pts',(6.38638454077405,18.6934582946449,24.5000566399459));
#10070=CARTESIAN_POINT('Ctrl Pts',(6.38638454077404,18.6934582946449,-5.0680281989277));
#10071=CARTESIAN_POINT('Ctrl Pts',(6.79600333614488,17.5335528930159,24.5000566399459));
#10072=CARTESIAN_POINT('Ctrl Pts',(6.79600333614486,17.5335528930159,-5.0680281989277));
#10073=CARTESIAN_POINT('Ctrl Pts',(7.2469178276093,16.4410405668928,24.5000566399459));
#10074=CARTESIAN_POINT('Ctrl Pts',(7.24691782760928,16.4410405668928,-5.0680281989277));
#10075=CARTESIAN_POINT('Ctrl Pts',(7.75210273418596,15.412285780671,24.5000566399459));
#10076=CARTESIAN_POINT('Ctrl Pts',(7.75210273418594,15.412285780671,-5.0680281989277));
#10077=CARTESIAN_POINT('Ctrl Pts',(8.33401691756043,14.4397415660591,24.5000566399459));
#10078=CARTESIAN_POINT('Ctrl Pts',(8.33401691756041,14.4397415660591,-5.0680281989277));
#10079=CARTESIAN_POINT('Ctrl Pts',(9.02003982847995,13.5106774308118,24.5000566399459));
#10080=CARTESIAN_POINT('Ctrl Pts',(9.02003982847993,13.5106774308118,-5.0680281989277));
#10081=CARTESIAN_POINT('Ctrl Pts',(9.83008667260322,12.6074947446831,24.5000566399459));
#10082=CARTESIAN_POINT('Ctrl Pts',(9.8300866726032,12.6074947446831,-5.0680281989277));
#10083=CARTESIAN_POINT('Ctrl Pts',(10.7674979861125,11.7077218426057,24.5000566399459));
#10084=CARTESIAN_POINT('Ctrl Pts',(10.7674979861124,11.7077218426057,-5.0680281989277));
#10085=CARTESIAN_POINT('Ctrl Pts',(11.8054150256094,10.7836540704099,24.5000566399459));
#10086=CARTESIAN_POINT('Ctrl Pts',(11.8054150256094,10.7836540704099,-5.0680281989277));
#10087=CARTESIAN_POINT('Ctrl Pts',(12.8836813854067,9.80323816314286,24.5000566399459));
#10088=CARTESIAN_POINT('Ctrl Pts',(12.8836813854067,9.80323816314286,-5.0680281989277));
#10089=CARTESIAN_POINT('Ctrl Pts',(13.9272522586525,8.73376628801283,24.5000566399459));
#10090=CARTESIAN_POINT('Ctrl Pts',(13.9272522586525,8.73376628801284,-5.0680281989277));
#10091=CARTESIAN_POINT('Ctrl Pts',(14.8603691370473,7.54514398358262,24.5000566399459));
#10092=CARTESIAN_POINT('Ctrl Pts',(14.8603691370473,7.54514398358263,-5.06802819892771));
#10093=CARTESIAN_POINT('Ctrl Pts',(15.6212853963697,6.2131591749602,24.5000566399459));
#10094=CARTESIAN_POINT('Ctrl Pts',(15.6212853963697,6.2131591749602,-5.06802819892771));
#10095=CARTESIAN_POINT('Ctrl Pts',(16.1795683278245,4.72363613817004,24.5000566399459));
#10096=CARTESIAN_POINT('Ctrl Pts',(16.1795683278244,4.72363613817005,-5.06802819892771));
#10097=CARTESIAN_POINT('Ctrl Pts',(16.544734576519,3.07433633367822,24.5000566399459));
#10098=CARTESIAN_POINT('Ctrl Pts',(16.544734576519,3.07433633367823,-5.06802819892771));
#10099=CARTESIAN_POINT('Ctrl Pts',(16.7504365556374,1.27047110009944,24.5000566399459));
#10100=CARTESIAN_POINT('Ctrl Pts',(16.7504365556374,1.27047110009944,-5.06802819892771));
#10101=CARTESIAN_POINT('Ctrl Pts',(16.8438490293453,-0.678313366247187,
24.5000566399459));
#10102=CARTESIAN_POINT('Ctrl Pts',(16.8438490293452,-0.678313366247181,
-5.06802819892771));
#10103=CARTESIAN_POINT('Ctrl Pts',(16.8675314124953,-2.34468353435465,24.5000566399459));
#10104=CARTESIAN_POINT('Ctrl Pts',(16.8675314124953,-2.34468353435465,-5.06802819892771));
#10105=CARTESIAN_POINT('Ctrl Pts',(16.8738985422875,-3.65086452901134,24.5000566399459));
#10106=CARTESIAN_POINT('Ctrl Pts',(16.8738985422875,-3.65086452901134,-5.06802819892771));
#10107=CARTESIAN_POINT('Ctrl Pts',(16.8753132007558,-4.54619729387234,24.5000566399459));
#10108=CARTESIAN_POINT('Ctrl Pts',(16.8753132007558,-4.54619729387233,-5.06802819892771));
#10109=CARTESIAN_POINT('Ctrl Pts',(16.8753132007558,-5.00000000000002,24.5000566399459));
#10110=CARTESIAN_POINT('Ctrl Pts',(16.8753132007558,-5.00000000000001,-5.06802819892771));
#10111=CARTESIAN_POINT('Ctrl Pts',(16.8753132007558,-10.2757897866123,24.5000566399459));
#10112=CARTESIAN_POINT('Ctrl Pts',(16.8753132007558,-10.2757897866123,-5.06802819892771));
#10113=CARTESIAN_POINT('Ctrl Pts',(16.8753132007558,-15.5515795732247,24.5000566399459));
#10114=CARTESIAN_POINT('Ctrl Pts',(16.8753132007558,-15.5515795732247,-5.06802819892771));
#10115=CARTESIAN_POINT('Ctrl Pts',(16.8753132007558,-20.827369359837,24.5000566399459));
#10116=CARTESIAN_POINT('Ctrl Pts',(16.8753132007558,-20.827369359837,-5.06802819892771));
#10117=CARTESIAN_POINT('Ctrl Pts',(16.8753132007558,-26.1031591464493,24.5000566399459));
#10118=CARTESIAN_POINT('Ctrl Pts',(16.8753132007558,-26.1031591464493,-5.06802819892771));
#10119=CARTESIAN_POINT('Ctrl Pts',(16.8753132007558,-31.3789489330617,24.5000566399459));
#10120=CARTESIAN_POINT('Ctrl Pts',(16.8753132007558,-31.3789489330616,-5.06802819892771));
#10121=CARTESIAN_POINT('',(16.8753132007558,-5.00000000000001,4.50000000000001));
#10122=CARTESIAN_POINT('',(16.8753132007558,-5.00000000000002,24.5));
#10123=CARTESIAN_POINT('',(16.8,-1.33226762955019E-14,4.50000000000001));
#10124=CARTESIAN_POINT('Ctrl Pts',(16.8,-1.77635683940025E-14,4.50000000000001));
#10125=CARTESIAN_POINT('Ctrl Pts',(16.806536059611,-0.140624533893154,4.50000000000001));
#10126=CARTESIAN_POINT('Ctrl Pts',(16.8293705616196,-0.677866221880437,
4.50000000000001));
#10127=CARTESIAN_POINT('Ctrl Pts',(16.8568541115196,-1.63274552019308,4.50000000000001));
#10128=CARTESIAN_POINT('Ctrl Pts',(16.8688948656847,-2.62438831519273,4.50000000000001));
#10129=CARTESIAN_POINT('Ctrl Pts',(16.8738985422875,-3.65086452901134,4.50000000000001));
#10130=CARTESIAN_POINT('Ctrl Pts',(16.8753132007558,-4.54619729387233,4.50000000000001));
#10131=CARTESIAN_POINT('Ctrl Pts',(16.8753132007558,-5.00000000000001,4.50000000000001));
#10132=CARTESIAN_POINT('Ctrl Pts',(16.8,-1.82076576038526E-14,4.50000000000001));
#10133=CARTESIAN_POINT('Ctrl Pts',(16.7814995197502,0.398041261368454,4.50000000000001));
#10134=CARTESIAN_POINT('Ctrl Pts',(16.7579908946293,0.787594557246573,4.50000000000001));
#10135=CARTESIAN_POINT('Ctrl Pts',(16.7277004244944,1.16827299541515,4.50000000000001));
#10136=CARTESIAN_POINT('Ctrl Pts',(16.7032241586985,1.47588085339493,4.50000000000001));
#10137=CARTESIAN_POINT('Ctrl Pts',(16.6743148022209,1.77769290156307,4.50000000000001));
#10138=CARTESIAN_POINT('Ctrl Pts',(16.6400425828903,2.07351476353185,4.50000000000001));
#10139=CARTESIAN_POINT('Ctrl Pts',(16.6100543909759,2.33235889275452,4.50000000000001));
#10140=CARTESIAN_POINT('Ctrl Pts',(16.5759587809278,2.58661648871792,4.50000000000001));
#10141=CARTESIAN_POINT('Ctrl Pts',(16.537173220427,2.83617284295087,4.50000000000001));
#10142=CARTESIAN_POINT('Ctrl Pts',(16.5032358549888,3.05453465290471,4.50000000000001));
#10143=CARTESIAN_POINT('Ctrl Pts',(16.4657075287527,3.26929707612091,4.50000000000001));
#10144=CARTESIAN_POINT('Ctrl Pts',(16.4242403193164,3.48039747079955,4.50000000000001));
#10145=CARTESIAN_POINT('Ctrl Pts',(16.385558324253,3.67731895492701,4.50000000000001));
#10146=CARTESIAN_POINT('Ctrl Pts',(16.3434486119162,3.87105378762871,4.50000000000001));
#10147=CARTESIAN_POINT('Ctrl Pts',(16.2976709845792,4.06156466110689,4.50000000000001));
#10148=CARTESIAN_POINT('Ctrl Pts',(16.2536286524581,4.24485382768228,4.50000000000001));
#10149=CARTESIAN_POINT('Ctrl Pts',(16.206190957544,4.42515875957712,4.50000000000001));
#10150=CARTESIAN_POINT('Ctrl Pts',(16.1551878585964,4.60245999719179,4.50000000000001));
#10151=CARTESIAN_POINT('Ctrl Pts',(16.1061884300544,4.77279590818922,4.50000000000001));
#10152=CARTESIAN_POINT('Ctrl Pts',(16.0538980203753,4.94035943899844,4.50000000000001));
#10153=CARTESIAN_POINT('Ctrl Pts',(15.9982102037605,5.10514704513828,4.50000000000001));
#10154=CARTESIAN_POINT('Ctrl Pts',(15.9445958981629,5.26379885825202,4.50000000000001));
#10155=CARTESIAN_POINT('Ctrl Pts',(15.8878322223826,5.4198775526497,4.50000000000001));
#10156=CARTESIAN_POINT('Ctrl Pts',(15.8278698248915,5.57339387749133,4.50000000000001));
#10157=CARTESIAN_POINT('Ctrl Pts',(15.7697846120975,5.72210421545088,4.50000000000001));
#10158=CARTESIAN_POINT('Ctrl Pts',(15.7086976104493,5.86841005256872,4.50000000000001));
#10159=CARTESIAN_POINT('Ctrl Pts',(15.6446109808966,6.01233535058324,4.50000000000001));
#10160=CARTESIAN_POINT('Ctrl Pts',(15.5816700129272,6.15368772994115,4.50000000000001));
#10161=CARTESIAN_POINT('Ctrl Pts',(15.5158355124223,6.2927438680269,4.50000000000001));
#10162=CARTESIAN_POINT('Ctrl Pts',(15.4471589700114,6.42954128380936,4.50000000000001));
#10163=CARTESIAN_POINT('Ctrl Pts',(15.3776804665502,6.56793613294228,4.50000000000001));
#10164=CARTESIAN_POINT('Ctrl Pts',(15.3052932757715,6.70401921704778,4.50000000000001));
#10165=CARTESIAN_POINT('Ctrl Pts',(15.2301022791184,6.83784496304907,4.50000000000001));
#10166=CARTESIAN_POINT('Ctrl Pts',(15.1534355428576,6.97429724630464,4.50000000000001));
#10167=CARTESIAN_POINT('Ctrl Pts',(15.0738539467984,7.10840271833976,4.50000000000001));
#10168=CARTESIAN_POINT('Ctrl Pts',(14.9915204723455,7.24023503035391,4.50000000000001));
#10169=CARTESIAN_POINT('Ctrl Pts',(14.9642452504919,7.2839080999231,4.50000000000001));
#10170=CARTESIAN_POINT('Ctrl Pts',(14.9366684336958,7.32733182965879,4.50000000000001));
#10171=CARTESIAN_POINT('Ctrl Pts',(14.9087971388598,7.37050927077274,4.50000000000001));
#10172=CARTESIAN_POINT('Origin',(16.8753132007558,-20.3563497242789,0.500000000000003));
#10173=CARTESIAN_POINT('',(10.8753132007558,-22.6254441263761,3.79411757446079));
#10174=CARTESIAN_POINT('',(12.5429686614334,-20.3563497242783,4.50000000000001));
#10175=CARTESIAN_POINT('Ctrl Pts',(10.8753132007558,-22.6254441263761,3.79411757446079));
#10176=CARTESIAN_POINT('Ctrl Pts',(10.8753132007558,-22.5908820722231,3.81792503179366));
#10177=CARTESIAN_POINT('Ctrl Pts',(10.8786603680073,-22.5558247891242,3.84127560895489));
#10178=CARTESIAN_POINT('Ctrl Pts',(10.9035395670686,-22.4238970899108,3.9261211703656));
#10179=CARTESIAN_POINT('Ctrl Pts',(10.9466068035741,-22.3203549094413,3.98721937071133));
#10180=CARTESIAN_POINT('Ctrl Pts',(11.1504295963474,-21.98518351072,4.16144879304279));
#10181=CARTESIAN_POINT('Ctrl Pts',(11.3641524400575,-21.7395677983505,4.26347381183923));
#10182=CARTESIAN_POINT('Ctrl Pts',(11.8730105558978,-21.161405862946,4.43156792988266));
#10183=CARTESIAN_POINT('Ctrl Pts',(12.2117578819181,-20.7833975511322,4.5000000000001));
#10184=CARTESIAN_POINT('Ctrl Pts',(12.5429686614331,-20.356349724278,4.50000000000001));
#10185=CARTESIAN_POINT('',(16.8753132007558,-20.3563497242789,4.50000000000001));
#10186=CARTESIAN_POINT('',(16.8753132007558,-20.3563497242789,4.50000000000001));
#10187=CARTESIAN_POINT('',(16.8753132007558,-22.6254441263761,3.79411757446079));
#10188=CARTESIAN_POINT('Origin',(16.8753132007558,-20.3563497242789,0.500000000000003));
#10189=CARTESIAN_POINT('',(16.8753132007558,-22.6254441263761,3.79411757446079));
#10190=CARTESIAN_POINT('Origin',(-7.32468679924422,-7.50000000000001,4.50000000000002));
#10191=CARTESIAN_POINT('',(16.8753132007558,-5.00000000000001,4.50000000000001));
#10192=CARTESIAN_POINT('',(13.8753132007558,-16.4096523897638,4.50000000000001));
#10193=CARTESIAN_POINT('Ctrl Pts',(13.8753132007558,-16.4096523897638,4.5));
#10194=CARTESIAN_POINT('Ctrl Pts',(13.8753132007558,-16.7480964705495,4.5));
#10195=CARTESIAN_POINT('Ctrl Pts',(13.8456603408516,-17.1182582782972,4.50000000000001));
#10196=CARTESIAN_POINT('Ctrl Pts',(13.7214306029495,-17.8477375725774,4.50000000000001));
#10197=CARTESIAN_POINT('Ctrl Pts',(13.6270211035575,-18.2070835536725,4.50000000000001));
#10198=CARTESIAN_POINT('Ctrl Pts',(13.4101222465916,-18.8407309638354,4.50000000000001));
#10199=CARTESIAN_POINT('Ctrl Pts',(13.268151331845,-19.1756212851488,4.50000000000001));
#10200=CARTESIAN_POINT('Ctrl Pts',(12.932809828886,-19.8053044985614,4.50000000000001));
#10201=CARTESIAN_POINT('Ctrl Pts',(12.7410307111706,-20.1009776979009,4.5));
#10202=CARTESIAN_POINT('Ctrl Pts',(12.5429686614331,-20.356349724278,4.5));
#10203=CARTESIAN_POINT('',(13.8753132007558,-10.,4.50000000000001));
#10204=CARTESIAN_POINT('',(13.8753132007558,-16.2500002607703,4.50000000000001));
#10205=CARTESIAN_POINT('',(8.87531320075579,-5.00000000000001,4.50000000000001));
#10206=CARTESIAN_POINT('Origin',(8.8753132007558,-10.,4.50000000000001));
#10207=CARTESIAN_POINT('',(-23.5246867992442,-5.00000000000001,4.50000000000003));
#10208=CARTESIAN_POINT('',(-23.5246867992442,-5.00000000000001,4.50000000000003));
#10209=CARTESIAN_POINT('',(-28.5246867992442,-10.,4.50000000000003));
#10210=CARTESIAN_POINT('Origin',(-23.5246867992442,-10.,4.50000000000003));
#10211=CARTESIAN_POINT('',(-28.5246867992442,-16.4096526302692,4.50000000000003));
#10212=CARTESIAN_POINT('',(-28.5246867992442,-10.,4.50000000000003));
#10213=CARTESIAN_POINT('',(-27.1923422115081,-20.3563500657627,4.50000000000003));
#10214=CARTESIAN_POINT('Ctrl Pts',(-27.1923422115078,-20.3563500657624,
4.50000000000002));
#10215=CARTESIAN_POINT('Ctrl Pts',(-27.3904042769303,-20.1009780228237,
4.50000000000002));
#10216=CARTESIAN_POINT('Ctrl Pts',(-27.5821834111037,-19.8053047993733,
4.50000000000003));
#10217=CARTESIAN_POINT('Ctrl Pts',(-27.9175249274606,-19.175621555104,4.50000000000003));
#10218=CARTESIAN_POINT('Ctrl Pts',(-28.0594958430193,-18.8407312291845,
4.50000000000003));
#10219=CARTESIAN_POINT('Ctrl Pts',(-28.2763947009075,-18.2070838115659,
4.50000000000003));
#10220=CARTESIAN_POINT('Ctrl Pts',(-28.3708042006667,-17.8477378269035,
4.50000000000003));
#10221=CARTESIAN_POINT('Ctrl Pts',(-28.4950339391448,-17.1182585255359,
4.50000000000003));
#10222=CARTESIAN_POINT('Ctrl Pts',(-28.5246867992442,-16.7480967142657,
4.50000000000003));
#10223=CARTESIAN_POINT('Ctrl Pts',(-28.5246867992442,-16.4096526302692,
4.50000000000003));
#10224=CARTESIAN_POINT('',(-31.5246867992442,-20.3563500657634,4.50000000000003));
#10225=CARTESIAN_POINT('',(-31.5246867992442,-20.3563500657634,4.50000000000003));
#10226=CARTESIAN_POINT('',(-31.5246867992442,-20.,4.50000000000003));
#10227=CARTESIAN_POINT('Origin',(-31.5246867992442,-20.3563500657634,0.500000000000029));
#10228=CARTESIAN_POINT('',(-25.5246867992442,-22.6254444133676,3.79411761199731));
#10229=CARTESIAN_POINT('Ctrl Pts',(-27.1923422115106,-20.3563500657588,
4.50000000000003));
#10230=CARTESIAN_POINT('Ctrl Pts',(-26.8222397822501,-20.8335429762503,
4.50000000000057));
#10231=CARTESIAN_POINT('Ctrl Pts',(-26.4443015853019,-21.2477285792816,
4.41473066448011));
#10232=CARTESIAN_POINT('Ctrl Pts',(-25.9711946410117,-21.7898382212774,
4.24098785610895));
#10233=CARTESIAN_POINT('Ctrl Pts',(-25.8034903271996,-21.9887588090548,
4.15725140035187));
#10234=CARTESIAN_POINT('Ctrl Pts',(-25.6178035307947,-22.2797899066533,
4.00944505938126));
#10235=CARTESIAN_POINT('Ctrl Pts',(-25.5726877627544,-22.3759148213841,
3.95427133489567));
#10236=CARTESIAN_POINT('Ctrl Pts',(-25.5325798046229,-22.518714992925,3.86576716436074));
#10237=CARTESIAN_POINT('Ctrl Pts',(-25.5246867992442,-22.5723719596312,
3.83067562812524));
#10238=CARTESIAN_POINT('Ctrl Pts',(-25.5246867992442,-22.6254444133676,
3.7941176119973));
#10239=CARTESIAN_POINT('',(-31.5246867992442,-22.6254444133676,3.7941176119973));
#10240=CARTESIAN_POINT('',(-31.5246867992442,-22.6254444133676,3.7941176119973));
#10241=CARTESIAN_POINT('Origin',(-31.5246867992442,-20.3563500657634,0.500000000000029));
#10242=CARTESIAN_POINT('Origin',(-31.5246867992442,-30.0000010430813,14.4999998509884));
#10243=CARTESIAN_POINT('',(-25.5246867992442,-22.6254447442176,25.2058823178796));
#10244=CARTESIAN_POINT('Origin',(-25.5246867992442,-30.0000010430813,14.4999998509884));
#10245=CARTESIAN_POINT('',(-31.5246867992442,-22.6254447442176,25.2058823178796));
#10246=CARTESIAN_POINT('',(-31.5246867992442,-22.6254447442176,25.2058823178796));
#10247=CARTESIAN_POINT('Origin',(-31.5246867992442,-30.0000010430813,14.4999998509884));
#10248=CARTESIAN_POINT('Origin',(-31.5246867992442,-20.3563504984133,28.5));
#10249=CARTESIAN_POINT('Ctrl Pts',(-25.5246867992442,-22.6254447442176,
25.2058823178796));
#10250=CARTESIAN_POINT('Ctrl Pts',(-25.5246867992442,-22.590882575391,25.1820747839738));
#10251=CARTESIAN_POINT('Ctrl Pts',(-25.5280339884943,-22.555825176586,25.1587241347511));
#10252=CARTESIAN_POINT('Ctrl Pts',(-25.5529132908383,-22.4238973370385,
25.0738785111447));
#10253=CARTESIAN_POINT('Ctrl Pts',(-25.5959805935092,-22.3203551212649,
25.0127803104569));
#10254=CARTESIAN_POINT('Ctrl Pts',(-25.7998037610514,-21.9851833310366,
24.8385507592786));
#10255=CARTESIAN_POINT('Ctrl Pts',(-26.013527116954,-21.7395671446819,24.7365256164358));
#10256=CARTESIAN_POINT('Ctrl Pts',(-26.5223854769531,-21.1614049803861,
24.5684317715953));
#10257=CARTESIAN_POINT('Ctrl Pts',(-26.861132049048,-20.7833973888053,24.4999999999999));
#10258=CARTESIAN_POINT('Ctrl Pts',(-27.1923421156347,-20.3563504984124,
24.5));
#10259=CARTESIAN_POINT('Origin',(-31.5246867992442,-20.3563504984133,28.5));
#10260=CARTESIAN_POINT('Origin',(16.8753132007558,-20.3563501569289,28.5));
#10261=CARTESIAN_POINT('',(10.8753132007558,-22.6254444572261,25.2058823554161));
#10262=CARTESIAN_POINT('Ctrl Pts',(12.5429685655629,-20.3563501569244,24.5));
#10263=CARTESIAN_POINT('Ctrl Pts',(12.1728660476148,-20.8335431761812,24.4999999999995));
#10264=CARTESIAN_POINT('Ctrl Pts',(11.7949277619427,-21.2477288586865,24.5852693742236));
#10265=CARTESIAN_POINT('Ctrl Pts',(11.3218208695313,-21.7898384623418,24.7590122058944));
#10266=CARTESIAN_POINT('Ctrl Pts',(11.1541166162956,-21.988758996399,24.8427486448241));
#10267=CARTESIAN_POINT('Ctrl Pts',(10.968429884074,-22.279790038906,24.9905549637874));
#10268=CARTESIAN_POINT('Ctrl Pts',(10.9233141311742,-22.3759149438301,25.0457286835893));
#10269=CARTESIAN_POINT('Ctrl Pts',(10.8832061985479,-22.518715085538,25.1342328371041));
#10270=CARTESIAN_POINT('Ctrl Pts',(10.8753132007558,-22.572372028358,25.1693243575421));
#10271=CARTESIAN_POINT('Ctrl Pts',(10.8753132007558,-22.6254444572261,25.2058823554161));
#10272=CARTESIAN_POINT('',(16.8753132007558,-22.6254444572261,25.2058823554161));
#10273=CARTESIAN_POINT('',(16.8753132007558,-22.6254444572261,25.2058823554161));
#10274=CARTESIAN_POINT('Origin',(16.8753132007558,-20.3563501569289,28.5));
#10275=CARTESIAN_POINT('Origin',(16.8753132007558,-30.0000010430813,14.4999998509884));
#10276=CARTESIAN_POINT('Origin',(16.8753132007558,-30.0000010430813,14.4999998509884));
#10277=CARTESIAN_POINT('Origin',(10.8753132007558,-30.0000010430813,14.4999998509884));
#10278=CARTESIAN_POINT('Origin',(-24.5246867992442,-30.0000010430813,14.4999998509884));
#10279=CARTESIAN_POINT('Origin',(-25.5246867992442,-30.0000010430813,14.4999998509884));
#10280=CARTESIAN_POINT('Origin',(-28.5246867992442,-30.0000010430813,14.4999998509884));
#10281=CARTESIAN_POINT('Origin',(-28.5246867992442,-10.,24.5));
#10282=CARTESIAN_POINT('',(-28.5246867992442,-10.,24.5));
#10283=CARTESIAN_POINT('Origin',(9.87531320075579,-30.0000010430813,14.4999998509884));
#10284=CARTESIAN_POINT('Origin',(10.8753132007558,-30.0000010430813,14.4999998509884));
#10285=CARTESIAN_POINT('Origin',(13.8753132007558,-30.0000010430813,14.4999998509884));
#10286=CARTESIAN_POINT('Origin',(13.8753132007558,-20.,24.5));
#10287=CARTESIAN_POINT('',(13.8753132007558,-10.,24.5));
#10288=CARTESIAN_POINT('Origin',(16.8753132007558,-30.0000010430813,14.4999998509884));
#10289=CARTESIAN_POINT('',(16.8753132007558,-30.0000010430813,3.99999985098838));
#10290=CARTESIAN_POINT('Origin',(16.8753132007558,-30.0000010430813,14.4999998509884));
#10291=CARTESIAN_POINT('',(12.8753132007558,-30.0000010430813,3.99999985098838));
#10292=CARTESIAN_POINT('',(16.8753132007558,-30.0000010430813,3.99999985098838));
#10293=CARTESIAN_POINT('Origin',(12.8753132007558,-30.0000010430813,14.4999998509884));
#10294=CARTESIAN_POINT('Origin',(-31.5246867992442,-30.0000010430813,14.4999998509884));
#10295=CARTESIAN_POINT('',(-31.5246867992442,-30.0000010430813,24.9999998509884));
#10296=CARTESIAN_POINT('Origin',(-31.5246867992442,-30.0000010430813,14.4999998509884));
#10297=CARTESIAN_POINT('',(-27.5246867992442,-30.0000010430813,24.9999998509884));
#10298=CARTESIAN_POINT('',(-31.5246867992442,-30.0000010430813,24.9999998509884));
#10299=CARTESIAN_POINT('Origin',(-27.5246867992442,-30.0000010430813,14.4999998509884));
#10300=CARTESIAN_POINT('Origin',(-27.5246867992442,-30.0000010430813,14.4999998509884));
#10301=CARTESIAN_POINT('',(-27.5246867992442,-30.0000010430813,22.9999998509884));
#10302=CARTESIAN_POINT('Origin',(-27.5246867992442,-30.0000010430813,21.4999998509884));
#10303=CARTESIAN_POINT('',(-27.5246867992442,-23.0000009387732,15.9999998509884));
#10304=CARTESIAN_POINT('Origin',(-27.5246867992442,-23.0000009387732,14.4999998509884));
#10305=CARTESIAN_POINT('',(-27.5246867992442,-37.0000011473894,15.9999998509884));
#10306=CARTESIAN_POINT('Origin',(-27.5246867992442,-37.0000011473894,14.4999998509884));
#10307=CARTESIAN_POINT('',(-27.5246867992442,-30.0000010430813,8.99999985098841));
#10308=CARTESIAN_POINT('Origin',(-27.5246867992442,-30.0000010430813,7.49999985098841));
#10309=CARTESIAN_POINT('',(-27.5246867992442,-30.0000010430813,17.2999998509884));
#10310=CARTESIAN_POINT('Origin',(-27.5246867992442,-30.0000010430813,14.4999998509884));
#10311=CARTESIAN_POINT('Origin',(12.8753132007558,-30.0000010430813,14.4999998509884));
#10312=CARTESIAN_POINT('',(12.8753132007558,-30.0000010430813,8.99999985098838));
#10313=CARTESIAN_POINT('Origin',(12.8753132007558,-30.0000010430813,7.49999985098839));
#10314=CARTESIAN_POINT('',(12.8753132007558,-37.0000011473894,15.9999998509884));
#10315=CARTESIAN_POINT('Origin',(12.8753132007558,-37.0000011473894,14.4999998509884));
#10316=CARTESIAN_POINT('',(12.8753132007558,-30.0000010430813,17.2999998509884));
#10317=CARTESIAN_POINT('Origin',(12.8753132007558,-30.0000010430813,14.4999998509884));
#10318=CARTESIAN_POINT('',(12.8753132007558,-23.0000009387732,15.9999998509884));
#10319=CARTESIAN_POINT('Origin',(12.8753132007558,-23.0000009387732,14.4999998509884));
#10320=CARTESIAN_POINT('',(12.8753132007558,-30.0000010430813,22.9999998509884));
#10321=CARTESIAN_POINT('Origin',(12.8753132007558,-30.0000010430813,21.4999998509884));
#10322=CARTESIAN_POINT('Origin',(-25.5246867992442,-20.,24.5));
#10323=CARTESIAN_POINT('',(-25.5246867992442,-30.0000010430813,8.99999985098841));
#10324=CARTESIAN_POINT('Origin',(-25.5246867992442,-30.0000010430813,7.49999985098841));
#10325=CARTESIAN_POINT('',(-25.5246867992442,-37.0000011473894,15.9999998509884));
#10326=CARTESIAN_POINT('Origin',(-25.5246867992442,-37.0000011473894,14.4999998509884));
#10327=CARTESIAN_POINT('',(-25.5246867992442,-30.0000010430813,22.9999998509884));
#10328=CARTESIAN_POINT('Origin',(-25.5246867992442,-30.0000010430813,21.4999998509884));
#10329=CARTESIAN_POINT('',(-25.5246867992442,-30.0000010430813,17.2999998509884));
#10330=CARTESIAN_POINT('Origin',(-25.5246867992442,-30.0000010430813,14.4999998509884));
#10331=CARTESIAN_POINT('',(-25.5246867992442,-23.0000009387732,15.9999998509884));
#10332=CARTESIAN_POINT('Origin',(-25.5246867992442,-23.0000009387732,14.4999998509884));
#10333=CARTESIAN_POINT('Origin',(-31.5246867992442,-23.0000009387732,14.4999998509884));
#10334=CARTESIAN_POINT('',(10.8753132007558,-23.0000009387732,15.9999998509884));
#10335=CARTESIAN_POINT('Origin',(10.8753132007558,-23.0000009387732,14.4999998509884));
#10336=CARTESIAN_POINT('',(-31.5246867992442,-23.0000009387732,15.9999998509884));
#10337=CARTESIAN_POINT('Origin',(-31.5246867992442,-23.0000009387732,14.4999998509884));
#10338=CARTESIAN_POINT('',(-31.5246867992442,-23.0000009387732,15.9999998509884));
#10339=CARTESIAN_POINT('Origin',(-31.5246867992442,-30.0000010430813,14.4999998509884));
#10340=CARTESIAN_POINT('',(10.8753132007558,-30.0000010430813,17.2999998509884));
#10341=CARTESIAN_POINT('Origin',(10.8753132007558,-30.0000010430813,14.4999998509884));
#10342=CARTESIAN_POINT('',(-31.5246867992442,-30.0000010430813,17.2999998509884));
#10343=CARTESIAN_POINT('Origin',(-31.5246867992442,-30.0000010430813,14.4999998509884));
#10344=CARTESIAN_POINT('',(-31.5246867992442,-30.0000010430813,17.2999998509884));
#10345=CARTESIAN_POINT('Origin',(-31.5246867992442,-30.0000010430813,21.4999998509884));
#10346=CARTESIAN_POINT('',(10.8753132007558,-30.0000010430813,22.9999998509884));
#10347=CARTESIAN_POINT('Origin',(10.8753132007558,-30.0000010430813,21.4999998509884));
#10348=CARTESIAN_POINT('',(-31.5246867992442,-30.0000010430813,22.9999998509884));
#10349=CARTESIAN_POINT('Origin',(-31.5246867992442,-30.0000010430813,21.4999998509884));
#10350=CARTESIAN_POINT('',(-31.5246867992442,-30.0000010430813,22.9999998509884));
#10351=CARTESIAN_POINT('Origin',(-31.5246867992442,-37.0000011473894,14.4999998509884));
#10352=CARTESIAN_POINT('',(10.8753132007558,-37.0000011473894,15.9999998509884));
#10353=CARTESIAN_POINT('Origin',(10.8753132007558,-37.0000011473894,14.4999998509884));
#10354=CARTESIAN_POINT('',(-31.5246867992442,-37.0000011473894,15.9999998509884));
#10355=CARTESIAN_POINT('Origin',(-31.5246867992442,-37.0000011473894,14.4999998509884));
#10356=CARTESIAN_POINT('',(-31.5246867992442,-37.0000011473894,15.9999998509884));
#10357=CARTESIAN_POINT('Origin',(-31.5246867992442,-30.0000010430813,7.49999985098841));
#10358=CARTESIAN_POINT('',(10.8753132007558,-30.0000010430813,8.99999985098839));
#10359=CARTESIAN_POINT('Origin',(10.8753132007558,-30.0000010430813,7.49999985098839));
#10360=CARTESIAN_POINT('',(-31.5246867992442,-30.0000010430813,8.99999985098841));
#10361=CARTESIAN_POINT('Origin',(-31.5246867992442,-30.0000010430813,7.49999985098841));
#10362=CARTESIAN_POINT('',(-31.5246867992442,-30.0000010430813,8.99999985098841));
#10363=CARTESIAN_POINT('Origin',(10.8753132007558,-40.,24.5));
#10364=CARTESIAN_POINT('Origin',(-31.5246867992442,-40.,24.5));
#10365=CARTESIAN_POINT('Origin',(-23.5246867992442,-10.,24.5));
#10366=CARTESIAN_POINT('',(-23.5246867992442,-5.00000000000002,24.5));
#10367=CARTESIAN_POINT('Origin',(8.8753132007558,-5.00000000000002,24.5));
#10368=CARTESIAN_POINT('',(8.8753132007558,-5.00000000000002,24.5));
#10369=CARTESIAN_POINT('Origin',(8.87531320075581,-10.,24.5));
#10370=CARTESIAN_POINT('Origin',(16.8753132007558,-5.00000000000002,24.5));
#10371=CARTESIAN_POINT('Origin',(-13.2,-9.6900510844385E-15,0.));
#10372=CARTESIAN_POINT('Origin',(16.8,55.,0.));
#10373=CARTESIAN_POINT('',(-28.5246867545407,25.,27.5000000447035));
#10374=CARTESIAN_POINT('',(69.8999999999999,89.7000000000001,2.60000002235174));
#10375=UNCERTAINTY_MEASURE_WITH_UNIT(LENGTH_MEASURE(0.01),#10383,
'DISTANCE_ACCURACY_VALUE',
'Maximum model space distance between geometric entities at asserted c
onnectivities');
#10376=UNCERTAINTY_MEASURE_WITH_UNIT(LENGTH_MEASURE(0.01),#10383,
'DISTANCE_ACCURACY_VALUE',
'Maximum model space distance between geometric entities at asserted c
onnectivities');
#10377=UNCERTAINTY_MEASURE_WITH_UNIT(LENGTH_MEASURE(0.01),#10383,
'DISTANCE_ACCURACY_VALUE',
'Maximum model space distance between geometric entities at asserted c
onnectivities');
#10378=UNCERTAINTY_MEASURE_WITH_UNIT(LENGTH_MEASURE(0.01),#10383,
'DISTANCE_ACCURACY_VALUE',
'Maximum model space distance between geometric entities at asserted c
onnectivities');
#10379=(
GEOMETRIC_REPRESENTATION_CONTEXT(3)
GLOBAL_UNCERTAINTY_ASSIGNED_CONTEXT((#10375))
GLOBAL_UNIT_ASSIGNED_CONTEXT((#10383,#10385,#10386))
REPRESENTATION_CONTEXT('','3D')
);
#10380=(
GEOMETRIC_REPRESENTATION_CONTEXT(3)
GLOBAL_UNCERTAINTY_ASSIGNED_CONTEXT((#10376))
GLOBAL_UNIT_ASSIGNED_CONTEXT((#10383,#10385,#10386))
REPRESENTATION_CONTEXT('','3D')
);
#10381=(
GEOMETRIC_REPRESENTATION_CONTEXT(3)
GLOBAL_UNCERTAINTY_ASSIGNED_CONTEXT((#10377))
GLOBAL_UNIT_ASSIGNED_CONTEXT((#10383,#10385,#10386))
REPRESENTATION_CONTEXT('','3D')
);
#10382=(
GEOMETRIC_REPRESENTATION_CONTEXT(3)
GLOBAL_UNCERTAINTY_ASSIGNED_CONTEXT((#10378))
GLOBAL_UNIT_ASSIGNED_CONTEXT((#10383,#10385,#10386))
REPRESENTATION_CONTEXT('','3D')
);
#10383=(
LENGTH_UNIT()
NAMED_UNIT(*)
SI_UNIT(.MILLI.,.METRE.)
);
#10384=(
LENGTH_UNIT()
NAMED_UNIT(*)
SI_UNIT($,.METRE.)
);
#10385=(
NAMED_UNIT(*)
PLANE_ANGLE_UNIT()
SI_UNIT($,.RADIAN.)
);
#10386=(
NAMED_UNIT(*)
SI_UNIT($,.STERADIAN.)
SOLID_ANGLE_UNIT()
);
#10387=SHAPE_DEFINITION_REPRESENTATION(#10390,#10395);
#10388=SHAPE_DEFINITION_REPRESENTATION(#10391,#10396);
#10389=SHAPE_DEFINITION_REPRESENTATION(#10392,#10397);
#10390=PRODUCT_DEFINITION_SHAPE('',$,#10399);
#10391=PRODUCT_DEFINITION_SHAPE('',$,#10400);
#10392=PRODUCT_DEFINITION_SHAPE('',$,#10401);
#10393=PRODUCT_DEFINITION_SHAPE($,$,#17);
#10394=PRODUCT_DEFINITION_SHAPE($,$,#18);
#10395=SHAPE_REPRESENTATION('',(#5293,#5809,#5810),#10379);
#10396=SHAPE_REPRESENTATION('',(#5294),#10380);
#10397=SHAPE_REPRESENTATION('',(#5369),#10381);
#10398=PRODUCT_DEFINITION_CONTEXT('part definition',#10409,'design');
#10399=PRODUCT_DEFINITION('shouder_jont_v2','shouder_jont_v2 v9',#10402,
#10398);
#10400=PRODUCT_DEFINITION('side','side v4',#10403,#10398);
#10401=PRODUCT_DEFINITION('servo_connection_v2',
'servo_connection_v2 v4',#10404,#10398);
#10402=PRODUCT_DEFINITION_FORMATION('',$,#10411);
#10403=PRODUCT_DEFINITION_FORMATION('',$,#10412);
#10404=PRODUCT_DEFINITION_FORMATION('',$,#10413);
#10405=PRODUCT_RELATED_PRODUCT_CATEGORY('shouder_jont_v2 v9',
'shouder_jont_v2 v9',(#10411));
#10406=PRODUCT_RELATED_PRODUCT_CATEGORY('side v4','side v4',(#10412));
#10407=PRODUCT_RELATED_PRODUCT_CATEGORY('servo_connection_v2 v4',
'servo_connection_v2 v4',(#10413));
#10408=APPLICATION_PROTOCOL_DEFINITION('international standard',
'automotive_design',2009,#10409);
#10409=APPLICATION_CONTEXT(
'Core Data for Automotive Mechanical Design Process');
#10410=PRODUCT_CONTEXT('part definition',#10409,'mechanical');
#10411=PRODUCT('shouder_jont_v2','shouder_jont_v2 v9',$,(#10410));
#10412=PRODUCT('side','side v4',$,(#10410));
#10413=PRODUCT('servo_connection_v2','servo_connection_v2 v4',$,(#10410));
#10414=PRESENTATION_STYLE_ASSIGNMENT((#10416));
#10415=PRESENTATION_STYLE_ASSIGNMENT((#10417));
#10416=SURFACE_STYLE_USAGE(.BOTH.,#10418);
#10417=SURFACE_STYLE_USAGE(.BOTH.,#10419);
#10418=SURFACE_SIDE_STYLE('',(#10420));
#10419=SURFACE_SIDE_STYLE('',(#10421));
#10420=SURFACE_STYLE_FILL_AREA(#10422);
#10421=SURFACE_STYLE_FILL_AREA(#10423);
#10422=FILL_AREA_STYLE('Steel - Satin',(#10424));
#10423=FILL_AREA_STYLE('Plastic - Translucent Matte (Blue)',(#10425));
#10424=FILL_AREA_STYLE_COLOUR('Steel - Satin',#10426);
#10425=FILL_AREA_STYLE_COLOUR('Plastic - Translucent Matte (Blue)',#10427);
#10426=COLOUR_RGB('Steel - Satin',0.627450980392157,0.627450980392157,0.627450980392157);
#10427=COLOUR_RGB('Plastic - Translucent Matte (Blue)',0.188235294117647,
0.231372549019608,0.588235294117647);
ENDSEC;
END-ISO-10303-21;
